[{"model": "auth.permission", "pk": 1, "fields": {"name": "Can add log entry", "content_type": 1, "codename": "add_logentry"}}, {"model": "auth.permission", "pk": 2, "fields": {"name": "Can change log entry", "content_type": 1, "codename": "change_logentry"}}, {"model": "auth.permission", "pk": 3, "fields": {"name": "Can delete log entry", "content_type": 1, "codename": "delete_logentry"}}, {"model": "auth.permission", "pk": 4, "fields": {"name": "Can view log entry", "content_type": 1, "codename": "view_logentry"}}, {"model": "auth.permission", "pk": 5, "fields": {"name": "Can add permission", "content_type": 2, "codename": "add_permission"}}, {"model": "auth.permission", "pk": 6, "fields": {"name": "Can change permission", "content_type": 2, "codename": "change_permission"}}, {"model": "auth.permission", "pk": 7, "fields": {"name": "Can delete permission", "content_type": 2, "codename": "delete_permission"}}, {"model": "auth.permission", "pk": 8, "fields": {"name": "Can view permission", "content_type": 2, "codename": "view_permission"}}, {"model": "auth.permission", "pk": 9, "fields": {"name": "Can add group", "content_type": 3, "codename": "add_group"}}, {"model": "auth.permission", "pk": 10, "fields": {"name": "Can change group", "content_type": 3, "codename": "change_group"}}, {"model": "auth.permission", "pk": 11, "fields": {"name": "Can delete group", "content_type": 3, "codename": "delete_group"}}, {"model": "auth.permission", "pk": 12, "fields": {"name": "Can view group", "content_type": 3, "codename": "view_group"}}, {"model": "auth.permission", "pk": 13, "fields": {"name": "Can add content type", "content_type": 4, "codename": "add_contenttype"}}, {"model": "auth.permission", "pk": 14, "fields": {"name": "Can change content type", "content_type": 4, "codename": "change_contenttype"}}, {"model": "auth.permission", "pk": 15, "fields": {"name": "Can delete content type", "content_type": 4, "codename": "delete_contenttype"}}, {"model": "auth.permission", "pk": 16, "fields": {"name": "Can view content type", "content_type": 4, "codename": "view_contenttype"}}, {"model": "auth.permission", "pk": 17, "fields": {"name": "Can add session", "content_type": 5, "codename": "add_session"}}, {"model": "auth.permission", "pk": 18, "fields": {"name": "Can change session", "content_type": 5, "codename": "change_session"}}, {"model": "auth.permission", "pk": 19, "fields": {"name": "Can delete session", "content_type": 5, "codename": "delete_session"}}, {"model": "auth.permission", "pk": 20, "fields": {"name": "Can view session", "content_type": 5, "codename": "view_session"}}, {"model": "auth.permission", "pk": 21, "fields": {"name": "Can add voting question", "content_type": 6, "codename": "add_votingquestion"}}, {"model": "auth.permission", "pk": 22, "fields": {"name": "Can change voting question", "content_type": 6, "codename": "change_votingquestion"}}, {"model": "auth.permission", "pk": 23, "fields": {"name": "Can delete voting question", "content_type": 6, "codename": "delete_votingquestion"}}, {"model": "auth.permission", "pk": 24, "fields": {"name": "Can view voting question", "content_type": 6, "codename": "view_votingquestion"}}, {"model": "auth.permission", "pk": 25, "fields": {"name": "Can add votes", "content_type": 7, "codename": "add_votes"}}, {"model": "auth.permission", "pk": 26, "fields": {"name": "Can change votes", "content_type": 7, "codename": "change_votes"}}, {"model": "auth.permission", "pk": 27, "fields": {"name": "Can delete votes", "content_type": 7, "codename": "delete_votes"}}, {"model": "auth.permission", "pk": 28, "fields": {"name": "Can view votes", "content_type": 7, "codename": "view_votes"}}, {"model": "auth.permission", "pk": 29, "fields": {"name": "Can add Token", "content_type": 8, "codename": "add_token"}}, {"model": "auth.permission", "pk": 30, "fields": {"name": "Can change Token", "content_type": 8, "codename": "change_token"}}, {"model": "auth.permission", "pk": 31, "fields": {"name": "Can delete Token", "content_type": 8, "codename": "delete_token"}}, {"model": "auth.permission", "pk": 32, "fields": {"name": "Can view Token", "content_type": 8, "codename": "view_token"}}, {"model": "auth.permission", "pk": 33, "fields": {"name": "Can add user", "content_type": 9, "codename": "add_user"}}, {"model": "auth.permission", "pk": 34, "fields": {"name": "Can change user", "content_type": 9, "codename": "change_user"}}, {"model": "auth.permission", "pk": 35, "fields": {"name": "Can delete user", "content_type": 9, "codename": "delete_user"}}, {"model": "auth.permission", "pk": 36, "fields": {"name": "Can view user", "content_type": 9, "codename": "view_user"}}, {"model": "auth.permission", "pk": 37, "fields": {"name": "Can add department", "content_type": 10, "codename": "add_department"}}, {"model": "auth.permission", "pk": 38, "fields": {"name": "Can change department", "content_type": 10, "codename": "change_department"}}, {"model": "auth.permission", "pk": 39, "fields": {"name": "Can delete department", "content_type": 10, "codename": "delete_department"}}, {"model": "auth.permission", "pk": 40, "fields": {"name": "Can view department", "content_type": 10, "codename": "view_department"}}, {"model": "auth.permission", "pk": 41, "fields": {"name": "Can add ip address", "content_type": 11, "codename": "add_ipaddress"}}, {"model": "auth.permission", "pk": 42, "fields": {"name": "Can change ip address", "content_type": 11, "codename": "change_ipaddress"}}, {"model": "auth.permission", "pk": 43, "fields": {"name": "Can delete ip address", "content_type": 11, "codename": "delete_ipaddress"}}, {"model": "auth.permission", "pk": 44, "fields": {"name": "Can view ip address", "content_type": 11, "codename": "view_ipaddress"}}, {"model": "auth.permission", "pk": 45, "fields": {"name": "Can add organization setting", "content_type": 12, "codename": "add_organizationsetting"}}, {"model": "auth.permission", "pk": 46, "fields": {"name": "Can change organization setting", "content_type": 12, "codename": "change_organizationsetting"}}, {"model": "auth.permission", "pk": 47, "fields": {"name": "Can delete organization setting", "content_type": 12, "codename": "delete_organizationsetting"}}, {"model": "auth.permission", "pk": 48, "fields": {"name": "Can view organization setting", "content_type": 12, "codename": "view_organizationsetting"}}, {"model": "auth.permission", "pk": 49, "fields": {"name": "Can add org group", "content_type": 13, "codename": "add_orggroup"}}, {"model": "auth.permission", "pk": 50, "fields": {"name": "Can change org group", "content_type": 13, "codename": "change_orggroup"}}, {"model": "auth.permission", "pk": 51, "fields": {"name": "Can delete org group", "content_type": 13, "codename": "delete_orggroup"}}, {"model": "auth.permission", "pk": 52, "fields": {"name": "Can view org group", "content_type": 13, "codename": "view_orggroup"}}, {"model": "auth.permission", "pk": 53, "fields": {"name": "Can add two factor authentication", "content_type": 14, "codename": "add_twofactorauthentication"}}, {"model": "auth.permission", "pk": 54, "fields": {"name": "Can change two factor authentication", "content_type": 14, "codename": "change_twofactorauthentication"}}, {"model": "auth.permission", "pk": 55, "fields": {"name": "Can delete two factor authentication", "content_type": 14, "codename": "delete_twofactorauthentication"}}, {"model": "auth.permission", "pk": 56, "fields": {"name": "Can view two factor authentication", "content_type": 14, "codename": "view_twofactorauthentication"}}, {"model": "auth.permission", "pk": 57, "fields": {"name": "Can add rest token", "content_type": 15, "codename": "add_resttoken"}}, {"model": "auth.permission", "pk": 58, "fields": {"name": "Can change rest token", "content_type": 15, "codename": "change_resttoken"}}, {"model": "auth.permission", "pk": 59, "fields": {"name": "Can delete rest token", "content_type": 15, "codename": "delete_resttoken"}}, {"model": "auth.permission", "pk": 60, "fields": {"name": "Can view rest token", "content_type": 15, "codename": "view_resttoken"}}, {"model": "auth.permission", "pk": 61, "fields": {"name": "Can add login audit trail", "content_type": 16, "codename": "add_loginaudittrail"}}, {"model": "auth.permission", "pk": 62, "fields": {"name": "Can change login audit trail", "content_type": 16, "codename": "change_loginaudittrail"}}, {"model": "auth.permission", "pk": 63, "fields": {"name": "Can delete login audit trail", "content_type": 16, "codename": "delete_loginaudittrail"}}, {"model": "auth.permission", "pk": 64, "fields": {"name": "Can view login audit trail", "content_type": 16, "codename": "view_loginaudittrail"}}, {"model": "auth.permission", "pk": 65, "fields": {"name": "Can add folder", "content_type": 17, "codename": "add_folder"}}, {"model": "auth.permission", "pk": 66, "fields": {"name": "Can change folder", "content_type": 17, "codename": "change_folder"}}, {"model": "auth.permission", "pk": 67, "fields": {"name": "Can delete folder", "content_type": 17, "codename": "delete_folder"}}, {"model": "auth.permission", "pk": 68, "fields": {"name": "Can view folder", "content_type": 17, "codename": "view_folder"}}, {"model": "auth.permission", "pk": 69, "fields": {"name": "Can add folder document", "content_type": 18, "codename": "add_folderdocument"}}, {"model": "auth.permission", "pk": 70, "fields": {"name": "Can change folder document", "content_type": 18, "codename": "change_folderdocument"}}, {"model": "auth.permission", "pk": 71, "fields": {"name": "Can delete folder document", "content_type": 18, "codename": "delete_folderdocument"}}, {"model": "auth.permission", "pk": 72, "fields": {"name": "Can view folder document", "content_type": 18, "codename": "view_folderdocument"}}, {"model": "auth.permission", "pk": 73, "fields": {"name": "Can add Password Reset Token", "content_type": 19, "codename": "add_resetpasswordtoken"}}, {"model": "auth.permission", "pk": 74, "fields": {"name": "Can change Password Reset Token", "content_type": 19, "codename": "change_resetpasswordtoken"}}, {"model": "auth.permission", "pk": 75, "fields": {"name": "Can delete Password Reset Token", "content_type": 19, "codename": "delete_resetpasswordtoken"}}, {"model": "auth.permission", "pk": 76, "fields": {"name": "Can view Password Reset Token", "content_type": 19, "codename": "view_resetpasswordtoken"}}, {"model": "auth.permission", "pk": 77, "fields": {"name": "Can add license body", "content_type": 20, "codename": "add_licensebody"}}, {"model": "auth.permission", "pk": 78, "fields": {"name": "Can change license body", "content_type": 20, "codename": "change_licensebody"}}, {"model": "auth.permission", "pk": 79, "fields": {"name": "Can delete license body", "content_type": 20, "codename": "delete_licensebody"}}, {"model": "auth.permission", "pk": 80, "fields": {"name": "Can view license body", "content_type": 20, "codename": "view_licensebody"}}, {"model": "auth.permission", "pk": 81, "fields": {"name": "Can add license current users", "content_type": 21, "codename": "add_licensecurrentusers"}}, {"model": "auth.permission", "pk": 82, "fields": {"name": "Can change license current users", "content_type": 21, "codename": "change_licensecurrentusers"}}, {"model": "auth.permission", "pk": 83, "fields": {"name": "Can delete license current users", "content_type": 21, "codename": "delete_licensecurrentusers"}}, {"model": "auth.permission", "pk": 84, "fields": {"name": "Can view license current users", "content_type": 21, "codename": "view_licensecurrentusers"}}, {"model": "auth.permission", "pk": 85, "fields": {"name": "Can add zoom meetings", "content_type": 22, "codename": "add_zoommeetings"}}, {"model": "auth.permission", "pk": 86, "fields": {"name": "Can change zoom meetings", "content_type": 22, "codename": "change_zoommeetings"}}, {"model": "auth.permission", "pk": 87, "fields": {"name": "Can delete zoom meetings", "content_type": 22, "codename": "delete_zoommeetings"}}, {"model": "auth.permission", "pk": 88, "fields": {"name": "Can view zoom meetings", "content_type": 22, "codename": "view_zoommeetings"}}, {"model": "auth.permission", "pk": 89, "fields": {"name": "Can add tasks", "content_type": 23, "codename": "add_tasks"}}, {"model": "auth.permission", "pk": 90, "fields": {"name": "Can change tasks", "content_type": 23, "codename": "change_tasks"}}, {"model": "auth.permission", "pk": 91, "fields": {"name": "Can delete tasks", "content_type": 23, "codename": "delete_tasks"}}, {"model": "auth.permission", "pk": 92, "fields": {"name": "Can view tasks", "content_type": 23, "codename": "view_tasks"}}, {"model": "auth.permission", "pk": 93, "fields": {"name": "Can add comments", "content_type": 24, "codename": "add_comments"}}, {"model": "auth.permission", "pk": 94, "fields": {"name": "Can change comments", "content_type": 24, "codename": "change_comments"}}, {"model": "auth.permission", "pk": 95, "fields": {"name": "Can delete comments", "content_type": 24, "codename": "delete_comments"}}, {"model": "auth.permission", "pk": 96, "fields": {"name": "Can view comments", "content_type": 24, "codename": "view_comments"}}, {"model": "auth.permission", "pk": 97, "fields": {"name": "Can add signature", "content_type": 25, "codename": "add_signature"}}, {"model": "auth.permission", "pk": 98, "fields": {"name": "Can change signature", "content_type": 25, "codename": "change_signature"}}, {"model": "auth.permission", "pk": 99, "fields": {"name": "Can delete signature", "content_type": 25, "codename": "delete_signature"}}, {"model": "auth.permission", "pk": 100, "fields": {"name": "Can view signature", "content_type": 25, "codename": "view_signature"}}, {"model": "auth.permission", "pk": 101, "fields": {"name": "Can add documents to be signed", "content_type": 26, "codename": "add_documentstobesigned"}}, {"model": "auth.permission", "pk": 102, "fields": {"name": "Can change documents to be signed", "content_type": 26, "codename": "change_documentstobesigned"}}, {"model": "auth.permission", "pk": 103, "fields": {"name": "Can delete documents to be signed", "content_type": 26, "codename": "delete_documentstobesigned"}}, {"model": "auth.permission", "pk": 104, "fields": {"name": "Can view documents to be signed", "content_type": 26, "codename": "view_documentstobesigned"}}, {"model": "auth.permission", "pk": 105, "fields": {"name": "Can add document signature annotation", "content_type": 27, "codename": "add_documentsignatureannotation"}}, {"model": "auth.permission", "pk": 106, "fields": {"name": "Can change document signature annotation", "content_type": 27, "codename": "change_documentsignatureannotation"}}, {"model": "auth.permission", "pk": 107, "fields": {"name": "Can delete document signature annotation", "content_type": 27, "codename": "delete_documentsignatureannotation"}}, {"model": "auth.permission", "pk": 108, "fields": {"name": "Can view document signature annotation", "content_type": 27, "codename": "view_documentsignatureannotation"}}, {"model": "auth.permission", "pk": 109, "fields": {"name": "Can add survey", "content_type": 28, "codename": "add_survey"}}, {"model": "auth.permission", "pk": 110, "fields": {"name": "Can change survey", "content_type": 28, "codename": "change_survey"}}, {"model": "auth.permission", "pk": 111, "fields": {"name": "Can delete survey", "content_type": 28, "codename": "delete_survey"}}, {"model": "auth.permission", "pk": 112, "fields": {"name": "Can view survey", "content_type": 28, "codename": "view_survey"}}, {"model": "auth.permission", "pk": 113, "fields": {"name": "Can add survey questions", "content_type": 29, "codename": "add_surveyquestions"}}, {"model": "auth.permission", "pk": 114, "fields": {"name": "Can change survey questions", "content_type": 29, "codename": "change_surveyquestions"}}, {"model": "auth.permission", "pk": 115, "fields": {"name": "Can delete survey questions", "content_type": 29, "codename": "delete_surveyquestions"}}, {"model": "auth.permission", "pk": 116, "fields": {"name": "Can view survey questions", "content_type": 29, "codename": "view_surveyquestions"}}, {"model": "auth.permission", "pk": 117, "fields": {"name": "Can add survey responses", "content_type": 30, "codename": "add_surveyresponses"}}, {"model": "auth.permission", "pk": 118, "fields": {"name": "Can change survey responses", "content_type": 30, "codename": "change_surveyresponses"}}, {"model": "auth.permission", "pk": 119, "fields": {"name": "Can delete survey responses", "content_type": 30, "codename": "delete_surveyresponses"}}, {"model": "auth.permission", "pk": 120, "fields": {"name": "Can view survey responses", "content_type": 30, "codename": "view_surveyresponses"}}, {"model": "auth.permission", "pk": 121, "fields": {"name": "Can add survey repondents", "content_type": 31, "codename": "add_surveyrepondents"}}, {"model": "auth.permission", "pk": 122, "fields": {"name": "Can change survey repondents", "content_type": 31, "codename": "change_surveyrepondents"}}, {"model": "auth.permission", "pk": 123, "fields": {"name": "Can delete survey repondents", "content_type": 31, "codename": "delete_surveyrepondents"}}, {"model": "auth.permission", "pk": 124, "fields": {"name": "Can view survey repondents", "content_type": 31, "codename": "view_surveyrepondents"}}, {"model": "auth.permission", "pk": 125, "fields": {"name": "Can add contact", "content_type": 32, "codename": "add_contact"}}, {"model": "auth.permission", "pk": 126, "fields": {"name": "Can change contact", "content_type": 32, "codename": "change_contact"}}, {"model": "auth.permission", "pk": 127, "fields": {"name": "Can delete contact", "content_type": 32, "codename": "delete_contact"}}, {"model": "auth.permission", "pk": 128, "fields": {"name": "Can view contact", "content_type": 32, "codename": "view_contact"}}, {"model": "auth.permission", "pk": 129, "fields": {"name": "Can add message", "content_type": 33, "codename": "add_message"}}, {"model": "auth.permission", "pk": 130, "fields": {"name": "Can change message", "content_type": 33, "codename": "change_message"}}, {"model": "auth.permission", "pk": 131, "fields": {"name": "Can delete message", "content_type": 33, "codename": "delete_message"}}, {"model": "auth.permission", "pk": 132, "fields": {"name": "Can view message", "content_type": 33, "codename": "view_message"}}, {"model": "auth.permission", "pk": 133, "fields": {"name": "Can add chat", "content_type": 34, "codename": "add_chat"}}, {"model": "auth.permission", "pk": 134, "fields": {"name": "Can change chat", "content_type": 34, "codename": "change_chat"}}, {"model": "auth.permission", "pk": 135, "fields": {"name": "Can delete chat", "content_type": 34, "codename": "delete_chat"}}, {"model": "auth.permission", "pk": 136, "fields": {"name": "Can view chat", "content_type": 34, "codename": "view_chat"}}, {"model": "auth.permission", "pk": 137, "fields": {"name": "Can add compliance detail", "content_type": 35, "codename": "add_compliancedetail"}}, {"model": "auth.permission", "pk": 138, "fields": {"name": "Can change compliance detail", "content_type": 35, "codename": "change_compliancedetail"}}, {"model": "auth.permission", "pk": 139, "fields": {"name": "Can delete compliance detail", "content_type": 35, "codename": "delete_compliancedetail"}}, {"model": "auth.permission", "pk": 140, "fields": {"name": "Can view compliance detail", "content_type": 35, "codename": "view_compliancedetail"}}, {"model": "auth.permission", "pk": 141, "fields": {"name": "Can add checklist detail", "content_type": 36, "codename": "add_checklistdetail"}}, {"model": "auth.permission", "pk": 142, "fields": {"name": "Can change checklist detail", "content_type": 36, "codename": "change_checklistdetail"}}, {"model": "auth.permission", "pk": 143, "fields": {"name": "Can delete checklist detail", "content_type": 36, "codename": "delete_checklistdetail"}}, {"model": "auth.permission", "pk": 144, "fields": {"name": "Can view checklist detail", "content_type": 36, "codename": "view_checklistdetail"}}, {"model": "auth.permission", "pk": 145, "fields": {"name": "Can add agenda action", "content_type": 37, "codename": "add_agendaaction"}}, {"model": "auth.permission", "pk": 146, "fields": {"name": "Can change agenda action", "content_type": 37, "codename": "change_agendaaction"}}, {"model": "auth.permission", "pk": 147, "fields": {"name": "Can delete agenda action", "content_type": 37, "codename": "delete_agendaaction"}}, {"model": "auth.permission", "pk": 148, "fields": {"name": "Can view agenda action", "content_type": 37, "codename": "view_agendaaction"}}, {"model": "auth.permission", "pk": 149, "fields": {"name": "Can add meeting", "content_type": 38, "codename": "add_meeting"}}, {"model": "auth.permission", "pk": 150, "fields": {"name": "Can change meeting", "content_type": 38, "codename": "change_meeting"}}, {"model": "auth.permission", "pk": 151, "fields": {"name": "Can delete meeting", "content_type": 38, "codename": "delete_meeting"}}, {"model": "auth.permission", "pk": 152, "fields": {"name": "Can view meeting", "content_type": 38, "codename": "view_meeting"}}, {"model": "auth.permission", "pk": 153, "fields": {"name": "Can add rsvp", "content_type": 39, "codename": "add_rsvp"}}, {"model": "auth.permission", "pk": 154, "fields": {"name": "Can change rsvp", "content_type": 39, "codename": "change_rsvp"}}, {"model": "auth.permission", "pk": 155, "fields": {"name": "Can delete rsvp", "content_type": 39, "codename": "delete_rsvp"}}, {"model": "auth.permission", "pk": 156, "fields": {"name": "Can view rsvp", "content_type": 39, "codename": "view_rsvp"}}, {"model": "auth.permission", "pk": 157, "fields": {"name": "Can add minutes agenda", "content_type": 40, "codename": "add_minutesagenda"}}, {"model": "auth.permission", "pk": 158, "fields": {"name": "Can change minutes agenda", "content_type": 40, "codename": "change_minutesagenda"}}, {"model": "auth.permission", "pk": 159, "fields": {"name": "Can delete minutes agenda", "content_type": 40, "codename": "delete_minutesagenda"}}, {"model": "auth.permission", "pk": 160, "fields": {"name": "Can view minutes agenda", "content_type": 40, "codename": "view_minutesagenda"}}, {"model": "auth.permission", "pk": 161, "fields": {"name": "Can add minutes", "content_type": 41, "codename": "add_minutes"}}, {"model": "auth.permission", "pk": 162, "fields": {"name": "Can change minutes", "content_type": 41, "codename": "change_minutes"}}, {"model": "auth.permission", "pk": 163, "fields": {"name": "Can delete minutes", "content_type": 41, "codename": "delete_minutes"}}, {"model": "auth.permission", "pk": 164, "fields": {"name": "Can view minutes", "content_type": 41, "codename": "view_minutes"}}, {"model": "auth.permission", "pk": 165, "fields": {"name": "Can add annotation", "content_type": 42, "codename": "add_annotation"}}, {"model": "auth.permission", "pk": 166, "fields": {"name": "Can change annotation", "content_type": 42, "codename": "change_annotation"}}, {"model": "auth.permission", "pk": 167, "fields": {"name": "Can delete annotation", "content_type": 42, "codename": "delete_annotation"}}, {"model": "auth.permission", "pk": 168, "fields": {"name": "Can view annotation", "content_type": 42, "codename": "view_annotation"}}, {"model": "auth.permission", "pk": 169, "fields": {"name": "Can add agenda item", "content_type": 43, "codename": "add_agendaitem"}}, {"model": "auth.permission", "pk": 170, "fields": {"name": "Can change agenda item", "content_type": 43, "codename": "change_agendaitem"}}, {"model": "auth.permission", "pk": 171, "fields": {"name": "Can delete agenda item", "content_type": 43, "codename": "delete_agendaitem"}}, {"model": "auth.permission", "pk": 172, "fields": {"name": "Can view agenda item", "content_type": 43, "codename": "view_agendaitem"}}, {"model": "auth.permission", "pk": 173, "fields": {"name": "Can add contract detail", "content_type": 44, "codename": "add_contractdetail"}}, {"model": "auth.permission", "pk": 174, "fields": {"name": "Can change contract detail", "content_type": 44, "codename": "change_contractdetail"}}, {"model": "auth.permission", "pk": 175, "fields": {"name": "Can delete contract detail", "content_type": 44, "codename": "delete_contractdetail"}}, {"model": "auth.permission", "pk": 176, "fields": {"name": "Can view contract detail", "content_type": 44, "codename": "view_contractdetail"}}, {"model": "auth.permission", "pk": 177, "fields": {"name": "Can add contract stage", "content_type": 45, "codename": "add_contractstage"}}, {"model": "auth.permission", "pk": 178, "fields": {"name": "Can change contract stage", "content_type": 45, "codename": "change_contractstage"}}, {"model": "auth.permission", "pk": 179, "fields": {"name": "Can delete contract stage", "content_type": 45, "codename": "delete_contractstage"}}, {"model": "auth.permission", "pk": 180, "fields": {"name": "Can view contract stage", "content_type": 45, "codename": "view_contractstage"}}, {"model": "auth.permission", "pk": 181, "fields": {"name": "Can add contract signature", "content_type": 46, "codename": "add_contractsignature"}}, {"model": "auth.permission", "pk": 182, "fields": {"name": "Can change contract signature", "content_type": 46, "codename": "change_contractsignature"}}, {"model": "auth.permission", "pk": 183, "fields": {"name": "Can delete contract signature", "content_type": 46, "codename": "delete_contractsignature"}}, {"model": "auth.permission", "pk": 184, "fields": {"name": "Can view contract signature", "content_type": 46, "codename": "view_contractsignature"}}, {"model": "auth.permission", "pk": 185, "fields": {"name": "Can add contract feed back", "content_type": 47, "codename": "add_contractfeedback"}}, {"model": "auth.permission", "pk": 186, "fields": {"name": "Can change contract feed back", "content_type": 47, "codename": "change_contractfeedback"}}, {"model": "auth.permission", "pk": 187, "fields": {"name": "Can delete contract feed back", "content_type": 47, "codename": "delete_contractfeedback"}}, {"model": "auth.permission", "pk": 188, "fields": {"name": "Can view contract feed back", "content_type": 47, "codename": "view_contractfeedback"}}, {"model": "auth.permission", "pk": 189, "fields": {"name": "Can add fcm token", "content_type": 48, "codename": "add_fcmtoken"}}, {"model": "auth.permission", "pk": 190, "fields": {"name": "Can change fcm token", "content_type": 48, "codename": "change_fcmtoken"}}, {"model": "auth.permission", "pk": 191, "fields": {"name": "Can delete fcm token", "content_type": 48, "codename": "delete_fcmtoken"}}, {"model": "auth.permission", "pk": 192, "fields": {"name": "Can view fcm token", "content_type": 48, "codename": "view_fcmtoken"}}, {"model": "auth.permission", "pk": 193, "fields": {"name": "Can add boardleaders", "content_type": 49, "codename": "add_boardleaders"}}, {"model": "auth.permission", "pk": 194, "fields": {"name": "Can change boardleaders", "content_type": 49, "codename": "change_boardleaders"}}, {"model": "auth.permission", "pk": 195, "fields": {"name": "Can delete boardleaders", "content_type": 49, "codename": "delete_boardleaders"}}, {"model": "auth.permission", "pk": 196, "fields": {"name": "Can view boardleaders", "content_type": 49, "codename": "view_boardleaders"}}, {"model": "auth.permission", "pk": 197, "fields": {"name": "Can add license", "content_type": 50, "codename": "add_license"}}, {"model": "auth.permission", "pk": 198, "fields": {"name": "Can change license", "content_type": 50, "codename": "change_license"}}, {"model": "auth.permission", "pk": 199, "fields": {"name": "Can delete license", "content_type": 50, "codename": "delete_license"}}, {"model": "auth.permission", "pk": 200, "fields": {"name": "Can view license", "content_type": 50, "codename": "view_license"}}, {"model": "auth.permission", "pk": 201, "fields": {"name": "Can add missionstatement", "content_type": 51, "codename": "add_missionstatement"}}, {"model": "auth.permission", "pk": 202, "fields": {"name": "Can change missionstatement", "content_type": 51, "codename": "change_missionstatement"}}, {"model": "auth.permission", "pk": 203, "fields": {"name": "Can delete missionstatement", "content_type": 51, "codename": "delete_missionstatement"}}, {"model": "auth.permission", "pk": 204, "fields": {"name": "Can view missionstatement", "content_type": 51, "codename": "view_missionstatement"}}, {"model": "auth.permission", "pk": 205, "fields": {"name": "Can add orgdescription", "content_type": 52, "codename": "add_orgdescription"}}, {"model": "auth.permission", "pk": 206, "fields": {"name": "Can change orgdescription", "content_type": 52, "codename": "change_orgdescription"}}, {"model": "auth.permission", "pk": 207, "fields": {"name": "Can delete orgdescription", "content_type": 52, "codename": "delete_orgdescription"}}, {"model": "auth.permission", "pk": 208, "fields": {"name": "Can view orgdescription", "content_type": 52, "codename": "view_orgdescription"}}, {"model": "auth.permission", "pk": 209, "fields": {"name": "Can add orgname", "content_type": 53, "codename": "add_orgname"}}, {"model": "auth.permission", "pk": 210, "fields": {"name": "Can change orgname", "content_type": 53, "codename": "change_orgname"}}, {"model": "auth.permission", "pk": 211, "fields": {"name": "Can delete orgname", "content_type": 53, "codename": "delete_orgname"}}, {"model": "auth.permission", "pk": 212, "fields": {"name": "Can view orgname", "content_type": 53, "codename": "view_orgname"}}, {"model": "auth.permission", "pk": 213, "fields": {"name": "Can add sociallinks", "content_type": 54, "codename": "add_sociallinks"}}, {"model": "auth.permission", "pk": 214, "fields": {"name": "Can change sociallinks", "content_type": 54, "codename": "change_sociallinks"}}, {"model": "auth.permission", "pk": 215, "fields": {"name": "Can delete sociallinks", "content_type": 54, "codename": "delete_sociallinks"}}, {"model": "auth.permission", "pk": 216, "fields": {"name": "Can view sociallinks", "content_type": 54, "codename": "view_sociallinks"}}, {"model": "auth.permission", "pk": 217, "fields": {"name": "Can add vissionstatement", "content_type": 55, "codename": "add_vissionstatement"}}, {"model": "auth.permission", "pk": 218, "fields": {"name": "Can change vissionstatement", "content_type": 55, "codename": "change_vissionstatement"}}, {"model": "auth.permission", "pk": 219, "fields": {"name": "Can delete vissionstatement", "content_type": 55, "codename": "delete_vissionstatement"}}, {"model": "auth.permission", "pk": 220, "fields": {"name": "Can view vissionstatement", "content_type": 55, "codename": "view_vissionstatement"}}, {"model": "contenttypes.contenttype", "pk": 1, "fields": {"app_label": "admin", "model": "logentry"}}, {"model": "contenttypes.contenttype", "pk": 2, "fields": {"app_label": "auth", "model": "permission"}}, {"model": "contenttypes.contenttype", "pk": 3, "fields": {"app_label": "auth", "model": "group"}}, {"model": "contenttypes.contenttype", "pk": 4, "fields": {"app_label": "contenttypes", "model": "contenttype"}}, {"model": "contenttypes.contenttype", "pk": 5, "fields": {"app_label": "sessions", "model": "session"}}, {"model": "contenttypes.contenttype", "pk": 6, "fields": {"app_label": "voting", "model": "votingquestion"}}, {"model": "contenttypes.contenttype", "pk": 7, "fields": {"app_label": "voting", "model": "votes"}}, {"model": "contenttypes.contenttype", "pk": 8, "fields": {"app_label": "authtoken", "model": "token"}}, {"model": "contenttypes.contenttype", "pk": 9, "fields": {"app_label": "accounts", "model": "user"}}, {"model": "contenttypes.contenttype", "pk": 10, "fields": {"app_label": "accounts", "model": "department"}}, {"model": "contenttypes.contenttype", "pk": 11, "fields": {"app_label": "accounts", "model": "ipaddress"}}, {"model": "contenttypes.contenttype", "pk": 12, "fields": {"app_label": "accounts", "model": "organizationsetting"}}, {"model": "contenttypes.contenttype", "pk": 13, "fields": {"app_label": "accounts", "model": "orggroup"}}, {"model": "contenttypes.contenttype", "pk": 14, "fields": {"app_label": "accounts", "model": "twofactorauthentication"}}, {"model": "contenttypes.contenttype", "pk": 15, "fields": {"app_label": "accounts", "model": "resttoken"}}, {"model": "contenttypes.contenttype", "pk": 16, "fields": {"app_label": "accounts", "model": "loginaudittrail"}}, {"model": "contenttypes.contenttype", "pk": 17, "fields": {"app_label": "file_manager", "model": "folder"}}, {"model": "contenttypes.contenttype", "pk": 18, "fields": {"app_label": "file_manager", "model": "folderdocument"}}, {"model": "contenttypes.contenttype", "pk": 19, "fields": {"app_label": "django_rest_passwordreset", "model": "resetpasswordtoken"}}, {"model": "contenttypes.contenttype", "pk": 20, "fields": {"app_label": "licenses", "model": "licensebody"}}, {"model": "contenttypes.contenttype", "pk": 21, "fields": {"app_label": "licenses", "model": "licensecurrentusers"}}, {"model": "contenttypes.contenttype", "pk": 22, "fields": {"app_label": "zoom_integration", "model": "zoommeetings"}}, {"model": "contenttypes.contenttype", "pk": 23, "fields": {"app_label": "tasks", "model": "tasks"}}, {"model": "contenttypes.contenttype", "pk": 24, "fields": {"app_label": "tasks", "model": "comments"}}, {"model": "contenttypes.contenttype", "pk": 25, "fields": {"app_label": "signatures", "model": "signature"}}, {"model": "contenttypes.contenttype", "pk": 26, "fields": {"app_label": "signatures", "model": "documentstobesigned"}}, {"model": "contenttypes.contenttype", "pk": 27, "fields": {"app_label": "signatures", "model": "documentsignatureannotation"}}, {"model": "contenttypes.contenttype", "pk": 28, "fields": {"app_label": "surveys", "model": "survey"}}, {"model": "contenttypes.contenttype", "pk": 29, "fields": {"app_label": "surveys", "model": "surveyquestions"}}, {"model": "contenttypes.contenttype", "pk": 30, "fields": {"app_label": "surveys", "model": "surveyresponses"}}, {"model": "contenttypes.contenttype", "pk": 31, "fields": {"app_label": "surveys", "model": "surveyrepondents"}}, {"model": "contenttypes.contenttype", "pk": 32, "fields": {"app_label": "chat", "model": "contact"}}, {"model": "contenttypes.contenttype", "pk": 33, "fields": {"app_label": "chat", "model": "message"}}, {"model": "contenttypes.contenttype", "pk": 34, "fields": {"app_label": "chat", "model": "chat"}}, {"model": "contenttypes.contenttype", "pk": 35, "fields": {"app_label": "compliance_management", "model": "compliancedetail"}}, {"model": "contenttypes.contenttype", "pk": 36, "fields": {"app_label": "compliance_management", "model": "checklistdetail"}}, {"model": "contenttypes.contenttype", "pk": 37, "fields": {"app_label": "meeting_management", "model": "agendaaction"}}, {"model": "contenttypes.contenttype", "pk": 38, "fields": {"app_label": "meeting_management", "model": "meeting"}}, {"model": "contenttypes.contenttype", "pk": 39, "fields": {"app_label": "meeting_management", "model": "rsvp"}}, {"model": "contenttypes.contenttype", "pk": 40, "fields": {"app_label": "meeting_management", "model": "minutesagenda"}}, {"model": "contenttypes.contenttype", "pk": 41, "fields": {"app_label": "meeting_management", "model": "minutes"}}, {"model": "contenttypes.contenttype", "pk": 42, "fields": {"app_label": "meeting_management", "model": "annotation"}}, {"model": "contenttypes.contenttype", "pk": 43, "fields": {"app_label": "meeting_management", "model": "agendaitem"}}, {"model": "contenttypes.contenttype", "pk": 44, "fields": {"app_label": "contract_manager", "model": "contractdetail"}}, {"model": "contenttypes.contenttype", "pk": 45, "fields": {"app_label": "contract_manager", "model": "contractstage"}}, {"model": "contenttypes.contenttype", "pk": 46, "fields": {"app_label": "contract_manager", "model": "contractsignature"}}, {"model": "contenttypes.contenttype", "pk": 47, "fields": {"app_label": "contract_manager", "model": "contractfeedback"}}, {"model": "contenttypes.contenttype", "pk": 48, "fields": {"app_label": "notification", "model": "fcmtoken"}}, {"model": "contenttypes.contenttype", "pk": 49, "fields": {"app_label": "system_settings", "model": "boardleaders"}}, {"model": "contenttypes.contenttype", "pk": 50, "fields": {"app_label": "system_settings", "model": "license"}}, {"model": "contenttypes.contenttype", "pk": 51, "fields": {"app_label": "system_settings", "model": "missionstatement"}}, {"model": "contenttypes.contenttype", "pk": 52, "fields": {"app_label": "system_settings", "model": "orgdescription"}}, {"model": "contenttypes.contenttype", "pk": 53, "fields": {"app_label": "system_settings", "model": "orgname"}}, {"model": "contenttypes.contenttype", "pk": 54, "fields": {"app_label": "system_settings", "model": "sociallinks"}}, {"model": "contenttypes.contenttype", "pk": 55, "fields": {"app_label": "system_settings", "model": "vissionstatement"}}, {"model": "sessions.session", "pk": "r1j0bnfy9mmzr8ikmp2a9fzmtklb2d6z", "fields": {"session_data": ".eJxVjEEOwiAQRe_C2hAGEItL956hGWYGqRpISrsy3l2bdKHb_977LzXiupRx7TKPE6uzAnX43RLSQ-oG-I711jS1usxT0puid9r1tbE8L7v7d1Cwl2_tTpD9YClmZy1YcjgwMAO4wCAmSvR0hJghcXCGs6AweQQOJpOIVe8P2O04fQ:1nbdDk:ms1MZDQPeCeGSEN2MAFXeUBKA0SsxDPXvDmXXU4HHsk", "expire_date": "2022-04-19T07:03:20.696Z"}}, {"model": "authtoken.token", "pk": "5adc5a95334b3069c995d9f282199f7ec7435400", "fields": {"user": 3, "created": "2022-09-19T08:17:08.724Z"}}, {"model": "authtoken.token", "pk": "69957b9be8312d55966cab6e90a24fe291228285", "fields": {"user": 24, "created": "2022-09-12T09:02:43.417Z"}}, {"model": "authtoken.token", "pk": "e1c64a56e27eae28782000b4bf8efd95dfb26913", "fields": {"user": 2, "created": "2022-05-05T08:17:05.646Z"}}, {"model": "accounts.orggroup", "pk": 1, "fields": {"group_name": "CosekeBoad", "group_description": "Decription(optional)Decription(optional)Decription(optional)Decription(optional)v"}}, {"model": "accounts.user", "pk": 2, "fields": {"password": "pbkdf2_sha256$260000$3JTwwmN1wxCRp8lLuFbJkJ$3jtg77ETbnao7yF6hJDmBuXhrwxjqKX4vB431FxRFBc=", "last_login": null, "is_superuser": true, "first_name": "John", "last_name": "Doe", "is_staff": true, "is_active": true, "date_joined": "2022-04-05T12:02:13.832Z", "email": "johdoe@gmail.com", "username": "valens10", "phone_no": "+250781920501", "org_reference_key": "PVT-001", "twofa_status": false, "org_permission": "Member", "groups": [], "user_permissions": [], "org_groups": [1]}}, {"model": "accounts.user", "pk": 3, "fields": {"password": "pbkdf2_sha256$260000$tt1zyRK9bBrbZiS81xclTW$Juw/LTo9BPBDNtDVgmToC3JR8Q+2QTlbGHIG77+LY24=", "last_login": null, "is_superuser": true, "first_name": "Coseke", "last_name": "Admin", "is_staff": true, "is_active": true, "date_joined": "2022-05-20T06:57:42.564Z", "email": "admin@cosekeeboard.com", "username": "CosekeAdmin", "phone_no": "0791075286", "org_reference_key": "PVT-001", "twofa_status": false, "org_permission": "Admin", "groups": [], "user_permissions": [], "org_groups": [1]}}, {"model": "accounts.user", "pk": 9, "fields": {"password": "pbkdf2_sha256$260000$pbEPjo5VPC6qEeMSdDwXeC$CTVZqCUiHkMUET/r8liQjfJDH2ZrSsMkd15ds3Btc2c=", "last_login": null, "is_superuser": false, "first_name": "Roy", "last_name": "Macharia", "is_staff": false, "is_active": true, "date_joined": "2022-05-26T07:07:10.310Z", "email": "r.macharia254@gmail.com", "username": "Roy Macharia", "phone_no": "", "org_reference_key": "PVT-001", "twofa_status": false, "org_permission": null, "groups": [], "user_permissions": [], "org_groups": [1]}}, {"model": "accounts.user", "pk": 24, "fields": {"password": "pbkdf2_sha256$260000$cMTWUWaLgtDK4gi18louhA$WHKP+3yWXRg5IFLBj8QYvH+xUlJybXjeoec/jUqaNg0=", "last_login": null, "is_superuser": false, "first_name": "Mburu", "last_name": "Kungu", "is_staff": false, "is_active": true, "date_joined": "2022-05-30T08:09:08.216Z", "email": "mburukungu@gmail.com", "username": "Mburu Kungu", "phone_no": "", "org_reference_key": "PVT-001", "twofa_status": false, "org_permission": null, "groups": [], "user_permissions": [], "org_groups": [1]}}, {"model": "accounts.user", "pk": 27, "fields": {"password": "pbkdf2_sha256$260000$4ft9stf5NZGvxxgFZTt0GQ$IXtfNOSfBILygtJazdE87Qjx6MuqdYTm0Acj5Qj9I08=", "last_login": null, "is_superuser": false, "first_name": "Alexander", "last_name": "Kungu", "is_staff": false, "is_active": true, "date_joined": "2022-09-19T08:13:04.553Z", "email": "alexandermkdev@gmail.com", "username": "Alexander Kungu", "phone_no": "", "org_reference_key": "PVT-001", "twofa_status": false, "org_permission": null, "groups": [], "user_permissions": [], "org_groups": [1]}}, {"model": "accounts.loginaudittrail", "pk": 17, "fields": {"user": 2, "ip_address": "127.0.0.1", "login_time": "2022-04-05T13:27:58.664Z"}}, {"model": "accounts.loginaudittrail", "pk": 18, "fields": {"user": 2, "ip_address": "127.0.0.1", "login_time": "2022-04-05T13:27:59.143Z"}}, {"model": "accounts.loginaudittrail", "pk": 19, "fields": {"user": 2, "ip_address": "127.0.0.1", "login_time": "2022-04-05T14:04:19.215Z"}}, {"model": "accounts.loginaudittrail", "pk": 20, "fields": {"user": 2, "ip_address": "127.0.0.1", "login_time": "2022-04-05T14:04:19.723Z"}}, {"model": "accounts.loginaudittrail", "pk": 21, "fields": {"user": 2, "ip_address": "127.0.0.1", "login_time": "2022-04-05T18:43:48.500Z"}}, {"model": "accounts.loginaudittrail", "pk": 22, "fields": {"user": 2, "ip_address": "127.0.0.1", "login_time": "2022-04-05T18:43:49.783Z"}}, {"model": "accounts.loginaudittrail", "pk": 43, "fields": {"user": 2, "ip_address": "127.0.0.1", "login_time": "2022-05-05T08:17:05.326Z"}}, {"model": "accounts.loginaudittrail", "pk": 44, "fields": {"user": 2, "ip_address": "127.0.0.1", "login_time": "2022-05-05T08:17:05.768Z"}}, {"model": "accounts.loginaudittrail", "pk": 45, "fields": {"user": 3, "ip_address": "127.0.0.1", "login_time": "2022-05-20T07:00:06.759Z"}}, {"model": "accounts.loginaudittrail", "pk": 46, "fields": {"user": 3, "ip_address": "127.0.0.1", "login_time": "2022-05-20T07:00:13.531Z"}}, {"model": "accounts.loginaudittrail", "pk": 47, "fields": {"user": 3, "ip_address": "127.0.0.1", "login_time": "2022-05-20T07:11:40.997Z"}}, {"model": "accounts.loginaudittrail", "pk": 48, "fields": {"user": 3, "ip_address": "127.0.0.1", "login_time": "2022-05-20T07:11:46.560Z"}}, {"model": "accounts.loginaudittrail", "pk": 49, "fields": {"user": 3, "ip_address": "127.0.0.1", "login_time": "2022-05-20T07:16:21.306Z"}}, {"model": "accounts.loginaudittrail", "pk": 50, "fields": {"user": 3, "ip_address": "127.0.0.1", "login_time": "2022-05-20T07:16:25.227Z"}}, {"model": "accounts.loginaudittrail", "pk": 51, "fields": {"user": 3, "ip_address": "127.0.0.1", "login_time": "2022-05-25T09:09:46.526Z"}}, {"model": "accounts.loginaudittrail", "pk": 52, "fields": {"user": 3, "ip_address": "127.0.0.1", "login_time": "2022-05-25T09:09:56.984Z"}}, {"model": "accounts.loginaudittrail", "pk": 53, "fields": {"user": 3, "ip_address": "127.0.0.1", "login_time": "2022-05-25T09:10:06.992Z"}}, {"model": "accounts.loginaudittrail", "pk": 54, "fields": {"user": 3, "ip_address": "127.0.0.1", "login_time": "2022-05-25T09:10:10.112Z"}}, {"model": "accounts.loginaudittrail", "pk": 55, "fields": {"user": 3, "ip_address": "127.0.0.1", "login_time": "2022-05-26T11:26:53.936Z"}}, {"model": "accounts.loginaudittrail", "pk": 56, "fields": {"user": 3, "ip_address": "127.0.0.1", "login_time": "2022-05-26T11:26:59.620Z"}}, {"model": "accounts.loginaudittrail", "pk": 57, "fields": {"user": 3, "ip_address": "127.0.0.1", "login_time": "2022-05-27T05:20:22.931Z"}}, {"model": "accounts.loginaudittrail", "pk": 58, "fields": {"user": 3, "ip_address": "127.0.0.1", "login_time": "2022-05-27T05:20:25.903Z"}}, {"model": "accounts.loginaudittrail", "pk": 59, "fields": {"user": 3, "ip_address": "127.0.0.1", "login_time": "2022-05-30T07:06:34.902Z"}}, {"model": "accounts.loginaudittrail", "pk": 60, "fields": {"user": 3, "ip_address": "127.0.0.1", "login_time": "2022-05-30T07:06:41.225Z"}}, {"model": "accounts.loginaudittrail", "pk": 61, "fields": {"user": 3, "ip_address": "127.0.0.1", "login_time": "2022-05-30T12:31:00.862Z"}}, {"model": "accounts.loginaudittrail", "pk": 62, "fields": {"user": 3, "ip_address": "127.0.0.1", "login_time": "2022-05-30T12:31:03.685Z"}}, {"model": "accounts.loginaudittrail", "pk": 63, "fields": {"user": 3, "ip_address": "127.0.0.1", "login_time": "2022-05-30T13:07:46.819Z"}}, {"model": "accounts.loginaudittrail", "pk": 64, "fields": {"user": 3, "ip_address": "127.0.0.1", "login_time": "2022-05-30T13:07:49.669Z"}}, {"model": "accounts.loginaudittrail", "pk": 65, "fields": {"user": 3, "ip_address": "127.0.0.1", "login_time": "2022-06-02T06:42:41.634Z"}}, {"model": "accounts.loginaudittrail", "pk": 66, "fields": {"user": 3, "ip_address": "127.0.0.1", "login_time": "2022-06-02T06:42:50.870Z"}}, {"model": "accounts.loginaudittrail", "pk": 67, "fields": {"user": 3, "ip_address": "127.0.0.1", "login_time": "2022-06-03T06:34:41.527Z"}}, {"model": "accounts.loginaudittrail", "pk": 68, "fields": {"user": 3, "ip_address": "127.0.0.1", "login_time": "2022-06-03T06:34:47.746Z"}}, {"model": "accounts.loginaudittrail", "pk": 69, "fields": {"user": 3, "ip_address": "127.0.0.1", "login_time": "2022-08-19T07:41:17.141Z"}}, {"model": "accounts.loginaudittrail", "pk": 70, "fields": {"user": 3, "ip_address": "127.0.0.1", "login_time": "2022-08-19T07:41:22.622Z"}}, {"model": "accounts.loginaudittrail", "pk": 71, "fields": {"user": 3, "ip_address": "127.0.0.1", "login_time": "2022-08-19T07:51:54.581Z"}}, {"model": "accounts.loginaudittrail", "pk": 72, "fields": {"user": 3, "ip_address": "127.0.0.1", "login_time": "2022-08-19T07:51:58.619Z"}}, {"model": "accounts.loginaudittrail", "pk": 73, "fields": {"user": 3, "ip_address": "127.0.0.1", "login_time": "2022-08-19T07:53:17.258Z"}}, {"model": "accounts.loginaudittrail", "pk": 74, "fields": {"user": 3, "ip_address": "127.0.0.1", "login_time": "2022-08-19T07:53:33.580Z"}}, {"model": "accounts.loginaudittrail", "pk": 75, "fields": {"user": 3, "ip_address": "127.0.0.1", "login_time": "2022-08-19T07:55:02.736Z"}}, {"model": "accounts.loginaudittrail", "pk": 76, "fields": {"user": 3, "ip_address": "127.0.0.1", "login_time": "2022-08-19T07:55:05.047Z"}}, {"model": "accounts.loginaudittrail", "pk": 79, "fields": {"user": 24, "ip_address": "127.0.0.1", "login_time": "2022-08-19T07:57:02.667Z"}}, {"model": "accounts.loginaudittrail", "pk": 80, "fields": {"user": 24, "ip_address": "127.0.0.1", "login_time": "2022-08-19T07:57:04.870Z"}}, {"model": "accounts.loginaudittrail", "pk": 81, "fields": {"user": 3, "ip_address": "127.0.0.1", "login_time": "2022-08-19T07:57:31.812Z"}}, {"model": "accounts.loginaudittrail", "pk": 82, "fields": {"user": 3, "ip_address": "127.0.0.1", "login_time": "2022-08-19T07:57:34.848Z"}}, {"model": "accounts.loginaudittrail", "pk": 83, "fields": {"user": 3, "ip_address": "127.0.0.1", "login_time": "2022-09-09T13:38:41.541Z"}}, {"model": "accounts.loginaudittrail", "pk": 84, "fields": {"user": 3, "ip_address": "127.0.0.1", "login_time": "2022-09-09T13:38:45.976Z"}}, {"model": "accounts.loginaudittrail", "pk": 85, "fields": {"user": 3, "ip_address": "127.0.0.1", "login_time": "2022-09-09T13:38:51.155Z"}}, {"model": "accounts.loginaudittrail", "pk": 86, "fields": {"user": 3, "ip_address": "127.0.0.1", "login_time": "2022-09-09T13:38:54.029Z"}}, {"model": "accounts.loginaudittrail", "pk": 87, "fields": {"user": 3, "ip_address": "127.0.0.1", "login_time": "2022-09-09T13:39:10.813Z"}}, {"model": "accounts.loginaudittrail", "pk": 88, "fields": {"user": 3, "ip_address": "127.0.0.1", "login_time": "2022-09-09T13:39:14.127Z"}}, {"model": "accounts.loginaudittrail", "pk": 91, "fields": {"user": 24, "ip_address": "127.0.0.1", "login_time": "2022-09-09T13:44:07.012Z"}}, {"model": "accounts.loginaudittrail", "pk": 92, "fields": {"user": 24, "ip_address": "127.0.0.1", "login_time": "2022-09-09T13:44:11.356Z"}}, {"model": "accounts.loginaudittrail", "pk": 101, "fields": {"user": 3, "ip_address": "127.0.0.1", "login_time": "2022-09-12T09:01:33.572Z"}}, {"model": "accounts.loginaudittrail", "pk": 102, "fields": {"user": 3, "ip_address": "127.0.0.1", "login_time": "2022-09-12T09:01:36.644Z"}}, {"model": "accounts.loginaudittrail", "pk": 103, "fields": {"user": 3, "ip_address": "127.0.0.1", "login_time": "2022-09-12T09:01:44.930Z"}}, {"model": "accounts.loginaudittrail", "pk": 104, "fields": {"user": 3, "ip_address": "127.0.0.1", "login_time": "2022-09-12T09:01:48.180Z"}}, {"model": "accounts.loginaudittrail", "pk": 105, "fields": {"user": 24, "ip_address": "127.0.0.1", "login_time": "2022-09-12T09:02:39.206Z"}}, {"model": "accounts.loginaudittrail", "pk": 106, "fields": {"user": 24, "ip_address": "127.0.0.1", "login_time": "2022-09-12T09:02:45.353Z"}}, {"model": "accounts.loginaudittrail", "pk": 107, "fields": {"user": 3, "ip_address": "127.0.0.1", "login_time": "2022-09-12T09:04:16.602Z"}}, {"model": "accounts.loginaudittrail", "pk": 108, "fields": {"user": 3, "ip_address": "127.0.0.1", "login_time": "2022-09-12T09:04:21.746Z"}}, {"model": "accounts.loginaudittrail", "pk": 109, "fields": {"user": 3, "ip_address": "127.0.0.1", "login_time": "2022-09-12T09:51:38.789Z"}}, {"model": "accounts.loginaudittrail", "pk": 110, "fields": {"user": 3, "ip_address": "127.0.0.1", "login_time": "2022-09-12T09:51:42.545Z"}}, {"model": "accounts.loginaudittrail", "pk": 111, "fields": {"user": 3, "ip_address": "127.0.0.1", "login_time": "2022-09-12T09:51:54.921Z"}}, {"model": "accounts.loginaudittrail", "pk": 112, "fields": {"user": 3, "ip_address": "127.0.0.1", "login_time": "2022-09-12T09:51:57.947Z"}}, {"model": "accounts.loginaudittrail", "pk": 113, "fields": {"user": 3, "ip_address": "127.0.0.1", "login_time": "2022-09-12T09:52:13.183Z"}}, {"model": "accounts.loginaudittrail", "pk": 114, "fields": {"user": 3, "ip_address": "127.0.0.1", "login_time": "2022-09-12T09:52:16.171Z"}}, {"model": "accounts.loginaudittrail", "pk": 115, "fields": {"user": 3, "ip_address": "127.0.0.1", "login_time": "2022-09-12T09:59:02.069Z"}}, {"model": "accounts.loginaudittrail", "pk": 116, "fields": {"user": 3, "ip_address": "127.0.0.1", "login_time": "2022-09-12T09:59:05.679Z"}}, {"model": "accounts.loginaudittrail", "pk": 117, "fields": {"user": 3, "ip_address": "127.0.0.1", "login_time": "2022-09-12T09:59:11.738Z"}}, {"model": "accounts.loginaudittrail", "pk": 118, "fields": {"user": 3, "ip_address": "127.0.0.1", "login_time": "2022-09-12T09:59:16.061Z"}}, {"model": "accounts.loginaudittrail", "pk": 119, "fields": {"user": 3, "ip_address": "127.0.0.1", "login_time": "2022-09-12T09:59:23.527Z"}}, {"model": "accounts.loginaudittrail", "pk": 120, "fields": {"user": 3, "ip_address": "127.0.0.1", "login_time": "2022-09-12T09:59:28.653Z"}}, {"model": "accounts.loginaudittrail", "pk": 121, "fields": {"user": 3, "ip_address": "127.0.0.1", "login_time": "2022-09-19T07:37:59.023Z"}}, {"model": "accounts.loginaudittrail", "pk": 122, "fields": {"user": 3, "ip_address": "127.0.0.1", "login_time": "2022-09-19T07:38:08.476Z"}}, {"model": "accounts.loginaudittrail", "pk": 123, "fields": {"user": 3, "ip_address": "127.0.0.1", "login_time": "2022-09-19T08:11:23.259Z"}}, {"model": "accounts.loginaudittrail", "pk": 124, "fields": {"user": 3, "ip_address": "127.0.0.1", "login_time": "2022-09-19T08:11:28.159Z"}}, {"model": "accounts.loginaudittrail", "pk": 125, "fields": {"user": 3, "ip_address": "127.0.0.1", "login_time": "2022-09-19T08:11:38.552Z"}}, {"model": "accounts.loginaudittrail", "pk": 126, "fields": {"user": 3, "ip_address": "127.0.0.1", "login_time": "2022-09-19T08:11:43.561Z"}}, {"model": "accounts.loginaudittrail", "pk": 127, "fields": {"user": 27, "ip_address": "127.0.0.1", "login_time": "2022-09-19T08:13:57.697Z"}}, {"model": "accounts.loginaudittrail", "pk": 128, "fields": {"user": 27, "ip_address": "127.0.0.1", "login_time": "2022-09-19T08:14:02.726Z"}}, {"model": "accounts.loginaudittrail", "pk": 129, "fields": {"user": 27, "ip_address": "127.0.0.1", "login_time": "2022-09-19T08:15:27.490Z"}}, {"model": "accounts.loginaudittrail", "pk": 130, "fields": {"user": 27, "ip_address": "127.0.0.1", "login_time": "2022-09-19T08:15:35.432Z"}}, {"model": "accounts.loginaudittrail", "pk": 131, "fields": {"user": 3, "ip_address": "127.0.0.1", "login_time": "2022-09-19T08:17:02.459Z"}}, {"model": "accounts.loginaudittrail", "pk": 132, "fields": {"user": 3, "ip_address": "127.0.0.1", "login_time": "2022-09-19T08:17:11.131Z"}}, {"model": "accounts.loginaudittrail", "pk": 133, "fields": {"user": 3, "ip_address": "127.0.0.1", "login_time": "2022-09-19T11:05:07.635Z"}}, {"model": "accounts.loginaudittrail", "pk": 134, "fields": {"user": 3, "ip_address": "127.0.0.1", "login_time": "2022-09-19T11:05:14.540Z"}}, {"model": "accounts.loginaudittrail", "pk": 135, "fields": {"user": 3, "ip_address": "127.0.0.1", "login_time": "2022-09-19T11:05:28.110Z"}}, {"model": "accounts.loginaudittrail", "pk": 136, "fields": {"user": 3, "ip_address": "127.0.0.1", "login_time": "2022-09-19T11:05:33.341Z"}}, {"model": "file_manager.folder", "pk": "a0073dea-855f-405c-8333-7d91daf67446", "fields": {"name": "TARDA III", "parent": null, "created_by": 3, "created_at": "2022-09-12T11:02:18.904Z", "permissions": []}}, {"model": "file_manager.folder", "pk": "e9c1174a-b3c4-414a-a82c-ac0f88306b5c", "fields": {"name": "Peace files", "parent": null, "created_by": 2, "created_at": "2022-04-05T14:28:10.418Z", "permissions": []}}, {"model": "zoom_integration.zoommeetings", "pk": 4, "fields": {"meeting": 5, "host_email": "nsengvalens4@gmail.com", "zoom_meeting_id": "73367487051", "time_zone": "Africa/Harare", "zoom_meeting_password": "913uve", "zoom_topic": "Test 1", "start_time": "2022-05-20T07:27:32Z", "duration": "30", "start_url": "https://us04web.zoom.us/s/73367487051?zak=eyJ0eXAiOiJKV1QiLCJzdiI6IjAwMDAwMSIsInptX3NrbSI6InptX28ybSIsImFsZyI6IkhTMjU2In0.eyJhdWQiOiJjbGllbnRzbSIsInVpZCI6ImFEQUJoMWdMVHdPcUxuRkNGZVo3WnciLCJpc3MiOiJ3ZWIiLCJzayI6IjAiLCJzdHkiOjEsIndjZCI6InVzMDQiLCJjbHQiOjAsIm1udW0iOiI3MzM2NzQ4NzA1MSIsImV4cCI6MTY1MzAzODg1MiwiaWF0IjoxNjUzMDMxNjUyLCJhaWQiOiJ5cWRKcGxGZVNUQ2NsY1ZWQnlzVUtBIiwiY2lkIjoiIn0.MscyTeecZIv83Z0QECQg92epWCWyk6O8BbnBaTTbHho", "join_url": "https://us04web.zoom.us/j/73367487051?pwd=84mfpcR1S6XSefMRjc4ARbX2oncS47.1", "created_at": "2022-05-20T07:27:32.885Z", "created_by": 3}}, {"model": "zoom_integration.zoommeetings", "pk": 5, "fields": {"meeting": 8, "host_email": "nsengvalens4@gmail.com", "zoom_meeting_id": "74759881034", "time_zone": "Africa/Harare", "zoom_meeting_password": "zLr9qt", "zoom_topic": "Test 9", "start_time": "2022-05-30T12:33:31Z", "duration": "20", "start_url": "https://us04web.zoom.us/s/74759881034?zak=eyJ0eXAiOiJKV1QiLCJzdiI6IjAwMDAwMSIsInptX3NrbSI6InptX28ybSIsImFsZyI6IkhTMjU2In0.eyJhdWQiOiJjbGllbnRzbSIsInVpZCI6ImFEQUJoMWdMVHdPcUxuRkNGZVo3WnciLCJpc3MiOiJ3ZWIiLCJzayI6IjAiLCJzdHkiOjEsIndjZCI6InVzMDQiLCJjbHQiOjAsIm1udW0iOiI3NDc1OTg4MTAzNCIsImV4cCI6MTY1MzkyMTIxMSwiaWF0IjoxNjUzOTE0MDExLCJhaWQiOiJ5cWRKcGxGZVNUQ2NsY1ZWQnlzVUtBIiwiY2lkIjoiIn0.UZS2UpHjhhEyIZj4jF9dNlofLJ8vW6srrCkNuJGpR2c", "join_url": "https://us04web.zoom.us/j/74759881034?pwd=RGGY7yGV4---aa8PcM14oVBAQ_75-i.1", "created_at": "2022-05-30T12:33:32.136Z", "created_by": 3}}, {"model": "zoom_integration.zoommeetings", "pk": 6, "fields": {"meeting": 9, "host_email": "nsengvalens4@gmail.com", "zoom_meeting_id": "74046675341", "time_zone": "Africa/Harare", "zoom_meeting_password": "sZ3b08", "zoom_topic": "Test 10", "start_time": "2022-05-30T13:09:33Z", "duration": "30", "start_url": "https://us04web.zoom.us/s/74046675341?zak=eyJ0eXAiOiJKV1QiLCJzdiI6IjAwMDAwMSIsInptX3NrbSI6InptX28ybSIsImFsZyI6IkhTMjU2In0.eyJhdWQiOiJjbGllbnRzbSIsInVpZCI6ImFEQUJoMWdMVHdPcUxuRkNGZVo3WnciLCJpc3MiOiJ3ZWIiLCJzayI6IjAiLCJzdHkiOjEsIndjZCI6InVzMDQiLCJjbHQiOjAsIm1udW0iOiI3NDA0NjY3NTM0MSIsImV4cCI6MTY1MzkyMzM3MywiaWF0IjoxNjUzOTE2MTczLCJhaWQiOiJ5cWRKcGxGZVNUQ2NsY1ZWQnlzVUtBIiwiY2lkIjoiIn0.bh7AbkTj3pXcIYiLkpx8gn4gEk4qjYN4yTjAxEaVnss", "join_url": "https://us04web.zoom.us/j/74046675341?pwd=K2RG8AwU4RIzTBO7FM2a7Zya4o_4vU.1", "created_at": "2022-05-30T13:09:33.716Z", "created_by": 3}}, {"model": "zoom_integration.zoommeetings", "pk": 7, "fields": {"meeting": 10, "host_email": "nsengvalens4@gmail.com", "zoom_meeting_id": "77134163500", "time_zone": "Africa/Harare", "zoom_meeting_password": "duVVD9", "zoom_topic": "Test 11", "start_time": "2022-06-02T06:50:48Z", "duration": "20", "start_url": "https://us04web.zoom.us/s/77134163500?zak=eyJ0eXAiOiJKV1QiLCJzdiI6IjAwMDAwMSIsInptX3NrbSI6InptX28ybSIsImFsZyI6IkhTMjU2In0.eyJhdWQiOiJjbGllbnRzbSIsInVpZCI6ImFEQUJoMWdMVHdPcUxuRkNGZVo3WnciLCJpc3MiOiJ3ZWIiLCJzayI6IjAiLCJzdHkiOjEsIndjZCI6InVzMDQiLCJjbHQiOjAsIm1udW0iOiI3NzEzNDE2MzUwMCIsImV4cCI6MTY1NDE1OTg0OCwiaWF0IjoxNjU0MTUyNjQ4LCJhaWQiOiJ5cWRKcGxGZVNUQ2NsY1ZWQnlzVUtBIiwiY2lkIjoiIn0.CnurZLQwMfzR3BIDBclW9u3a7wyJz7xcZ2VgrhHdV8A", "join_url": "https://us04web.zoom.us/j/77134163500?pwd=S1XsjMpbCh4jjSW1g4qWjpdgj2Wahn.1", "created_at": "2022-06-02T06:50:48.521Z", "created_by": 3}}, {"model": "zoom_integration.zoommeetings", "pk": 8, "fields": {"meeting": 11, "host_email": "nsengvalens4@gmail.com", "zoom_meeting_id": "77021790700", "time_zone": "Africa/Harare", "zoom_meeting_password": "tACVf6", "zoom_topic": "Test 16", "start_time": "2022-06-02T07:06:40Z", "duration": "20", "start_url": "https://us04web.zoom.us/s/77021790700?zak=eyJ0eXAiOiJKV1QiLCJzdiI6IjAwMDAwMSIsInptX3NrbSI6InptX28ybSIsImFsZyI6IkhTMjU2In0.eyJhdWQiOiJjbGllbnRzbSIsInVpZCI6ImFEQUJoMWdMVHdPcUxuRkNGZVo3WnciLCJpc3MiOiJ3ZWIiLCJzayI6IjAiLCJzdHkiOjEsIndjZCI6InVzMDQiLCJjbHQiOjAsIm1udW0iOiI3NzAyMTc5MDcwMCIsImV4cCI6MTY1NDE2MDgwMCwiaWF0IjoxNjU0MTUzNjAwLCJhaWQiOiJ5cWRKcGxGZVNUQ2NsY1ZWQnlzVUtBIiwiY2lkIjoiIn0.kUT6YZv1kXZ21O2Pcun7EgaRmS3nPqe9uQDkyQSgglE", "join_url": "https://us04web.zoom.us/j/77021790700?pwd=aSoaq2O_LPLummJkQ7bhgvyrMtOxau.1", "created_at": "2022-06-02T07:06:40.526Z", "created_by": 3}}, {"model": "zoom_integration.zoommeetings", "pk": 9, "fields": {"meeting": 12, "host_email": "nsengvalens4@gmail.com", "zoom_meeting_id": "73276598503", "time_zone": "Africa/Harare", "zoom_meeting_password": "uWN88C", "zoom_topic": "Test 10", "start_time": "2022-06-03T06:37:29Z", "duration": "30", "start_url": "https://us04web.zoom.us/s/73276598503?zak=eyJ0eXAiOiJKV1QiLCJzdiI6IjAwMDAwMSIsInptX3NrbSI6InptX28ybSIsImFsZyI6IkhTMjU2In0.eyJhdWQiOiJjbGllbnRzbSIsInVpZCI6ImFEQUJoMWdMVHdPcUxuRkNGZVo3WnciLCJpc3MiOiJ3ZWIiLCJzayI6IjAiLCJzdHkiOjEsIndjZCI6InVzMDQiLCJjbHQiOjAsIm1udW0iOiI3MzI3NjU5ODUwMyIsImV4cCI6MTY1NDI0NTQ0OSwiaWF0IjoxNjU0MjM4MjQ5LCJhaWQiOiJ5cWRKcGxGZVNUQ2NsY1ZWQnlzVUtBIiwiY2lkIjoiIn0.tjTLfDzcT6ENpOVcdW3rew_AACp2jSxWYA-ehGv2FyM", "join_url": "https://us04web.zoom.us/j/73276598503?pwd=Sq_RfYHtoiL_uHZRb-PihKuXA0gQBA.1", "created_at": "2022-06-03T06:37:30.485Z", "created_by": 3}}, {"model": "zoom_integration.zoommeetings", "pk": 10, "fields": {"meeting": 13, "host_email": "nsengvalens4@gmail.com", "zoom_meeting_id": "72387429827", "time_zone": "Africa/Harare", "zoom_meeting_password": "C1vGQm", "zoom_topic": "Demo 2", "start_time": "2022-09-20T11:56:45Z", "duration": "45", "start_url": "https://us04web.zoom.us/s/72387429827?zak=eyJ0eXAiOiJKV1QiLCJzdiI6IjAwMDAwMSIsInptX3NrbSI6InptX28ybSIsImFsZyI6IkhTMjU2In0.eyJhdWQiOiJjbGllbnRzbSIsInVpZCI6ImFEQUJoMWdMVHdPcUxuRkNGZVo3WnciLCJpc3MiOiJ3ZWIiLCJzayI6IjAiLCJzdHkiOjEsIndjZCI6InVzMDQiLCJjbHQiOjAsIm1udW0iOiI3MjM4NzQyOTgyNyIsImV4cCI6MTY2MzYwMzAyMywiaWF0IjoxNjYzNTk1ODIzLCJhaWQiOiJ5cWRKcGxGZVNUQ2NsY1ZWQnlzVUtBIiwiY2lkIjoiIn0.HGWN9o16aLktzMrMRpo25pmWj8-Nlhoq9we1Tpjzmls", "join_url": "https://us04web.zoom.us/j/72387429827?pwd=2IbXo8WEMSShskJdetHyEvRKlSZADQ.1", "created_at": "2022-09-19T13:57:05.848Z", "created_by": 3}}, {"model": "chat.contact", "pk": 2, "fields": {"user": 2, "friends": []}}, {"model": "compliance_management.compliancedetail", "pk": 1, "fields": {"compliance_name": "new comlience", "compliance_score": 0, "compliance_start_date": "2022-04-05T12:59:55.826Z", "compliance_end_date": "2022-04-30T12:59:58Z"}}, {"model": "compliance_management.checklistdetail", "pk": 1, "fields": {"parent_compliance": 1, "check_name": "check 1", "check_description": "check 1check 1check 1check 1check 1check 1", "check_status": false, "check_evidence_document": null, "doc_ref": "H6HY952MDD", "check_evidence": "<p><span class=\"ql-size-large\">hello there this is no</span></p>"}}, {"model": "compliance_management.checklistdetail", "pk": 2, "fields": {"parent_compliance": 1, "check_name": "Check 2", "check_description": "Check 2Check 2Check 2Check 2Check 2Check 2Check 2", "check_status": false, "check_evidence_document": null, "doc_ref": "H6HY952MDD", "check_evidence": ""}}, {"model": "meeting_management.meeting", "pk": 1, "fields": {"meeting_title": "w", "start_date": "2022-04-05T07:04:42.041Z", "end_date": "2022-04-05T07:06:45.857Z", "meeting_address": "w", "isActive": true, "invitees": []}}, {"model": "meeting_management.meeting", "pk": 2, "fields": {"meeting_title": "tested", "start_date": "2022-04-05T12:13:14.894Z", "end_date": "2022-04-05T13:12:17.254Z", "meeting_address": "tested", "isActive": true, "invitees": [2]}}, {"model": "meeting_management.meeting", "pk": 3, "fields": {"meeting_title": "Test 1", "start_date": "2022-05-20T08:25:31.351Z", "end_date": "2022-05-20T09:17:47.471Z", "meeting_address": "Coseke Bureau", "isActive": true, "invitees": [2]}}, {"model": "meeting_management.meeting", "pk": 4, "fields": {"meeting_title": "Test 1", "start_date": "2022-05-20T08:25:31.351Z", "end_date": "2022-05-20T09:17:47.471Z", "meeting_address": "Coseke Bureau", "isActive": true, "invitees": [2]}}, {"model": "meeting_management.meeting", "pk": 5, "fields": {"meeting_title": "Test 1", "start_date": "2022-05-20T08:25:31.351Z", "end_date": "2022-05-20T09:17:47.471Z", "meeting_address": "Coseke Bureau", "isActive": true, "invitees": [2]}}, {"model": "meeting_management.meeting", "pk": 6, "fields": {"meeting_title": "Test 9", "start_date": "2022-05-30T12:35:46.389Z", "end_date": "2022-05-30T12:40:52.063Z", "meeting_address": "Bureau", "isActive": true, "invitees": []}}, {"model": "meeting_management.meeting", "pk": 7, "fields": {"meeting_title": "Test 9", "start_date": "2022-05-30T12:35:46.389Z", "end_date": "2022-05-30T12:40:52.063Z", "meeting_address": "Bureau", "isActive": true, "invitees": []}}, {"model": "meeting_management.meeting", "pk": 8, "fields": {"meeting_title": "Test 9", "start_date": "2022-05-30T12:35:46.389Z", "end_date": "2022-05-30T12:40:52.063Z", "meeting_address": "Bureau", "isActive": true, "invitees": []}}, {"model": "meeting_management.meeting", "pk": 9, "fields": {"meeting_title": "Test 10", "start_date": "2022-05-30T13:12:24.346Z", "end_date": "2022-05-30T13:15:36.377Z", "meeting_address": "Bureau", "isActive": true, "invitees": []}}, {"model": "meeting_management.meeting", "pk": 10, "fields": {"meeting_title": "Test 11", "start_date": "2022-06-02T06:50:46.505Z", "end_date": "2022-06-02T06:56:56.738Z", "meeting_address": "Bureau", "isActive": true, "invitees": []}}, {"model": "meeting_management.meeting", "pk": 11, "fields": {"meeting_title": "Test 16", "start_date": "2022-06-02T07:10:25.385Z", "end_date": "2022-06-02T07:25:32.005Z", "meeting_address": "Bureau", "isActive": true, "invitees": []}}, {"model": "meeting_management.meeting", "pk": 12, "fields": {"meeting_title": "Test 10", "start_date": "2022-06-03T06:42:08.561Z", "end_date": "2022-06-03T07:36:17.880Z", "meeting_address": "Bureau", "isActive": true, "invitees": []}}, {"model": "meeting_management.meeting", "pk": 13, "fields": {"meeting_title": "Demo 2", "start_date": "2022-09-20T13:55:23Z", "end_date": "2022-09-20T15:55:33Z", "meeting_address": "Coseke Bureau", "isActive": true, "invitees": [3, 24]}}, {"model": "meeting_management.rsvp", "pk": 1, "fields": {"parent_meeting": 2, "parent_user": 2, "choice": "Attending Remotely", "in_meeting_choice": null}}, {"model": "meeting_management.agendaitem", "pk": 1, "fields": {"parent_meeting": 1, "parent_item": null, "agenda_name": "g", "agenda_description": "", "agenda_document": "", "doc_ref": "F3JI4WES13", "childreen": null, "presenters": "", "guests": "", "permission": []}}, {"model": "meeting_management.agendaitem", "pk": 2, "fields": {"parent_meeting": 1, "parent_item": 1, "agenda_name": "dddd", "agenda_description": "", "agenda_document": "", "doc_ref": "F3JI4WES13", "childreen": null, "presenters": "", "guests": "", "permission": []}}, {"model": "meeting_management.agendaitem", "pk": 3, "fields": {"parent_meeting": 1, "parent_item": null, "agenda_name": "dddd", "agenda_description": "", "agenda_document": "", "doc_ref": "F3JI4WES13", "childreen": null, "presenters": "", "guests": "", "permission": []}}, {"model": "meeting_management.agendaitem", "pk": 4, "fields": {"parent_meeting": 1, "parent_item": 3, "agenda_name": "eeeee", "agenda_description": "", "agenda_document": "", "doc_ref": "F3JI4WES13", "childreen": null, "presenters": "", "guests": "", "permission": []}}, {"model": "meeting_management.agendaitem", "pk": 5, "fields": {"parent_meeting": 1, "parent_item": 3, "agenda_name": "eeee", "agenda_description": "", "agenda_document": "", "doc_ref": "F3JI4WES13", "childreen": null, "presenters": "", "guests": "", "permission": []}}, {"model": "meeting_management.agendaitem", "pk": 6, "fields": {"parent_meeting": 2, "parent_item": null, "agenda_name": "tested", "agenda_description": "tested", "agenda_document": "data:application/pdf;base64,JVBERi0xLjQKJdPr6eEKMSAwIG9iago8PC9UaXRsZSAoV2Vla2x5IHJlcG9ydCAtVmFsZW5zIE5zZW5naW1hbmEtMjEpCi9Qcm9kdWNlciAoU2tpYS9QREYgbTEwMSBHb29nbGUgRG9jcyBSZW5kZXJlcik+PgplbmRvYmoKMyAwIG9iago8PC9jYSAxCi9CTSAvTm9ybWFsPj4KZW5kb2JqCjYgMCBvYmoKPDwvQ0EgMQovY2EgMQovTEMgMAovTEogMAovTFcgMS4zMzMzMzMzNwovTUwgMTAKL1NBIHRydWUKL0JNIC9Ob3JtYWw+PgplbmRvYmoKOSAwIG9iago8PC9UeXBlIC9YT2JqZWN0Ci9TdWJ0eXBlIC9JbWFnZQovV2lkdGggODg4Ci9IZWlnaHQgMjYzCi9Db2xvclNwYWNlIC9EZXZpY2VSR0IKL1NNYXNrIDEwIDAgUgovQml0c1BlckNvbXBvbmVudCA4Ci9GaWx0ZXIgL0ZsYXRlRGVjb2RlCi9MZW5ndGggNjExMzY+PiBzdHJlYW0KeJzsvflbVFe2/0+iAjXPVafOUKfmYnbAeTYOMWocUURBUUQQEBFxQERAEBGROAZFURCSOMVo4tVEE43X2K39ofu5uXb6m/tDP3nu/SH/ht/3OVuriYqdKk5RYGo9q08fkFSdvdfea732PnuvHRUVkYhEJCIRiUhEIhKRiEQkIhGJSEQiEpGIRCQiEYlIRCISkYhEJCIRiUhEIhKRiEQkIhGJSEQiEpGIRCQiEYlIRCISkYhEJCISy6NHj7755psrVy43Nx/eunVLevryadOmJCbE2W0sa6VsNP2SclYrS1EsZWEsZihunDYuweuZPH78og8XbMrfWFtT3dnR/tWXXz58+DDchfvDybNnz/7vl1+6//KXzvbzdbX7ioo2LVu6eOqUSfFxXjvPMjTFMlYbx+CKe/FH+lXlWJq3sR63M3XUiLnvz85Zv3bP7l2nPj5586svHj36/unTx+Eu5dsv3d3djx89uvP17Y5zZ2uq927Ky124YP7EcWN9LhfPMOh3tMWErsdaoRT3un6K3zP4PcfE+Tzjx45ZMH/uuuysbaVbmg41fPpJ5+3btyLdMyIRiUhEIhIK+dP9+9evXjndcgIQMnvWe4sXLwRqXrt2rbm5qaSkeMWKNHAmsMRKmV8NXs9DGAKcqLTZhJDn4NhErzd1eMqK5Wm5Oev3VVd2dXQgioFw5r4/a3NhwcljR7+4fPmHe/fCXfS3UH7++efvvvvu0sXPdpfvykhfvrmoAKgJE3d0dNTW7M3Pz1u9euXYMakJ8V7QI2yKq53nyP1rIZNwJvjE5bSPSEl+f86snJzs6sqKo83NX3/9NSAzY2XagvkfFG8ubDlx/POLF/Fd4a6Dt0Fgx++/v/f551eqqvasXp2RvTYLqIku097ehspHt0LHHJmcFOd2owNaTUZ0PY6moOiAvfVTCizK0F6PGw1gwby569ev2VFWilZx9eoldM8lixdiAJK5OqOurubatas//PCfP/30U7irISIRiUhEIjIo5cmTJ59+0nnko8OIX2szV4MNWltbiorygZRul4OhKYQkk1Fv0GuhuMGP+KWNtvLW36v4Y/KfazUqlVKOG7ANolvO+uzWlhZEzBVpS1evWnny6Ee3rn/xP93d4a6SQSzggZs3v2r5+OT69dkbctYBUTo7O0EjCxbMmzZ1MqodDKnTqmEIvU4DQ7CMNSAFZ+JKWy3+VoHPwQfiil+mJCfCrGg8J44dQ0NKX75sedqSA3X72tvO3L9zJ9x1M5jkl19+efjgwaXPPivfsb10awnseOnSJ/X1dYsWLpg6dZLP60b9kz5F6j/Q/tibHXGPf8JYcvLE8cDX2tqamzevo1Hl528sKd7c0d5+79tv8TDhrp5gBI/97bd3vvji2rm2sx3t5z/5pOtTaFfXxYgGqp98cvGzz7q6uj5BJXZ1Xbt2TXJjdXa2Yxh17tyZtrYzbWfPtJ8/B+260PFJZ+fvf04Yt6ujo6uz8xP8r7MDev5c2+dXr35x7dognbFHgS5cuCCUKJB6CFQ/uXABPb1NlHOwwZkz7aIEbeh28dPOnz+PG7SZT9F+oGFvxoNOBZeFlnyeKCKCtK0rFPLo0aOLn3568MCBrcXFQM3amr25OesnThiHuCOXxahVCsQgl9NOXqSSeATFDX60s8zvD2pEOSvlsNs8bqfTwQNTEc4IsuIDQT6Ia2nLlpw4cQyQWVpUUF9Xi0DQHQHO3y13b3155uPju7eXbt6UBypATWauzhg/bgxGChazUaNW2nkOhkNVkzonb8aJNQPlTIIo/k/AZxKFQQEqaDkKeSxGE/hXYC3Muq+6EpCZvXpVSeGmQwfqrlzsCndtDVxBm//qq6+OHT1aU10F1IRv2V5WunDB/BEpyWaTYdjQd9GJUPkwIsyKyoctGHHeMtD+yDOvtyOMiC/CFSMR2BHWxHfhS2fNnJGfn4eoDVor27ql+dDBLz6/OrgmOW/f+g88PCJey8mTiNcXUblhDxyDVi+J0traCvYoKyuT1lI3r1+vrCgHara14RtaOjo6zra24kfcBPqcEHzKRUG68FH4P3wUIPPQoYPSPnM/SE5OTlZWlsjOAddDoErIELWPG3zdsWPHYOgDBw4E8dhoJzt27MDn4NPw8OAk/CbsDXiQKtiS9AvcnD935tmzZ5I3M0nk6eOnX1y81txweEvRZqBmU0PDgrkfuHi7Uasx6dSUUcdZzQ6O5hkK93q1ws6CKhGVKBttgeLm+W9wH4ia9RrabMAnkE/Dt7CUCWrUqsg34usMGqXPZV+6cP6OslIE3PLy8rq6uuvXr4e7zgau/KO7+/NPuw7W1uRvWAfU3LOjbPzokYk+N2MxwnaoT4tBi2qHwrjkHpXv4lko6pzYNAjFhxAljQGKL4Xt3HbOaWNgUFjTatLjBvYlJp44JrVwYy4gc8WyRZuLNtXX14ViGmTwCmpj//79lZWVaPlwyIsXLZwyYSxspJbHKGOHwXyoba+TR2XCjrAv6hxVDSW9NdD+2Jsd8YEehy3O7YA10UjwT+ik+DqNIhZPgkYFE89/f1ZjfR0gc8e2rcWb8i6cbQ135f0uuf751ZYTx1BG1CcaJzwSiqNVyiIaqGL0ocaAUqVSKpWTJk3Kzs6W1lL3vv0WqImmCA8GM6H5wXHBpeA3gT4qOg4+AeYm4QxXNONlyxZXV1VK+8yhluLi4rlz5wI19Xq9Wqj9EDZdYl+bzWYymYxGI8MwZrMZVg6OM2/cuAGwpGlap9OZRNFoNCF9/rdY0YYVMUPhjcemDn8miuQtrY/y9OnTUx+3fNTYDNRsamj88IN5PMPKhkWr5QrOSnkcdsKWBAjhjRHU4j1OEAK0J2OQ3wQa10jMIu6CACd+g6/A1yGQ4evwmfAJOpUcVytl1Gt1K1euBGRmZGQg+F64cGGQvukIkXza3lZetnVXaQlQs666cua0yXaWRiOEogKJBQlPkrrFDWESP1EQwAiUMMnooGerIJ8Ds/ot2/PzESPALcTQMUOiEDgmjRu9du0qYNXG3Nz6+nq4oD/yxDUcxePHjwGWiCCok8zMTIfDoVIhID7vKahtUsmk8mFB2NE/TBB6IkMJqBlgf+zNjoBYKL4ahvObsmebwe/JmAXOAaYEZK5ekbavqvKzrk54mHBX55uk7dTHeFo8OfoIioaCkBFuRANV3kY7eDsaKsuy48ePHzdunLSWenj//pMnT9DMiCsDJaLhITQEYS8y2sWVuCa0ecTogvzcDTnZ0j5zSKWmpmbJkiVATZlMZrVadTqNg2NDal+WZgwGA8/zuGq12tLS0g8//DC4AcVXX311584dDEnw5BRFcRxnsZhC+vxvsWL4T1xxakrihnVrBxRnPrh7t/lgY1XFHgSCNRmrJ44dx1goo1ZnNZlxw1nx/KxRq4EHJkDitnMoCPqmUauCNybxyA+ZZH4Docph/b3K9/hv/REN9/gK1BvhT/weNALFh6uUsTaWGzZs2LvvvpuamopeBshsaGg4c+bMH5w2gWRXr1yuq63JzswAan74wRzUoTx6iEoWDZAjfhi2Q90S/4wbYAlqlYCK33x+PgmUMwmZECWsQpT0AtIF/M9AcAUPhniB/5bMkuHB5LJhLodzxowZ4EyUaP/+/ceOHbv/B9s09NNPP2H0hCYNX4HiT5kyBcN8uHSGYWga3G4gtYrOCCWWIj2RTD/ihsxUkyFboP2xNzvCRvg68sbB31XJV5NmQ6I2mVYlE9fjR4/cs6MMvqW5qeH8uZbu7gHaQzvOnG5vbcFjozLJsJd4m4gGqlZYXaM1mUxmsxn+eezYsdJa6s+PHnY/egS/QRo/vhHNEq0Ohgv0UUkPIlMZiT437sGrJSWFBfkbpH3m0Amcw+rVqxEEo6OjaZoG3icnJ4oZXUJoX7uNj4+P14uyc+fOZcuWATWDe/6vRQFn+nw+PD/Y1W63hfT532IlwRQ3CV53SoJP2pYWtHzW3rlza1lJQSFQM3NlhjJWRhlNWqVKo1DSZovTxjs4G89gZMHGe5weh43gAemV/vnMntMdz3kDPPO7gxpR2qQng0p8IHk9R2jEoFHi68i0G3m7gX9KFndAo0E6nU4MmXU6ndfrLSsrA2SCTE6fPv3gwYNwV20YpK6urqqqCmDW1NgwNnU4IUw0uaQ4DyxF0B1KAJKQCSocgVWYIhaZkyCKnzmDeGP+0kSon1LIzBsjvuEi7YewEBw7wUvck+lW/B4dRKmQYaSMUOV2u3NzcwGZFRUVBw8e/IMsk2hqagJdAzVLSkoSEhLwG0AmWjsCN1DTxjEkwqIvkClE64vugw5Cqtchvi73v1wItD86ercj+aKeDYl4A9z4KZdc0W01ilg8EhoYTLytpAiQWbVnR/2+gfhSsv3MqQtnW+Goiashyw/8KwciGpB6PS673Q5smDBhguSc+cODew8e3EULJANkDGoQmxgRGgN9TkacJyHzouhQaMCyYe/mrl8zWDgTkAn3iCvu4+LirFbr0KFDzSZDqO2Lr1CpVBaLBZC5fPlyXIMuws2bN2/fvg23Bv+GK8CVspjC3oAHqSKY8qLTTknwJsd7pGtoQcq3t2831R/YubUUqDl35mytXKmKkfFWxqTR4RrndPscLhtFm7V6q8EEf8FRJo4yshYDbdJZjVooY9bjR542v1Yd1sA00euMc/EuG22zmvDJUHwd7vEbO2Mh9w6Wwj0eAI4FoRYx12g0oqmTG3QxMAlGVYDM3bvKqyurw13H/SeNjQ2rVmUsWbIYqJmSkqKQxwovNw0aVJrHzqIOUZ+oN9ReTxvhR/wT/sCHEQVtxpgB91DUM/5DUue92bc3xWcS7flLYjt8sptn8CM+mfwNbtCQLHo1HhXfjjaQ4HHgl2p5TEK8D+MIhmEoilKr1RzH5eTkADIrdu8+8tFHd97ezenXrl3btq10TVYWUHP48OEYQ6ESELJtosAVC68jGatIj0Jto2JRdX7Fb3BFPUNxQ2obGmh/7M2OUPIVUNIfSVPBPfEP5F/JH/sfDz/CxAa1HCYGZG7Myd5dvnOgTVB3tZ9tb2vRq2SkCHhU0lwjGqgKAxOWhk/G4Gj8+PGTJ0+W1lL37925f/8OsQ4JSSRwoLEF+qj4D6HEO3kdHO7NOlXhxty8nHXSPnMopLWltbCgAJCpUCjgFuAnWZYdMWKE2+UQZn5CaV+ng3/nnXdqampWrVrVF8iMEt+bw+mhtcDhk/lYDFJC+vxvt5q0SuiIRO/o4YlStbQgpLu7+/jRo7XVVUDNzBXpnMWiU6hsFOXieFw9vMPFcUBNxmTiLFYQpp1m8Te0SU+iSc8QQ8IQCTR+JXASaFxDzQA5eJF2SLgkSj6cAK3/n4RXrhYTUNPB23kby9KMkF7JbBEyI6k1yUkJgMx1azIry3d8ee1yGKu6H6Szs61kS+HatauBmgkJCUql3ATDscJcJQE5xHcosZ3faj0pAv8ECuVfICL5kQBDEHG2ZzPoqYRyYT7/1xGaJX5esKnFgOfEn+FvfC67lTJjyExTVoeY0kBIsqQTMupszM0FZDY1Hrz46SeDNH9Ob/L06ePW08f27tkFrzthwtjoocOEHA5mYe+/jeVIOxdSAVjFZPgM1bPf+e9JByFdBkqCr9BhA+yPvdnRj46kb/qxEzf4On8zI06AWJb8K/kNTIzr2NThgMymxn03rnf8+utAWXzb1dF25WKXQatA+0QRMOQxahRhjxqDUQlnUqLMmjVr6tSp0lrq++/u3r9zB2SIqIEmR0bHwY2LyX9FWjXxe/hMjIPyNwx0zmxvbystKQFqms1GRD2HAx6Cwz28hMmoDxGn2RgzWeQmi41ubGzMyMgAavaxIF/euHHr1i14N3h7chQIvFyEM4NTB2tlLXDC1mkTx6WOSJKkpQUhFy9ePNjQANRclb4i0etWxcRwlCne5cLVrNUKWwCs1tdfB5i+eFFrfenq4m0qWbQyNmbu7PcAmQf37738Wds//zlQYpmEAiM2Nzft3r0DqDl18kSjQQP3YqWEbDY2zmoLt4FCZF+9WgUK3VVWCsj86NDB9taWcNtBGvmsq+P4kUag5vq1mWa9MGPvtHHiG5CXa4Bcw26gPqpaHlNZsROQeeVy2wBZsdl14Xxne5tGLbezVkbc5SS8iurxzC8tYY3oGxStFAMio94wfeq0GdOnS2uph99998O9ezAQZdQ5ONq/u5As7399BozentMqhGZcbcIcPobhlEGtyM/JzsvJlvaZpZXrVy/tKd8B1BSOPmGE2u55Ddw/iKNL2thTCbeQFS9kAbY4fKDcdh6Q2dTUtHbtGqBm38ty88aNm9evWwD5lMW/XivsDXiA64sJgVd8EfP8KJykxPhRw1P6bp1ABVhy4sSJ8l27gJo+r9tts9EmvUWv4YWJLwzlDMBgt7hfYFCrx84l+dxwGjHvRuHHnaXFgMy2M8ffsqyMXV0dBw7UwaaLFy9IiPcoFTFajYK30U4HB1fACC4i/LYIhaKVwriIBWNGJAMyK3aWnjr50QABlaBlz47S0s0FQE0MQvUqOXqlk6OhdibgfESDRZMTPEOiohYv+AC2a26q//pm+JfddrS3tYuciWEaxmsRzuyL2miGe8GZUGkt9ejevT/dvx9SzoRK+8wSyt1bt/ZX7wVqehy2QMvbi/bKmbyYYsLFs1aT3uW063UajVrZ1NiYvXYNUFOS4nx57RqUbBAQN3eQSenwt+GBrK/hzBd5j4XDFilrUkJikriwvz/l6qWrhw42AkuyMjMNOj1ai1YuR8/yOXky0So8eeBJLwegohRwFMDmeLeDMmg18pglCz4AZG4rKWpsqOvnag+RlJQUZmVlADW9HgcCIkaCtNXksLMup42ESIvwYjr8tgiFYhxh1qnRYqEcZdqwNhOgcrC+pvXEsXCbJUhZm5m+aN4coGZqSmL0O1EY/SXHedA3jRpl2Gs7dKqSD/O5+dih78S5HYDMXWVbw27B9ghnSqch5UxA5h+WM3/88fHhxnqgptvOaZWyUHBmz/ewwD98kVoeA6Y1mwwgh6amxvXrspukmMkkEuHMIPT3cWa/rs/cVbYjb8NGoGa8N+6dqChhzRvHujgOkOnmWTJB5HXYcG816sJegX1XFMdlY+JcdjgQk1aFQgFOAJnlO7d80nlqUL9Df/LkQV1t5do1GUDNYUOjEBBBmHaeIdOYGHkK8ZGzgjnDboUQKZor2i0IE2bFOEI+7N1xqcOBKLu3be880/H08YDO0PiqLFn4wczpk4CaepUcbRUFRE/EFfco4/AEX9grPETqsFmhgEyEMNACLJibvWa31AfHBCQRzpRQI5wZCvnxyZOzp04ANUnSvxDNZ/5myZ+4eRn9VB49xEqZAZk5OetwlbBQEc4MQgcUZ3Z3dx8+fDh/Yx5Q06DTaxTKeI/XbXeY9Tq3zYZAhkhNm/ToXAAz0t3CXoF9VBQEwIyyoHQEoQmTaFWxmwtyAZmXLnYMruPw/HLxYldjYx1Qc9rUiQQyeRtt0KsZ2ox7lrFAwZyATJYJvyFCZ1+tIpZMxRMYg7llQ98pKy4BZF7s6PrTANvF/AZZvmzh+DGjgJoIbozZgIKgdOiSaLcJHicKSJa1vJXqRkNlKZQUBderFQgxgMzMlek7y4LMwtd3iXCmhBrhTMnl11+7O8+fBGqmpiSisCTRq7Sc+ZstPy8+CjRrMRsBmfuqK9evWystZEZFODMoHTicefPm9Y8+OgzUXLRwoUaltj7PuG7zOl1GrYZgGLqV12FzcjSiG2DMGfi5IQNNEakRnRG8EKmhuCHzmQ6bdUhU1Pz3ZwEyTx47+t3XX/eDCSSUo02N20o2AzWTk+NjY4ZwLAWk1GmVTgcHBVsSwiSQCRcUdkOESAGZIxLjiGXj3Q4o7IvGPOydqLWZmYg+9dXVrSdPhttc/14WL5gLyARqolnaOYpsEiQdEMCJcuFHvUoe9goPkTo5q0Eth+2GJ/icNgaV4HHYAZk7tpVeuXQxLCdARThTQo1wpuRy6OBuoCYgU6eS+1x2ksxWIs609MaZnNWsVcp0WrX4unwtUFPyckU4MwgdIJzZ1dW1p2I3UDMlOdFht1kMehttdfE2k05r0Kh9LieZw4xz2UlEI5z5dizRTPK5Ac86pQweA6UDk4A8bYw5dUSiWh6TkuAFZDburx1EKY+2l5auy1oN1LSztCJmKDwqydFNvA3JKU1OIST7ZIX03eG2QogUloVZ0VxJoyXTgDbh7BuTRiEflZIMyCwrKWk5NqCXa2atSp86cRxQE3yVFO+mLXr/GmncoIBQ3I9KTgh7hYdISRIkdE8YFJ5HeA1h5xUx0Yfqhd1tN774ov+NEuFMCTXCmdLKyOSE9LT5I5LiUWSUVKOITfS5+d7PBQ7cZK+ZybSJeTJVSnlzc5Pkr8v9EuHMIHQgcCbaw6ZNeUBNlkH4NWAwAsj0OOyclbKzgj+njAbSpziMiUx6MpcCV/8WzGeiCCgRnAZCmMfOUUK6ci1uONrEs0LHUcYOG54YB8is2VPe2dYWUkNIIiUlxWlLlwA18fCAzASvC66VeBvgJTlYB9jpdfLkN+iwbzFnwrKklaLpotGiDZPVERhDmfW62KFDkhPiAZnZq1eFd7HfGyQ/d/3c2e8BNTHqEc795Gk0ThQKpSC0iZ4IRQHf4vfmvJgOF2XESIF4HsZihoNSy2UwX21NdUu/T0pHOFNCjXCmhDJx3JgRSQlATbNe4+JZXMk5XG84si2I/vhazoyNGdbY2LBu3VqgZohKF+HMIDTsnLmvunJddhZQU6mQWSmzmE3ruT5/EqLhqh+RDXpqf30vgMTgc/Jeh02rlKUkeAGZdWJ2iNDZou+Sm5u7ePEioKbVJKxkI16RJL0hNRnqehPPgRKUuGK/9vb3L5n13/69VOpzOFQxMU6WRdvWKOSAzJXLlm4pKgi3AV+W862t+RvWAzWNWhVJJpYc5xbzgUtZGy91MTQV8l0v2RE/+m3ktzL5z3ve+w0qoR1785OgTZNOC8jcX1Pz5GG/pquKcKaEGuFMqSQtbenkCeOBml4nT6YRUGQnxqHCSxzp3puLn2nQKMkZssJMKceolPJjR46sy14L1AxdASOcGYSGlzMrK8tXr1oB1DQZ9V6Py6DXhosz/Xzykr5EHf1Im8IBNCRXTILXpVPJ0XMBmUcPNf74+HGIzNFHyc/P//DDD4GaHAtfaiJUQDizfyCzNwP5seRVDRdnujgOkMmYTDaK4qwUuhsgc9H8uUX5ueE247/kyZMnB+vrgZqpKUkGsSmKpqQk9Kuv2ovUv8fOQclWI3/j6Tls6dmoyO/996GwYG9+kjIaYLvhiUmAzOqKPf1pnQhnSqgRzpRE0tPTp06dAtT0OuEnTOBMxmIkr8vfMJkZzHwmQ4H0QJj4fACnWh6j1ahOnDi2MXcDUDOkZYxwZhAaRs7cvbssPX0pUNOgV6uUsWgqSXGeV1tdeP3kS7Tpn28J9fe68RXiS0mynE+vkjMW86iUZEBmc8OBUJijj1JWVgbIBGqyLPtOVJRwVoLoCVFXhAH881Ghbc8v5p/Jj37C7O3vXwul/cCZJpUiNTEeD2bSquLdDmXMUL1aAcj8YM7MjTnZ4Tbmczl5/DhQc8zIEVpFLGXQCkdxuR1Wndon3fkIPe3Vc6LSotdAyTJsslSGGIX8hjEb/L2S/D3Bzp4Wl9aIcJJOyvwbchP9ZJzTqZHJrCbz+NFjctasrSyv6DfrRDhTQo1wZt8lLy9v1qxZQE2dToPxFwqLAqKYKA5oEPfS7Te3GOE2PU6TTg3I1KiVOq0aeJm3MfdE6LPaRjgzCA0XZzY1NaxZkwHUhJ80GbWseAg4hifh4syX3ty9Os3Sz2/PCWeSKR2ys95t59Vy2YK5c3LXrinKy5PcIn2RmpqatLQ0oKZCoTAYDD6v20ZbX6quN/OeVPrSa9ZX5y3DsgriVaW0oDUOIUPY8yVO38FxKWKGAjIXzpsbxmw5fmlradm1bdv6rCxlbAxaIOoKjOdz8rRe45Ku3nozB1kxgsbvn7ckA5beNNSmBGS+ljO9druDYSijSaNQAjK3FBbdv3OnfwwU4UwJNcKZfZTS0tL58+cDNdVqtdUKsBRmLwGBLoxJGQolhUq4D4jgK4Ah+t0ohqZOnjyWn5cb6plMIhHODELDwpmd7W1biguAmmaTTqdVErwku0J++2z95ydfWs7nV/8bupcmykKtnEnv41mLRsUYdKOSE0BKyujolLg4RUw0IHPtqtVtLa3SGiVoaWlpWb9+PVBTJpNZ4WIsFo/baadpJ00RhfnslJm3mKA9bRoK+7662oFYrTf79o81X9UEp92q06DgHo4xapSM2RDnsrMWo0oWDchMX7a4qmJnGG36z+7uw3W1QE1Kr6eNwnhH2M0kmg8t0yF1vflfE/hfi9MmPerEv0qTF2c+oagl8KfLxrxk05f+zD+3KdUTEs50Urh50WgpKxT1g15p0Rl4K6NXawCZu7b1036uCGdKqBHO7ItUVFQsW7YMqCmXy00mE89zTpuQYASFFdqkqG9+dR6ovewsw9tYvU7DMnRTY8Om/I1Azf4pbIQzg9D+58z79+9XV+0BagIuTUatAy3GYsSox6BRcr+NC/3pJ3ub7+o5YdKfnMkadeBMQBqCO6IqwqhFJySrN+m0Zr0OkNmwv/7nn3+W0C7ByaVLl7Zs2QLUxDDWaDSyLOtyuTRqpYNh/JBJOJNoqDnzJWu+ar6X9FXa7B8rk8p5XicvThwQcuaY9FqlDJC5YV1ma0vYkh1d6WgHaibHx2lkskSPh2zpAhvTeq3NbHBLvW7kVXsR2iQ7u3uuuyDqP8eTF8GS7Hb3r2zpuVZTMnv1wpms2WyjKA/vMGl0lNE0MjllXVbWR9IdcvcGiXCmhBrhzKAFkJmZmYmrSqWyisIwVoEDGQqRnfAYSh1ceXsxlsVqMirksSajvqXlRMGmvKZQbvx5SSKcGYT2M2c+e/bs2rXPgZqATK/HrlREOx0soqtGGZOc4KFMWpKp4MVT/UtDXQ+97RMhMyr+ra98f3GIsB6MtqR43R6OMShkuKbExemVShdvo4wGj8MJyDx5/LhUdglOYMf6+nqgpviuxEpRFCcKDbAU5zN7QmZvhCltHHx1sZ/ffG/Y5/XS5Gc/2JfSqrwY71vNjEEb77CleF0cZTRqFOgFKvkwo04JyNyxbctnXR39b9anT5+eaD68e0fZsHeiOIuwNZ7Sqm1mo4/nOJPBjqghXX/saS+/sXouv8SPVqPOpFVpFbGq2GF6lRyBFT+adWqoUaPEb/BP5A076cg9e6tU2pMzn9OmyJkumnFaadpodtvsAJXYocMAmSuXpfWDmSKcKaFGODM4aaivW5OVBcjkef75yyyPx2w2ilm/zCRbMsqLwhLslIozwbE6rRqQWViYj2t/FjnCmUFoP3PmF59fAWouWDDPYtYLkMnTgEzaoscNegxrNfbGmeTxel6lVZ1KLqrypas4f6ixGITOIuxtEVu4fz1z6OziYihwCHlvPiLOC2YzqFTJPh/sYtbr0IuXLVy4vXRrV0cYOMQvW7cUAzXRPOCfHbydY1iz0WS38YBhYVrpFcj0k2dvqPn77fvCQVlfuqJ+cBWartkAq5mAIlqNQaN81bLkylkp+ENcySeIr3hoPvScCeOa1QreYoyzc7ReA3XzjBOPYlD73Pi1xmVnAJl1NVX9f9bM2bNngZpxbjdGNDaKgsIi4EzWqHcxVjdL03rJzm/y798hYzrKoLXoNQBIEpFTh6fMmTl9VfqKwo25O0pK9uwo21dZua+yorqiAvdbi4s3rl+TsWL5skULErweMb0JLZ4CoBf3ILy+hTxvJwEq8UJkMvP5lKbImR6W480W0DgGVmAV2mxycLaF8+YVbQr5CuoIZ0qosB3zgjMnTZgoraXeVs483txcmLcRqGm1UO9ERfk8XrfLERsd4/O6CVuSdEYELyXJa2R7cVUqZCeOHduUv7GfITOqvzhTKKnVSq5h7x1S6XNH1DOPUA/OTIiLk8RAiJuNB+rWrl6pVysCal1+r+7scfUr/LyTZaGgBRCOx2FHfARgIO7EuR1oD7hH7/a57KRrk5Zv1Kq0Shk6foLXPXFM6vrsNfl5uWWlpZUV5bU1NbU1eysrKisqyovyCzLSV8D5JMR7BY4yGbRqDRq52aSz87THyYEXgMd2jgIwczRipd7BCojoFNdYQp0iVEhlKbInyOfko9+JAmRuKQxbxsXszMz0tDRUuNPGobUIwGaxsGYzrtBAm9+LOP6vK1GPsCzQaDVqUbEYjHhdNlQ1rMbQlHCIrYWy8xzPCQfaAnFZxqqUK3DvtNvj433jx45fvHhRXm5uSUkxrFkNRKmGVFbsqigtKc7LzVu/PnvGlGmpo0bYOR6jY4VMrlYpyOcIL3qEU9eF7FLAPyj5kTbpXDYaTIjnsejVHGWUNs+Px86RoyoRPmiTHpDZsL+uP836008/fdTcvHFjLrq/gNw9fMK/Ol3g3AKM9DpsuAFGkmWWCJHkSC8Uk0xOgjPHjEgu3JjT2nLy4cOHP//8c2bGyjkzZ2QsX7ZpQ05Z8eY9O7ZX7y6v2VNRtXtX+fayrUUFueuzV6cvf3/me6tXpqOu7t27h+iTsz5nwoSxNEXLZTHorZTFxNIMbGoyGDmWjvP60EJ6i3dvDoKvjoNQrkSvi+BxnNMpnrxJAzJryiv/2f3PkFoqtJxptVoNhkSPBzfCwgmTyazVeu12Mu54jfay/nlQqDDzhjECTdvt9pEjR44ZM0ZaS72VnNly7Ejp5iKgJgKrbJh4HgfDoC/7HI4gXiW87g2moG4Hi/CKcTc8P0ItZdHjRqmIQewrKth0IhzHqEnCmW/Ix0uCaZzP43E4rRQaJy1MnoS7j/RVxfR95IoS+dXOchiYQ31ud7zX23fr/POf3R8d3g/URJgGNgRqF6eIlz2VhDw3w9otFMlGaNbrDBo1LGVnhSMOLQZhKhI3SXEeNAlQJdSgUWKQNWPqxC1F+Z+2t/2juztt4YfvTZ28Im1pQX7etq0lexDIqiprqvburdyzo2x7QX5+etryGdOmpi1d+uTJk5aWlpycnOnTpxn0ar1OaTJq0LVAPiBMKDpCotcJFLFolC6GSnI7gEk2swG0KRWHkMkfStwwNWls6qoVy+qq+y+Vil/aWlpWLlsG1CRUCRVmvWAXK+2iGRglcPuaX1LSE2m9Rtx3z7qFTGkatSIaV4/bDs7kRTEajdHR0TKZzO12z5gxo7Kysq2t7cGDB0sWL540ceKihQvXr8veWlJSvmtXVeXe6qq9VZWV5bt2bt1Ssikvb+WK9Pdnz165YgUQ5ebNm0eOHFm3bt3o0aMxmhCGQlYT8JLwJGsxgCehST4Xfk8ZAEtUnItHY8Y/4W+ksi/ZGg9oAZXBac+aNjlnbdb2kuJ+s+xXX90AaqYkJ4Iz0aFez5lUwENsN88iIIIkhZ31Yqoisp0HYOZg6bkzpx/cX/vjj49z1q7K37Du1Mnj396989e//vX3r0CGBR89egQjHj1yNHdDTsbKldevX6+rq5s/fz7+1Ww2JyUlaTQag8HAcRzDWF/MbQaMmi8p8BjMjBuyk4u84p80bjQg8z+u3gyloULLmfCoFp0OqDkUtafVUno9hpAAaQDn61XctDVIlTabMAZRKpVoISNGjJg+fbq0lnr7OPPC2dadpVuAminxXjwAyXjGGHROmkr2uCitOuC41gtnOnnaqFMm+Jy4YRmzQj4MXe7kySNFhfnhepcXUs4EUqI1KmQYIseqlSo0S56z2TFANw/iLoaHp82W1yplNOnVGq1SFef2jB8ztu/WOX/2GFAzwSscJsJRxsA55GXCfK4MQ7bEYqwd73G7eLAx6xE2F1ndLgfUYjbGxgxTKeVej3vq1EkYAT24e3dD9prS4oLOtjP3bt38x+97LwnIROT6+OOP8/Pz16zJQlCrqqoYOSJJq1GYdGrS5ODnjRolAig6HSKpVafx2th4B8+ZDFJxCD4cgQyuBl075t0oQGZ1ZRkqtu8G+v2Cr6uvrQRqKmNjUPOIMsIEptVKCJNo4PbtsfLtt/HR5+QBJ6yY7zfR5473YJRnhH1VKlVsbCzwEuR/+fLl+/fvwzTbtm07d+7cF198AdT8ncUBonz//fcwblNTU01NzS+//ALjlpeVTpowFpZFOPA4bMBOjSLWbedwgyueAdSLf7WJuTtY6fI1oZhoPAgihMRih0QBMvPWr/365vWQ2tQvh5sOHT3aLIuNRhcSBtcScSZcjdfp8LmcZALcakLtaW00XVZSfPfWrcKNGw411H5+5ROgpiSlgDVbW1vPnz//7Nmzrq4uNBJQhNfr1QKZKCouzisVZ6IzonGSnXokpTzIU6eSNzc1NR84LElZepOQciZMnzo8ZenChRPHjZkxZfKEMaNHJCUmx8eNHTXyrdSJ4ydggDlhwoTs7Oy5c+dKa6m3jDO/++7rPeXbgZpJcR75sHcxtiJDLYNCZqfMiS6HkFokwPbWW1u1GLTkXCG4XJ1WaTbpWltPFBXlATX7rbwvSUg5E45xVErynFmzpk2ZijY5bvSYUSNGet2esHeQvmpq6ujXqVDGMeMmjJuwemXGjD6vi+5sa60sL12XmYFgTZt0Ti7gONUbZzpZ1k7ThHbIWADxC8bSqJUmo96g16pVioR479aS4ocPHxYXb66v3Xf500+Bmn0pDjjkwoX2PXvKV2Usv3ixa+nC+UAOlSwafh5QxIjLzISXg3Yb2TAuXCXiECFkiwSCb0EHx4+gvoufnOmjgQKSj0824UtR1Wa9zkZR6B0wAYAfnAmL2C0Ubw64UL1xJqK2Pws30M6s14D0VMpYxkqnpaUBKUGJVVVVp0+fvnnzJlCzj0UDZP73f//3zS+/rKwoz85c+fWXn2/IzhqeGOfiWeAl7EucnlGrAl76XHbOaiYHq0llXDJfjfLCuAAY3AM1AZlnjzb/GvqFmo8fPy4syH9v+jS9ToPehPGaVJwJyAS6GDQYkVmEVyc0lbc++3+6uw/W7ms5fgyoGYriADJ//PHHlpaWJUuWlJaW2u32pKQk+HL983PHJOBM24vDCMgOJpgM91qlDGEiN2fD119/HYpyEQkpZ1JGw66y0lUr0mZNnzZ5/Ljxo1MR/kYmJwE+wx+zpNZxo1PHjh49bty4WbNmLViwAKgpraXeJs588uTJoUMNQE24YoynEInQ5vEwiEeIdDazEagZJ0zABej3emmrZBQPryuPHuKws21tLVuKNwE1+6ewr5WQciZCamlR0a/dv25alw8GGzt6zPDklOFJySOSk8PeTfqiY0aNehUyUbpxY8aOHzt+5oyZ897/AKjZF7v8+mv30eZaoKZBowQkIGYH8Z7xVcJ8fu6bXh/nFCZJxMX/wgwtIkhSnG/E8GSjQedy2reXlT59+rTpUGPr6VMPpT6AGJBZWbGzpLjgyy+vLV+2UDbsXYQYeHuM7+ANyNkl6HcuRrKlvPhMfDjoK8HjBIBpFbHbigs+aqz7nbOyfZdjx45sKy1atHCBWi5z23lCmESdVhqQaTOZWUMQ89WvmcmEJnpdwsYQvYYcYotxCga26cuX3r5xY+uWLSdOnPiP//iPEO2UAWQ2H9x/oGbv08ePy8tKk+M98HUgTLClx2EDeZLF7WS5u1T2ReCAx9YpZSnxXjQemBu/GZs6ApDZ9XFLKIrZU7q6LgA1dVq1nefELS2sVJwZ53ZhACjsQqWpqRMnfHv7dn3V3vaWj/+nX9otILO4uPjOnTter9dgMNhsrFSciSDLiEmfCGrCWIi8+HuNSg3IbG0NYZLbkHKmRiE/VF9XW7U3dM//x5G3hjP/53+6T574CKjJsUJKTErcLIAwhHiEJxnu83g4xqrTBDGv8morfV4PGMRxtE6rxDceP9pcsqUQqNkPJX2DhJQzEVUry3cea2gGaoa3mINOLl88DdRM9LnRZsCZyXHuINZnvmb7j2gX8sYcUYOlLMBLj8OOcGYxG4cOeSdzdcaTJw8ONx3s6rwA1AxdAQGZ58+cAul9fLSZ4BBt0gvvzcV1aGhIPp7rO4HwLziEnMHnTx4IFMFXf3KuLXQF9AtAvWpvJVBTrVIAQoQkaS8gREhkZKXJfKYwpRm4n3ktZwIyfU4+Kc5DMv0uWTD3+pXPyrdvO1BbA9TshyIDMj8913a8uenvf/9708F6j0OY1USkgI8VUxCYXo3vfVE0GPISikyOGTXKUckJ0e9G5WSvr6+quhWaeT+/1NfXVVdXatRKcCZnpawmo1ScKS7/Fj5wd1nZhrVrK3ftAmqGtCwvCSCzpKQEtJmWliaTxUjFmYiz6IDoj2ildrHj28ShR2x0TGVlZUVFCNdOh5QzEe8a6uoa9teG7vn/OPJ2cOazZ88uX+oCagL5aKtwoKTbzsE/kyS3wroRMRkFyS4ShP9/LWeixnQqudmka2k5trkoH6gZ6mL+WwkpZ2qViu2lpTtKt4a7lINMHjy4e/jQvuKCPHQuo1YF2iQ7dgO2yyuE+fzcN6cDbGnW6xDCnA5eq1GplPKRI1JuXr+5c/u2Y8cOAzX7oZggvVvXPj/50eEf7t2bN2fWkKgoRNUp48a5OE6vVLptAb9H6E3BHnqVPNHrUsuiEdrgbTTymO1bi8u39UfLbBE3AgPneRuLCgdn9txz6t8HBJXKvok+r8Wglw0bmpIQd+TI4cL8DdUVO4Ga/VDYngLIvH7t8yPNTXfv3l28eJEsNpqhqdGpI1EPQG7aLNn6TMZsiHc7UuK9iughsDLMbRZX/zI0Dcjcvn176Mr4008/7di+bcG8ucImR5YGiaENS8WZiphoB28XttFlrwVqhq4Ub5bTp0//8ssvM2dOl4oz/aeakgSeJPkn/t6g00+ZMmXjxo2hG+GGej5z//7a+ghnSiFvAWcCL69/cRmo6fU4jAYN2pvHYSPr0uGvhE1AZoNZreQtJq+NDeb9XQ8/I/bNF8ox8LStrS2AzJbwnVvRU0LKmQaNurSoqLS4/zZ+vh1SXVUB1LSz8LxaBk7YYnTzjJgiRhoOAYSAdsiiL8RHs8mwPnsNQsnHJ08CNfu5sIDMC+fO/fzzz4ikjMU8LCoKnJns89HGgN8jv4FDyKsKsumAYInTxnwwZ9auHbtCWrpbt76srq4sKsrX6zTo+8IJ5qzwulzIHEgJSY14s8VuoQhqSmVftVzGs/Sm3Nz/78mTAzVVQM2QlvHNAsjcv39/waZNJ06ccDnt70RF2XkuJTnRIF0+SdjUatRZ9BqY1ahREhPDm1kt1JgxY9avX3/y5MkQle7Pf/4zUHPcuNEWs7DNCuMIt52XhDPx/Ga9obGxsbCgEKgZouf/PQLPcOXKZVxtNC0JZ5LtP2S1A1moKZAARzNWWq1WAzIvXLgQorKEjjPxUVqlor6+bn+EM6WQwc6Z3d3dnZ1tQM3x41J1WqXbxXvcdoNGKawdEncs4jGEo2nF9MiATJs58HjXC2diFN/R0VG6tQSoGboCBiQh5UyTTru1uHjblghnBiAXu7q2lW6ZNnWyWh6D4Q+6GFqmRa8Owi4gGTAbYzIJ+004zqTRUEaDi7fxIB6jwWG3cSwN/qmoKC/bVtp+/hxCSViKDMi89OmntVVV51tbEanxbMK5mgbhNTp6IklZQxZxkbdsQXCI/1Q+4nAY8R0uIPPYkaMYb4auaLX7qoGaqGdwCDTO7ZLwvapFpxuRkAD76hQKkrsPxjVqNYDMsydP7t25s72lBagZutL9fgFk7t1b8ejRd1MnT1LIY50OnrYKvOHmWbJ5hyxm8Dl52Dpgf9tL3LexnEwmA2Q2NzeDBkNRrjvffHPnzh2jQYcSwcpouj6XM1D7omGTpEyoBJNWhVaKe9mwdxfNX5Cbs6GxXw5kfLPAM3x0+DAihUoWDY+kVyt8LjsIzaRT4ybQuN+bvcxGE0VRpaWlDQ2hOhEvpJxJ5jMjnCmJDGrO/PXX7iuXO4Cac2bPGDY0yuW0ob3pdcJGSERzSdobL55+wljM4lF3drLD1O1yaNTKq1cvbdu2tSOsx5G8JCHlTJ1KubOsdHtpSbhLOZhk+7ZSoKbP6zZqVcIYXzzHnDbpgrALbTQ6WZbMmwE1fQ4H2cEq7DG3WqyU2cYxJ04cy85eA9QMd7mjAJm7ykq/vHaZ7H1w2jhyBDPZIQ4gIafpufmA8/+QOZOenMmKZ8hOmzIVkPlf//VfISrR7du3t5YUL160EPUMNZsEfhYytEvEmfEulzo2FtdEj8es1cY5nXA10ydPevToUfWePWdDNokXnAAya6r3rMpYkblqJZnVHDMyJXZIVKLXBQOpZdHJcR4ypgi0HnqL+1bEKKNxxowZgMyrV6+GolCtp0+3t7XptGpAJhSDCOGApADtS2DbKWS5FxYSkxuEj4sXL1aU7w7FYwchCBM1eyu3by026zXoO14nbxO3dOFeKs6kzBbI8uXLlyxZEqJShJQzVcoIZ0omg5ozz507AtRctHCBcNiVUev1ODiWQpMj2d4kaW+8mI/CYtAn+ryIKfgCg0bN29i2ttbS0i1AzRAVLTjpB86EhruUg0auXrpUkJ83c+Z0MUcKJb4702AQFBxn2mnhaBIXxwE1EbbQGt12XjgXj0M4NwE1W1tbiouLgJrhLvdzAWRWlu9Cg+QZFj2IbEcl77tJ1hrapA+CM20vzljHB5KDoYUD+yxGvVaHQd+lS6HqkpWVe4CaMdFDUeHCZJdF2NcvzCdLxJni4SM+Sm9kTJZ4j1clk897/4O//e1vZ1pbgZohKlQfBZD5/pzZu3btUqvkankMOeOGMmgJXPn3avVdCWc6nc6YmJja2trOzs5QTFyX79q5Y0cZeisZtbGUBe02UPuSNYqklT6HTIN24rgxK1ekATUlf+agpetC+9OnT+0CTusR8XGN9ziBAVJxJuxlNptTUlJWrFgRogYc4czBIoOXMzMzMwsK1q9YsTw2Zphep3LYWTQ2o0ED1ARnWgxaSdobL+bX9TicerUGV4NOz9IMWndZaSlQMxTl6otEOHNAyZ7d5UBNAwBIqyZvptDLBJcubDYP2C4engeKeO123CD8WU1GcsokgAdhsbW1dcuWzQNnCQcRtMY9u8q7OjoY4TR3JTl6D8FXSDUmRmFyE1gIED0ML6ImUV6citGo1FlZWeXl5Y8fS5PpuqfcvHm9eHPhrJkzjIbnBz4CNe0sI+E+ESdrs1E01GowWQym2e/NWrUyo6nxEFBT8uJIKIDMJUsWYYAzJCoqOc5DFkUAOOH8yQqHQOuht7gPx2u32zUazdixYwGZ33//veRlychIX7EiDb1JOJaRY0g29UDtSzbFEMDGMAo3Ro0yPzdnY846yR+4LyLkOms4ULAxRzjDVEy5H+d2gAEk5Exx9YeBnFIUiiJEOHOwyCDlTEDme++9h6tWqxYcgoPjxEPCoKS9eRw2SdqbEM5YeBuzg7PFDBlqt/HtbW1lW0vRwCUvVN8lwpkDR364d69sa8mCBR+ATBC2hIUciD7oHcIJ3VrxSOhAXZ+w5cfrdBC8wQ0IE8yD67EjR4oKC0Kaqi5oEY5h3ZR/oLZWOCBYp+ZfvDSHl3DZmL5wJv8CNXtyCCAzFLNG1VV7gJpyWUx8nBd2gNp5Lrj3qr3bl4GTMWrhh23z3v9g3OixQE3JCxIKAWQumPfB9pISRfQQ2qSPdzt0ShmBTAnnM20sB2hxOp0qlaqmpuajjz6SvCAz35s+ffpUjCDMJoNwnJadD8K+aNJo2CQakrPLwZlHmpsO1u+X/IH7KO2nW/7R3Y1YSQsnoxlAmwj9Er435zhOLpd3dXWFaCtQhDMHiwxGziwtLf3ggw8AmWq12mQywC0I7oAy0laTC0NQlgJoSbg+U/D/vN1iMrud7pPHTm7dUgLUlLZEUkmEMweOHD/yEVATkMnbWGAJfDggEyqYRjw2OlC7YCCFZu5zOfVqFTgzKc4HT6hWKXbsKMtemwXUDHeJexVAZklhYVZ6OjwDSUYE1CTH3HgdEuU7Yiin3TFkyJCGhob6+nppn//69eslJcUL5s2FqxFMSVMuJxCE1SjkoH2pOJMymhgh6yY7Kjl59IiRQE1pSxFSAWTOmz1zTUa6TiEjixL5344I+qjwZrCvXq93OBwajSYlJSU9Pb1Naj88ZvSo1FEjYF9wpjCUYBmeoQO1Lyk+Ck6yIgA7EQcx2mo7fUrap+27ADJ3l21dOG8Oor/bzvlPj5WEM2nKarPZMCjYK0oonj/CmYNFBh1nlpSULFy4EKgJb6PVanmeE3PqMg48tHDmrwVNjswaSdXeLAajUW+w2/iOjo5tW7cBNSUsjrQS4cwBIt3d3TXVe3NyssGBhDNhEbRQktfaY2dF0wRmFyFVI231OOwGjZpk9oMnXLhgfs66bKBmuEv8b+RIYyOoe+EHc7SKWMRfcCbJ7UwOFgysHl7MYfIv1mqSfspzNqVSOXPmzC1btki71765uQmoadBrE+J9ZJMI6BJmFbYESpT3RiwCYzWZUxKS5s/5AKgp4fP3jwAy163O+PCD2RhBJMd5YF8Ql4TvzWFflmUZhrHCF+l0gMzCwkJpi5CclJCUGA/IBGoKW4HEzOrB2ZfsvifpFHRKWWdb2/kzA/F1w87S4vbWFotB63HY3rA4MwjOtLEcjIUYvWrVqqysrFA8fIQzB4sMLs4sKytbtmwZUFMmk/E8bzab4XUQxJ0OzuVE7DWZjFqGNguHoEnX3hycDV0Gbg3fPqB2l78qEc4cIHL+XBtQ02jQsWL7RLRCmySenKNMiV4X2XYdkJIsNw6OxU2c26WWy1xO+3dff71/X024i/vvBZDZsK+6vrqSnB5Ccu6Rk9ADbp8vtv8QV/Nc4cEsJo7j9Ho9IPOGdAflPHv2rPnwoaKifHAmvgKVL8xqmk1OG+d1OoT85MFypu23V054xWr44vIXxQWbpXr4fpZD+2v/8uBBvMc5NCoqwesiY6tA7dtbXaE3keRdZrPRZDBOmDBhw4b1165dlurh0WHTli1JiPfC0PgidK7gOBMN259Lgex0U8uiW04eazp4QKpHlVAAmfPnzCTbzKV9b46xmMViQX+cIUpIHj70nFlXF+FMCWQQcebuXTtWZaQD9kwmE6I3BCNccW6BA16ipwi0Ka6Cg7K/XRf0Snsz97i+OQpY4dM6OzvxvZK/ppFcIpw5QKS6am9pSbFerSKTkK8JVYGv3+DFo3DI3h+TTmvQqHft2NXU2AjUDHdxf5cAMvPWr5k1bZJOGctRxiSfy6hRODmruFTVjN9A0WLtDEiSgopHwJvdPEPS2pPGjL/Hn7EWA7TnHwu91cY6nU6tVltXVydhKu//9/jPQM2e3u93xtxeYxx8o7i9F65FSHVFmxHfeRv9TlTU0aNHD+yvB2pK9fD9LIDMA7X74C2tIAwxxaid59AFxF5AWFpYOgLDBTGfj2EaSdcAP48+BQwAZDYfliwdZbcow1MSZLFDPeLSTDyqYJoAuYXkibXoNRhRDk/w6VVyYGfRpryiTRulelRpZcWSRZkrlwOGEb7x2K8udSDRnFjtJUWXfO3vhVPveQ6twGq1xsfHjxw5MhRPHmrOrBMkwpkSyGDhTIwsNubmADXRehFQ4GdI/joHxwbu/80O2vivq9CtRBUP7YVjgSuzmowatTLO7cIg+tatW7vLy+E8+16KUEuEMweC3Lx5fc2a1TNnTkcrEvJbSvReFSq8jjQaEAMtBn1yQvzPP/988bMBlCnl38ru7aXXr14CIoIVgZHxbjtZqgpQxNXPnPiDF6mfhCjmR1D8CLAkbIk/dtloXAmCosGjwyoUiihxk+D58+eleuZzradbjh3RKmID70evj3Fk4gh4ieAI1IzzuYREjQbNokWLHj9+HKLMkP0m8JM7tm9PT083mUwet1PI/iSmgeo7Z8LWaBj+aQR4ueKiwoJNeVI9OSBzxYplI4YnChmYHRjPGYNbf8WYDT4nD9qkDFoAp0mrMuvUM6dOWrcm8+7du1I9rYRy/PChww31GnmMm2e9DttLq2p7ZnV4Hih/q2Sg95ICIWB0lmUdDkdCQsLixYtRvZI/eWg5U6EUObNO8sf+A8qg4MzW1pbCgnyg5ujUkVqlgqUs5JQ9j8MurNMOzF+ZnxNmDyX9xW3nUHyMmuM9TjIYR0/p6ujYvWsXUFOCug69RDhzIMiRI01ATb1O4+JtfXmv+mr8QtgSDjG3cWa9rqqivKZqL1Az3MUNQACZWwryFsydZdZrNIpY4ah3cWRHmitBCJJoFIr+SIZ+pD3DKbl4Fkr2UuH3+BCDRmnUqnBvZ+mJE8bt2LGjra3t2bNnn3/+uSQP/OjRo82b8mZNm2z4bT7evnAmSdePyAjnpdUoPG67WiWjKOONGzdOnToViqRM/SzNzc1/+tOf4uLi7DwnLGYQc577w0fQnElms4npyWyA2+VY9OGCi11dUj05IBOKIQA6rkGvRvNzcPTvsWlPZS1GsruNzA1CAZx4ZkDmwYaDUj2qhPLFxc9+fPxYr1YZtRpEVQfHkg1QNhq1LaT1E0/10vn7JumAMAHZpe7f3kh+g96KPxZyJdEUxhp6vd7tdpO5YsmfPMKZg0UGPme2tJzYurUYqOl08Cql3KTTinvK0aJokqe6L5zZc1xGikx2ahAPeenSJ7t2bu8a2Gsye0qEMweCFBcXFhXlRw8bgnGQhHlvwJnCoX4OO9r86BHD0xYvqhoA5/4EKuVlJZ+2t6GJghI58RxkjOyAlABIYQ5EDFjP55HE98v4AxAFSetHYhnAEv8t+mmc2zH7vWnbtxZ/1tkOIMzdkLOluPj69et/+9vfpEri/UlnJz7ZrFO7bIGfV977e3MhNLOUy2kDzCA+gjbXrV1dWVkh4bLSMAogs6KiAgGaHEnJMlYoMeiLCGIOgjM5yujmGTKTKSz/szHDhr4LyKyurJTqyUenDh85IgmmgcI0+IqX1pf+Hm7xJ3flhMwSZnIKp1YpS1+RvrVk6wBcfAXIzFqZPiolGbFVzA6oI2ox6HuqWh6DsaFOJcfgzqRTAxgI8OMe/ZH8iIZN4FyYAKKE+UybzTZy5MgIZ/7BZYBz5q1bX+7evROo6XLaTUa90SBs8Ixzu9AdGAuClJDpTCrOJNENvQZKWy3Xrl3bvXsXUFOyug69RDgz7IJmk5a2NCkx3mI2opUKMwPSvTdH5PK5nGq5rKGu7qDU2Xv6RwCZGWlLx6aOYMTDIr1OnsQskvcJ7ZY0XbggYWmcGLPwe/wNohuZVFm6cP72kuLPujqePn26uSB/e+mW9rYzt25+GYozR+rr6vbX1MiGvhPEuUW9xTiCSZTFAM7kbbROqxw9agSi8Mcnj0v+/OESROelSxcnJsSRNFDQnvPVwXEm/hNhWQVDkclMXHVadUb6iuw1ku1lfm/6lCmTxwtvzFkKBsIIKIj35iRnJsIfyaVAsisIAyujCZBZXV19+/ZtqR5YKpk7e+bazFVjR42cNG7snJkz8OO8OXMWL5i/fNmSVekr8E/ZWZnodDtKi/fsKKuurDiwv6a5seF4c9PJY0euX70E/frm9W9v337w4O6Thw+7ux/++ONjNOm578/98MMPcXPq1KkIZ/6RZSBz5s2b12trq4GaGBTDpThtHNhS3LorHL3HmEx2mnbbAs2/95wzexImKRcJbXaeg2/EMHl3+S4wg5R1HXqJcGbYpflwE5qNUiGL83n0alUQ+fd6U9ZijHPZzXr0U/aXX375atDOfW0r2bylYJNRqyJTl24753PZ4z1OXMEPftrUqxVkzjPR514wd1ZddQWi2NJF8xfMnb17x7ZPLrR/d/cOUDN0zwnHWLxpEwKuVhEbRB7I3mIcWQNAYIZlLFqNYnNhXuPB/aEIxGGUrKxVR44clstirJSZcCZKLUwPBsuZdgZdwIAWQiYz0TbcLgfc9Qdz35cqDcjqjBUrV6TpdSrYBQrO/Hf7SV+j/tMHwJloNs8zKjCU0aBLSUkBZJ4+fWqgLXcBSc57f/bsGdOnTBg/c9rUubNmzn9/ziJw5tLFq9KXZ63K2Jizrrggf2dpScXOsprK3Qfqag4fPHCsuantdMtnne1fXrty68vr335z6z/vffvnR993/+WHv/71z3/721+6e0goHjvCmYNFBixnomU2HToI1LSLKSYoizCTQ2b1BdRkWc5igQbOmZbeOBOOC6W2mI1Xr17avWuHhMt++k0inBl22Va6tbioQK1S+Lxuo1Yj4XwmbdKDM1WyWMBPU0ODtCki+1OOfiSsX2UZ2mTUm00GXKF6nQaVBsU9xpVJifGrMtJra2vu37mTtnjhskXz99fuvdB+BqjZb8959dNP4Rvddp5kQZSKM8n6TN5GUxaDQa+O97nu3r154vjhfitX/wggM23ZkjGjR4EzMXL3c6b4JjoYznRyVov4LpssPECoIiupAJn790sDA+U7yyordqpVMoY2gzPJYuBAuQWBz3/gJsaG4ExO9MYsY8Xwc+rUSYDMrs4LAw01B6NEOHOwyMDkzCdPHpw+fRKoiRGrLDZ6eGICRoMu3kZmMqHASztNMyZxk0XAIeBlwrS9yPeF2NfV1bVz53agpvR1HXqJcGZ45cmTJ9lr10ybOllYkMYxGBYJW9Uk4kx0KDfPmnTaH+7dO318EL9jBWRmZmaMGzcakMCxtE6rBls67Db8Jitz1bEjR1CNmatXrUxffvBAfce5NqBmWJ7zcEPD8eZmtVwGVHByge43fNP6TJ1K7nHbyTbzJYsW7K3cDdQMSxlDKqtXZ+zbV01ZTH7OFFbuBcuZLhtt0irJSl1EK3wOmo1WoyrYlJe3cYMkD3zu7KmWE8dUylhAC1CTfFeg3EL2m7tsjFVMlktajrj2Q4vR07Ch706eOB6QefLkicuXL71lk9j9LBHOHCwyADkTXe/8uTNATcQd+CjeJsRWQKZZrxNQk2VpoxEhGze4gjal4kyzyXDx4sVdO3d2DcKZTCIRzgyv3Lz5FRgJ+CQcfk2ZEQglPJfQ67DJh707d/bM3HXZQM1wl7VPUlm5p6Bgk8VsnDhh3NaS4paTJx8/frx2Tdb6dWuPHT36+dWrqMbwPuGzZ8/qa/ctXjBfmJRmAj6M/g0xjmx9Asw4HRxC5J/+9KdDjQNxG3LfBZA5e/ZMr8cl9gW9fypS2M5jCTg//6sem+wwSoj3rsnK6O5+2PcHfvL40Z/+dF+piKEsBqCLi2eDeG/eG7fQZlOcz4OBVUz00Pg4b0NDPSJd54WOh//5QKpta380iXDmYJGBxpm//tr96adnxSXEs96JigJY+lxOZWxMvMctWbx28nB6erWCZEoxaJRgAQDt/fv3q/buBWqGqq5DLxHODK+cPt0Cv6dUyOzCEQIMSRIiVbsVdq0qYreXllbuHnzbzF+Sjo72n3/++dGjR+vWrS0syG89ffqLa9cGVEqfn//xD0T/campwIPgzk/sLcYJKazhYBmLxayfOmV87oZ1QM1wFzdUsnZtZvqKNI1a6c+HgyhjNWqDy2v0Ws6krRZA5pUrEmzY/L//+wVGdwGIaTNQE440iLxGvSkaktGgg1twuxxqlWLokHcmTxzfUF+Hbzx76uP21tPdIdjI9nZLhDMHiwwozgRefv55F1Bz+vSpKqU8MSEOkZqxmJPifCadVrL9FGLR4twOACfJ9MXb2GvXrtXUVAM1Q1jXoZcIZ4ZX8jZuyBHPNEc0cdhtdpaRME87aAc969vbt0+dOBHugvZVAJl/EyUUm8QlkTu3b6MrCeZjwEU6CfMaEZ8DmFEqYvbtq6yp2RvusoZQ9uwpv3DhnFaj8gcXt50zqOVOLsj1Tq9yJrpbY2ND82EJ5oSBfOW7ts99fyY4k2MpcvyQJNwCHZmcALcsbF8SN76hDehUclxHJMVvLykGZO7YuuXksSO3b371008/9b0sfwSJcOZgkQHFmUeOHBEPZUjTKOQqWSzwEn7eajImuN2s2fxqpHYGFa/1agUIE4U16dRCki8xhdHevZWDbnf5qxLhzDDK48ePszJXpY4cbjQIOYrtPOe0CWnVpeJM0M741BGrV6R9O/Dyorx9Ur1nT2V5Odo8OJM26SVcn0mygLKMBTADzO7sHDTpeYMQQObiRQuSE+NIqYFYdiHtj85jDzhPVG+cCYhNW7Zk9aqVkjxwdeXuyoqdBr3a63GQDOSScAuJOy6eReghCbuS471xbodRqyI5uwC0SxfObz1xDJBZt6+qoX5fZ+eAy7Q50CTCmYNFBg5nrly5cv369cuXLx8SFZWSEJ/o8xq1GnI2gVmrjXM6e+PMQJsQSofOjg6ulsfwNvb27dtVVXvfAsiMinBmWOXGjS+AmkLaTAZOz4zr8/yuEnGmUaPMXLl8XdaqcBf0DyHpS5cuW7jQYkBXshCHFng/en2MA2sBKrQaxYcL5hZvLhywM7pSSW7OuvXZa0gaK5/LDqzyOjjxgFFpOJO2WjC4y1y9SpI9NWdPfXz31i1YB+hCsmxJwi1Qi0GL0ONx2MBCZr0G9YAKIYdekRQEKlm0PHpIUpynuCAPkLlg/tw1WVnHjx+/ceNGZLvQayXCmYNFBghnFhUVzZgxA6ip0WjIrh/EaGG7Ls+7bTYymfkSYTqD5Uyv0wHvRE5DE1N01gzAxLnBSYQzwyinWj5ubW3RalQYvAgbHygzhkiclZKQM482NR4/3BTugr790v3oUdbK9DEjR8B8wolOLw55CbAf9boPCH1TIY9uajp46NCgTLYfkLSdae04dw5OCeriWZ1KHu+2S7gPyMYx6HEgsa+++qrvTwvIXLc2c3TqcBiIbJCXhFugo1ISSdpPBFny6hxQRI7RgbvGP+E3buFgWb1GEauMHZaUGJ+ent7S0oKiFRQUVFVVnTt3brCv7JJWIpw5WGQgcGZeXt77778P1MQ9y7I+lxPunTIaGIuZZGJ3cRxnsUjCmTbh/YWKHFFx69atffuqgZr9UM/9IxHODKMUFuZvzM0x6LUk/AmvzllGwnMn0a3AP9cufhbugr798vVXX6GqMdS1GPRC2l6LMXAoetM+IGEui7H85S8PJNm9MsDlzjff/P3vfx+ZHIdSo+yMsKmKkpAz0dEsZmNra2tHe7skD1xXV3PgQK1cNozs2JKEW6AmrdLOCFlAaZOOMmhw77LRcNFAT7E2ED0pjjJajVrcx7kdZpOBCM/zM2fOrKysBGQuX5a2PC2t8eDBjo72e4M86UTfJcKZg0XCzpllZWVLliwBar777rvJyclmsxmECd8OJy8ct2o2OxgGQdln418izKA5E5/sdPBXr16q2lsJ1Oyniu4XiXBmGGX2zBkzZ05H66UsJrLeQ0jSLt15QAle9+r05ZFNqf0g7WfPdnV0mPU6lSx2eGIcZdBK+N6crAwfO3rUunWZQM1wlzXkAsjcWlw4d+Z0lBquKd7jBEqBsgKtzxfJ6HoGI4EzSar/yoqK8l3S5GH4/PMrT58+BbcAWqTKa8SL5xkBKeGT3TwDpEQloB3g3ue04Ze4R+nE7VFmYKewnJWmhJduDAuK1mm0Oq3aaqEcdtvqjNX799cCMtPTlq5MW1K/r/rmjet//ctfBu/BDUFLhDMHi4SXM/fX1qSvWA7UpCkagn4EvxHndhk0asZiTvB67PilweCiGeirKzOD2AckFIFjgJc1NVWDNBn7G0QSziT+/Dcdswdnbi/dEu5SDkTp7u5evmyJz2XnKJPHYSMnyASXdxH/lZOjwTYeO4d7i17jddiMWtWqjPQlixaGu6B/CKncXb61uFirlJGFc2JSI8nGaywlvFIpLNy0IWdduAvaT1K2ZXN5WalaHkNWJJIpu6Drs6dfEt4XMLRBr12xfMXqVdIsXQZk7t1TsVRcnSukJmOEI71cjNUJ8DMZcOPjWT6oKe6AQ5XI0i9dNQo5ahLj2ZHJCcuXLK6rrrh76xYgs3xHWV1t1dmzp7799i1ZBvZvJaScqVGp6+vq9kc4UwoJI2dWVlZkr8kEaqpVCtpscrsccL9uO08WRP07n/Ov6xsUkRrXOJddLYtO8rlVscO8Tv7mzev79lW/ZTOZRCTizOdWfsnuerWitLhwW8nmcJdyIMq3d+4ANdHmQZhodaBNAplBrOvDf+KyMfgcXMkHusVVbSXFJWWlkcnk/pCsVSvXr800aJQIW+BM8n4zUDv2xplAFwBMU2PjkcPN4S5oP8mFs61nT520GLQ2cuymWS8htzttHKBr+tRpuRtypZrTO1Bb+93XX4PohKUvFMWYTCBMO2UGZIrAaekHznxDUINbYC1GeAaMRnHFODQ1JWn5koWVleWAzKVLP1y65MP6/dVdnW0//PA2v1sPKWfqBM6sb6g/EO5Svg0SLs5saTmRm5sD1MRolLGYhXTWDI2rsG9Cov5o0qoQoMljxLsdjNmA/vjNzev1tVVv05rMniIJZ/ZmdwyitxYX7NgWmc98jVy+dPHqpUtw+xa9hvAh4cwglvbhP0G7JaRKOpSQoV0pO3bkyLGPjoS7oG+/PHv2rKy0ZI6wBEKHfgSX6BFyXgR8xPkb5jPh6765+c3VS1fCXdZ+ktvXrz19/JjsrRZ3cJuDeG/eW326eFAG5bQ7AJl//6+/S/LAgMztW0vmzZlj0KjtNO1gGIQPdEyvjRVnNfWuoF5VSKI9IywgU6+SaxWxGIfCReh1KtpqSoj3zJs3p25fJSAzfcWSlSuWHmk6eOXTrrdvyU1IOXNIVFRzU9OB/W//Tr1+kLBwZkdHx5bizUBNjqWHRkUl+rzCShvKkuD16NUqqfojmRRCyMZj4GFSkxO+vHZ5f03lN28pZEaFmDMNGmV1ZXmEM18rjQ0Y+dZhaAPU5MWze/ydItD6JzOiaLFATXwOFDdGrerm9etf3bgR7oK+/fK///u/QM2kOA+BTFoYn3Li8rnA7NgbF1lNxkSf5/79+99+8224y9pPAsjMSl+eOjyJZNF02WgJORPQ7rRxaqXqyYMnf374Z6meeX919YO7dxmLmTYafQ4Hogk4E5ApfLvFKLw6lyhOBaogXjIIdXI0FP4Bz+Zx2BC17TxjE6fLdVolmJOhzW4Xn7Ey7VBDHSBzTWZG8eZNly6de/z4zq+/vg2JkkLKmUatrramZnXGqvdmzJgxbfqUyZMnTZg4fuw4XCdPnDRIdcK48SjCxPETpkyaPH3qNOiGnA07d+wIdV7H/ufMi11dO3dsB2qajHooXEQcOgODcZjRn0VEEo1z2dElyQ0GfRNGj1y1fGlHW2tI6zO8ElLO1ChiS4sLly6cP2XC2IljUydPGDNt0vhpkydOnRT+7hOsTpw4buyEMaMmjU2dPmn8e1MnTZk4Lmt1RlHhps7OzoBqvmhTHhSQSeY9CBzyQS3RJIMjp/B60UBCCS2eDf3TTz/98J//GaKWExG/dHd3P3z4EDhENkdDpZ3PNGo10ydPWr927R8qR83Cee/Pmz3LYtDCNYlJ2iV7b47A4XHY5bGya5evXflMsiliQGZ97b6CvFy1XIbABJYjoQ1d281aPYHn7ZdQ4VXwJPAPVqMOCv9AAjfLPFcQJgIq0Zjod6OHvaPVKFJTU4oK8q5cuQjI3FNR2tR48OqVKwPqsNdAJaScyVnpkcNHzJ0zR+CxadNnvzdzdGrqhHETwh2z+qpjUkdPGDsOJSLlwhWQef78+ZBaqp85E61id/lOoKaNY7RKBfw3SwkHv3p43mowmDSa4fHxUnVGBH2fk0dnjHc7ePE1+tGmxt07tz14cDekVRpGCSlnxnucwxPjZk+fOn70yMnjx0waN3ra5PEzp00Oe8fpk06eMHZkyoTRI1CQWdOmoERjU0cAMk+cOB5QzS9ZuGDxwgXkLTk5PgYND10giPMK8R+iH5FPIP85WvLY1OFrVq+MHEjXD9LVBft3GrUqcm6LcCS3mHAmUDv2xkV6tSo7K2v9mqxwF7RfpaRo0+bCPNSqTXjTJOV8psWgd9t5tVLV1Nh46GCjhM98/lwbetyIpEThWDqjjowZ0TH7Zx/QG/wDL74xIUEWLoIs1EHFErAEZ/L/P3tv/hXVme3/kzgw1XzqDHWGmqsYxClO0RjnGGMMjqgoIEGZlKAiIogoiCDBIQ4gBiWOiUOMU4gaTTS2Ma1pPrc7bVw3fe/KdX3uWh9/+v4P/X2f8yhNVGyrOIcCrb2eVX0gbXGeYe/9eqa90cLK2iaAEw9ej8PlFC1mPZgTwDl4UOKM6VN379wJyMzPy9lcVXH82Gd37/a+0AfacaZD5kzOZDAa9YbY6BjGSgs2HmNM5AWasvbqYoM/MVusFspsNKGC/fr03bVrl1oxwTqT7uTM1tbzVZUbMTDi43wmox6TUIfAgzOhxQItp01xCfKha7X0Ud7mgE1wO8iMD5yJFwNk1tVWadqkIRRNOdNiiNVF9aOMOsnGuO0CS5nwGzlvmtUSct0JusBJwW4zZj1GPlTAEBPZJyKipqZ6377AcoiPGTXyzeHDJI4my49ehxg0Z+JLyI454UwMY9ZifP/dKdOmTNRo2ISlo2zb9nFd7RbGYsQI9zoleWWDswaRv+Y5nFlbVbV548uc1vxpady1s7lhN202ELukYnvyjBxGDK4zLze3YPlyFd8ZkLn947pDzc1jRo0wxkaRmO3QTa9DCCr+pzqFGAfYmXZXi09MReWDr0pqIRhnFJIOAL/EJ2ZMcArEbuP3sqHTR1vMRknkx49/u7KiHJCZn5ddW1N5+tSxtrZbKrahpqIpZ2JQeRz2RDn/qEgybkBz3XZJufXfuwu8HolPjtoBwE4cO/bZAW33ebuNM3+8fn3n9nqg5pBBA+HK3xg0EPYB3Zfg8bhFkTWbSUh2Sq/a+UwQJjx+vMcJHbToY/DAmA2zZkxbnresvl7NaW/PEU050+92oHgcIpwvxolZHwPzhd+EXGu6WGCxbVYT6gIjnOj3oF7NzU27dwdwF7itrW3urFnxXi8hQ4w6jD3wITlDFcTQJUua5NswSwJnLpw3e/GCedqNnLC0y7qS4tLSYoxwQBFJ2sLTZo89iPzmz+Yiymg43NJyVOONqp4mt898eeXiRdC7vOymans6BACVzWqhZiUnz5k9W93XBmQuz16WnZlBOBOujTbp3ZItiPgDahXiZx3Kvgk5WvNoT19x3MR3k+xLGLqw1cQXyAHnlUtYckRQBUcBmSxjBW0aDTo8jBv3FqZXgMyi1R+tWbMKNlDdltRCNOVMABg5yCcndmEZOV8Dx74EnCkfAnHYfS4nUBM10kdHHTvccuzQZ5r2VDdwZk6WfBJpz65dQM3hw4bGxkShy6wmGBwohcBZLCLDxLlcNoqy6HTATrX0kUSGwTv4nJLfZQdt4kd9dH9A5rqSdb36XEpnoilnYmxAi9k/TpyVPxR63elCIbWWE3+ggqBNTIIaG/fs3bv7xZv9z3/+M1ATJohc3iEq0K4IAftThTAJoBJSNcZEFi7Pzc9Zqt3ICUu75OYsy8nJxjiHScQ4x8CwGmO9joDXpT3QEWgKS8tF6UpMpck+782bN7+9ciXUFe1W+e8rV/554wbQ3SEv8vNBrAc+Z99cDrlstkwYN37SBPXX/AGZ+TnL0ham9H89Qt70l2eQRr/Hjv+BsuOzfeOMzArV8l+aFtmkSwJQkyRUsnEMx9IMTaHMmPEeIPPdqVNyspdtq/+4Jydl1pQzO+bXeMmKnF1REASahkWyGgyYTB0+eEDTnlKRM6FlcJFQN3K/G8+sxbgsM33ThrJ9jQ1AzRHDh5l0sS5JNOt1QE218qQEql+Y+QIyt23bpmnDhkQ05cxOx0OotaZLRamynAyOoTDsgdAmXfT27fWffBJAGvGbN2/cunVLXld5jJddGaIEVts33KFHZl30uuKi9SXF2o2csLRLyry5C+enUEYdMYby3MpiCGL9za2gESDTyTGOx5xp5ziRYzEr+eVlnOc+RwCZC6ZMhGpIcnhYNeOR8gztd7vMRtOoEaNGDh+pxcvv39d4//79N4cPhWlNiveBMznaFO9x+pwS9JRsYfO0paPa9vwi7wU/5kzexhLURDEadNFR/fGflqSnATJzl32Yv+zDfYHs73SbhDkzuPI0Zx5q/lTTnlKRM9tvLmBOR86VcZTpo7zsrVWVt2/fHjd2DEYybCymn0MHJsE4dKx4d3Imx7DJycnLly/fubMn6k5XJMyZARe5yszTnIkSQLNfvNDaeh5DmixmOghUPA6hGVzxdgicQpv0H9dU19VUazdywtIukydOmDRhPIYB2WeUtxpZKojzhE9zJrHwfqfzYVvbP9pehsAyAQkILSneKx9QkVTOr+R1Oox6w8ABSYsWpj7QIP0iIPOLzw88fNjmc9mj+70+MNEn2uRlTHg6Eu0W/o4EmiCZQXpHwYBUiv3R9WqGFDmpmY2hzQaogNWkH/vmCEBm8vvvrV61cl/jvh61D6gtZ768pf38P4yS1ag73Nx0qHm/pj2lImfizdsTAZN9aqjhipylsKizZrxvMejhiGW8FHiPJMHePk2YQeSRDLTI+7+crW/fvoDMioqK2y9X6NrQcGavL13lzKNHD8lxuswmormkkNB2weUDkmOnOETyb2EToErNTY3NAV5NCktw8saQwUMGDTTrY7xO6dF5tseZtQMq4EwnR7dzptyzHCcyzBsDBy5JSXn46nHm2NEj3xo9EtYJ0K7iPSA7b3NJosVk9nm9gMz/+q//0uLlAZktn37Sdvs2RgVt0dsFhiTlISpPApF1cWrZ3eUxZz5RwNKEAfxuB36EIrCUKc7vzl6aDcgsKChYsWKFFi0chIQ5M7jyNGce0fg4roqc6Xh8f8Gh5MYiibHmfDB93qyZZr3O53LGez2MBX9FtFEUSRr7TM7UdEgQzqQoyu/3AzLr6uo0bd5uljBnBlW6ypm7d+/avXunfFxcGf/t8U+C40yy+0Z2BPANRI++PHn81OdHtRs5YWkXv9fj9bhgD4mfFeWY2GxwcY3AmYDMds4EZPJW64Sxb41/a0yoaxkC+eD9d2fOmMbKiQwYdTkThWNYt9N1H/J3rWJ/ATKb9u7BXxg+bJA+ph/YMs7tgKezyyve8vBoz84QktKRqf5tkf9JB7YkF4hIwchHsSkxOfFJDirjt4yVNpvNgMwZM2YsWrRo167Q5ybT9r55IO3Zuwomvx7BJtGUm+cYg+5Yc9PR3sOZ7f6xPb40HgYl+MGW8vkZvc4pCm5RZEymQfHxMLlPEKa7uzhT5AWXyxUdHf3+++/n5eVVVb08YY5CxZkhV5wuKV2XObNmy+bq6iqMcHIjwPF4wtgerT2w9rcxJF9qe3wkPFy6eLb1/FfajZywEGlra3vvvXftkgCH5bYLZEhghAR3npBwJsbYo8DaNI0p7gfTpr3/7ruhrmgIJH3R/CVpC+XQRqrGNSLB8WDV7aLUdqvt5z//rF0VAJlHjzT//nvbjOlTdZF9rUYd0XQytez62eyulEDtnrOT9UyPQ8TIJ0kKvE5pUGJcnMcJPDAZ9R6Ph6Ior9cLyCwqKtq7d29ot9HDnBmky3uKM4/1Ks7E/E6JEiPfucNED79hLUYSE4ClLPLFQLd8/QeTeo8khYozHZJdFEWO4zA7A2QWFxe/NIk5QsKZIdearipdlzlzw/rS8rJ14Ey7fMdBwLAnWxJd4Ux8Qo/8LjvJ+nHt0qVvv/lau5ETFiIkdICNY+Bt4WcxJOzBxs9UIPNJzuQslvlz56aoHX6nV0h+dtaK3KWEM1WM0+4UBZ6hAZkcw16/fv2H73/QtBaAzHPnDj182LZgbvLgRD9BzXiPk2xE9irO/Fd5fDJELjarCfbQY+d52kwZYliLQbaQdsHv8/AABIbR6XSgzYyMDEDm1trapqaQnefRmDOZl7U4WKtH4CTa4uZZxhDbuziz3T+STQQyxZNPbIqC1WQcmBBv523AS6BmdMRriS73E4TZbZzpcjihLA6HA7Rpt9sBmS/N7nmIODP0itMlpesyZ65ZvaqkuMhikEO/QgXIBQGHso8WBGe2fwl0B/6LPHx3+fL3V1+tSDghkdu3b0EYmvK57CCiRwEJWSqI++btnOl4nCgQ82vGYs5YtDAjbVGoKxoCWf3RChSrSS9xwdilZzCDwpluQAZtBWdSZsvly5e/+aZV64oAMj87uGND2crazRUukacMseTWHomkp53zevH2CYgzCV7CWZCCKRU+ydzK75J8ThH/HznmG89ZrRa0c0JCHJoa7TBqxChAZkb6ooL8XK3b/JkS5swgXV5v5kxyChq61v7wKH0ey7gkEQbW47C7BIE1mwe4PXb6yX3zbjuf6XLa9Xo9aBOQadDpZ8+enb1s6epVhZq2c/dImDODUbouc2bBivy8vFyMcLKJ1lEdguBM8g/JFQOyKQAlunnz2s0bL22+1J4jN258j6b2uJ3EEmI8uOT7HWwQ62/4J/DUTuXSOok3C0toMRtzc7NzlmWFuqIhkHVFq8uKi6FfQcaVBS20xyTpEDKChJ62SwJttZw5c+rc2W46XgLILPpo+bkvT44bPSK2/+sCY4kD8nJQW4vS73I4etiWeI/D6xBok454dtFqhnP3Yv4CW2FjfBLfmVEK1BRr5zQftb/Ey+ks5WhIGNIcb6PldJycFZBZvHrl0cOH/vnPf3ZPy7dLeN88yC283rxv3qUxbAu+ZwP9W9AO3iZ/wps4BJ6ymACZZaVrW1vPa9rU3SDhffOgxk9XOTM7Oysne6lanOlQFkLlbVaGIgubHrvw0083fvrxJTnd0ZPl2rXLV69edTokkpWgnTOD0CPCmY4OnGnjZM78aEU+JiahrmgIpLykBIUcLwmGMzvGvusYmkzggT2SKFvyM6dOnT51sttqBMgsKSrMSE2pXF+CvtZH9bVZTYk+Fz45ygi8hAXGLwGZQwbEgR79dmGAx5noduCZtxjBnCSYf6/gTLK23zEOErwMCgb2O5PGAzIvnDt7/75Wl7CeKWHODNLlvaqc2ZX+DfT7STIpcCbJIWWMjZn6zmQl93qFpk3dDRLmzGCUrsucmfXhkqysDLU4E16YxEghhElos+327Z///CftRk5YiFz6pvXSpYuAFpK2z06WcYK6B9QZZxatKly98mXYPQlUKkpLUSwGfXCHGJ/PmaJgM5sMJ0+ePHXiRDfXC5C5cnnOmVOfT3tnkhO4a9S57UKcxwkjLLBWn8vuV7LQwq3DufvtImwOnu2MFQ9w9M9xaj2KMzv7u5F9IlDT8WNGATIPNu/75ZfuuxkU5swgXV6YM7XnTBJvDZxJEl+adLGwUckz3s/Lza6rq9W0tbWWMGcGo3Rd5swlGWlL0tPU4kyyUU7OdpJbdT6n1NZ26y93bmk3csJC5OKF863nz8vpUWgLuQQkfyrn1gLtx844s6S4uLioKNQVDYFsWr++srycMhqC9AudcKa8k2vjBJ4zGnQnjx8/+fnn3V81QOb6dWvyc5bu3bl9zIhhML/G2CgMHkKbVpOeU3KXwLmLVgtnMgAy4xwSmBMevzOnFqgd1tovtwdyf/TnHt9PH5jgp80G1HFQoh+QeXB/wy9373ZPs4c5M0iX15vjGqlVAueEQPWFc9slORQGx3ocdgCnyajnWBqQuX79ups3e/EpuHBco2CUrsucmZG2OD1tkVqcSYIjobRzJjzU3bs37/50U7uRExYi58/KAiCUw4lLPPFcYc5URV5iziQCyNy5rf7Bgwdba6oAXYaYSPlyvbIk7nGIXqWQrQp8tscuU9EOa1rILnlHziQ76dAU4DRLmVDZYYOSAJnN+3bfu9cdq5rhOO3Bld4ep71XFDvHeSQJnwJNuyTR63QANa0mo9/nBWRu3tyLd8/DcdqDKipwporrmSQ8e3uWc3AmfoSS/vjDde1GTliInFM4k7fJF2xhDx951aD0KLxv/oS8rPvmHQWQ+fXF87VbNs+b9cGOuto3hw8lYc8F1mrRx5A5Y7zHSbIwEE3vLXa4s/VMYjl9LjserCb9gDgvIPPwoeZ79+5p3dphzgyyK5/izMNhzlS7uASBZCMCZ4oc67ZLKLBUtNUyefKE5fm5zU3atrl2EubMoEpXOTNT7X1zcksCD16HyNMW+OUbV6/+cPWqdiMnLEQunJc1CNBCLjg8WsAJKt5j+B7QE/Ly3QN6jgAyszIWp6cuaGpqmDBhnEkX67XbbRTFms1OnneLIm+1wgH5HI4/1OUP9+h7lh1uJ8w//FGBGzowkbEY8V+BmmZ9DAzp2DdHADIDMqHBSZgzg+zKMGdqXwCZIsPYOQ76jgc5M5EkEtrU62IAmbVbKrtn2V91CXNmUKXL94AyM1BU5EzyKbJWn1OCNcDDtUuXrl36RruRExYirRcvtLaet0sCuWnezpnBxGnvhDNzc7PzcpaFuqIhkLWrSVyjWHU584m4RmdOnwp1Rf8lgMwVK/KX5+fdunUrdX7K4IQEU0wMUNMjSfA+4Ey4od7CmZ39XYshNt4r52mFsgweEA/UxFCf+s7EZUs/XJqpbfyuMGcGV57mzKMtzZr21KvJmdB0iWX9TifUHHNMOYC8A87E6hQFn9cNyNz2cbWmza6RhDkzqPIMzty5Y/uLN3v2sqzspVlWk5EcrSRBuUk+oCD8KdkuJ+czyXomvvbb1vOXL/b6uFs9X769/M2lS5cAhBgPXqcc3UgGTiVydeD9aJWLApmENlnGSllMy7Iysz5cEuqKhkAK8/M/ys/XRUXGe5wkkUFgdrsTznRJIs/QomCzUuYzp06d/erLUFf0SQFk7ty+fWtNjbzKV183feoUh8Cb9TrMOshiLD7Jgxxzj5F32fCjz2UnJ4TtyglP8kwctP3xaUkyDyKzGK3tZGf2n6xzkuOaZJzjJRnaDMj8MPPDPXv2aNewmnJme9XQtiQFLYrHIQbqH3taEVir3+0gnQUTp4vqd+LY4S+OfKZdN0X0SM5E55L8qngHdCteaVBiXGxkX9psIO1jiIkckpSAB/K2atkrQCZR/ykTxhetLKir3aJpy2shmnImWhvdQRl1+MRowRBtj6XWqwuayOcUMbQw/mHb+70WsWcXZOeLN/uK/Nzl+blacCaJa4Ry8ezp81/2oIWal1V+uH7t5rVrIBeS3BmfhDNBjAHrkXJ76AnOBAulLVqYujAl1BUNgXyYnr4sM9MYG0NW6VW028AzdBnH0q2t51u/vhjqij5bAJnnzn61Y1v9qoLlbbdv11RVjRszGq0B2mQpC7mUGu/1+N0ukkkTYw+l/eoN/B2hTbJySEInoWCUEn+ttV/uzH4+kzNZxjJk0GBAZnV1dVtbm0ZNqilnom3xhXCmZGuDPLOUqf2cai8txGub9TFw5egyiyH2y5PHPz96SKM+ItIDORN/Gi8APSLnPfAX9dH9N1eUb62piur7Gn5PBjNjMZIFBxXtlY22QsET/T5AZkV5eTecZFZXNOVMtHm814XGxyeYHzYQY4b0Ra8uhCIwnKwmPVQAM5qGhj27PgmAM4tWryxaVagWZ9rlV7K13zcnWSxPHDly/LC2U86wQO7++ebduzddTjuGN0lxLsldyXadM2Uby9K01fLBB+998P57oa5oCGTuzOR5s2bSZhNJQ6CW3XYIPOFM2O/rsnwX6or+GwFknjx2rKZyU35Ozv3794uLimcmJ7sczqj+kdGRUYyVlgTRLgkYfijE32EckqV1eEZ4vXYn+IdVTY398r+ZrT++FoQ3kV0DSxl0+qSkJEBmQ4NWCdA15Uy4UdQC3+z1ODxuO2wBD42WbL29yEmdoDNKXTClMRljDx1sPnr4oEZ9RKQHciY8ProVwyYmut+I4UP693stIyM1fdH8ZVkZw4cNxqBKTPBhAFjMep8XHiBg+/+vBJdPWS3eCudixwTTzvOAzIa9Gq75ayGacib6hXwtoU3ihWUHGmrF6UqRZzRQN/HRZByV0kX1215fF9C+eXl5GYpanEn+Cb6HfAlokzEbGvfsatz9iXYjJyxEfvnlL/fu3fG4ncQeYoTblZOWXeFM4v7k9RCOYWhq3Ni3xo0dE+qKhkAmjXt74ri3MZFvv+kWqN3u7HymyIEBWKDmnTt3fv7551BX9EUFkHn82PG6rVsLlq8AjzU1Nc1PmR/v9wM1MR+hjAYMQgwbGCWfy45PApxkbQ0PsPP4hOHyux2Jfo/WfvnFORNuAu7bYjLzPJ+WlrZu3brTp09r0YDacSa+Cm0OJCN4SQqe8Yfaf+ylhbaaUC8QJqEstF5LS9OBT/dp0UHt0tM4E98PrZEj2+qi4uM8Bn10bm7W5MnjgJprigovXjwL/JZEDoSJJsIDWizQP+HuhDMFmnaLmELaMeM2xESnzJ29qrAAyKFp+6srmnIm8BJf2x6mA91EdnZCrjhdLKzFgFZCddx2AePfEBO5vb6+vm7rizf71q01tbVb1OJMstpDOJP8xmrUbams2FK5UbuRExYi9+//7bfffvN53STyYTtnBnE+k2QRaudMOQKMTV7SHDwwKW1R6oMHD0Jd1+6WYYMHvTFwoByD6LnxfDrVi+feN2cZq10S0Hd/+9vfQl3RgAWQeeHChb179qYtXjwreebZ02cxb3138qThQwbC5MIiobCUiUyEMd+Hhbcr5waJp8Z/gsPU1C8/xy90hEwyn5KXNHlG5AWv16vX6wGZa9eu1aLdNOVMNCy8A2UxxMb0x5/gWAoF+MHQ5l5dLGY9y1hQLytmMvpoPDc17Dl/TttoYD2QM+HuyXo1WmD+/DmTJ48HauJVAZllZSWLFs3v3+81p0MgMwt5HTjAP0E482na5K1Wv9PpEgQ8+FxOXRR4o25T+fofr/eauIWacia+Vl5qdogmXTQKXDBZ4Qy54nSxWGE6oHqUCRYF9UI1AY2ftQSwj9DQsLehYY9anEn2yj12wfE4xpFZF712VeHa1a9i0MVuFoDK/JS5iQl+OG6yMiMfPFOJMwWes3GM1+MEZP79738PdV27VX5va5v3wQy/20k4MwjX8Jz1TBRwpsftnD1rJnow1HXtkgAyG/bsXV9aWrRq5f37908cP1K2tihlVvKIoYPgnaP7vd7x3CYGFTlgFudxauqXn+MXnoBMUkSBlQQRYjKZJk6cuGzZssbGRtXbSlPORGtnZKQ2NzfgTzQ27gKMtTQ3Hez95dChZlRk796dTU17UFDB339vu3rlnOq901F6IGdCiQDbDjs/d27yhPFvATXb33b37k/u3r3rcooYWoBMh7KbG+if6IwzJZb1SBI+CWfyDD0wMQGQuf3jXrOkqSlnol9mzZj+xeEWjNLmxj0YsU17dh062BxyxeliOdzc1NLUCDPSuGdXc1Mjfrxz586JE1+8eLMfOXLk2LFjanEmCJOnLYQzyRcaYyLzlmYuz9Y2SEhYiLwxdNCwoYPJ8tGj05U8I7IBnwMndNp+9h5FFGxATUnkf/rpp7/8pZty8/UQ+bWtDahJ9rihHUHE++qMM/GF8sUZG5s0IGFAYnyoK6qaADKvf3ftxPGjG0rXlhYXAgbOnzm1d+f2yePHjhw22OuUMBXSR/fH1Jick9fULz/HLzwBmY+eJZvL4aQoyuPxmM1mQOaqlStVbyJNObPfaxF1tVvq6rY0Nzd+ur9x/769zfsbQ+6tulhaDuxHaf60sWnfHsDz/v17zp374tq18xhdqvdOR+mBnEnWM+fMSp44YSxQs+PbAjLL15ei9xnaDMJ0OgRb4OemOnJmR9p0spxXEG1QDUnirNSAOL/FoE+ZN6dwxfKmJq1OMqsrmnKmLqrf6sLlm8pLDzU3Hdjf+GnjXnyitDTvD7n6BK93KJ/uO9jUsL9hD1CzeV/Dlye/aL1wDqj54s1+pbX17NmzanEmiWUEzsS/JV9oiO6flb5o/pyZ2o2csLTLhPFvjx49khyEI7dooUdC4PPZR5z5eN1JOQDMgzNBRNevX/72yqVQV7RbBV6mra1NidtDkYEdaHvKtPAszrTR6CkR9D7sjSHjxo4NdUU1EWDATz9e/ebil5srylNT5iycN1teANlel5G6cPiwwRLPmfUxWrhjgmftkPYczuz4IwkB5Pd5KItJDjrFWGe8Nz0vJ/vYscPqNoumnGk26dDCdVtr1H3nV1O6izMZkkj633Y3vj8qsk9WZnrR6pVAzadfGJC5JD1tyKCBYFEYbZdTDPSViKVyd/h8ZLsYNs7uYEymIYmJtNkEk+h3u6L79QVkbq7ahNll9/dOoKIKZzoe9/IT/U4ZdWVri9YWqT8t7e3y05/+9I+2NpFjCZlIjyPasZRJppTA9YjkAPK77PDIrMUI8hwzctiU8S+nD+1pMmvWB/NT5tFmg3xAS7nk65ZsQeybu2yMUjr8UtnkNeliT33++edq+9weLl+ePIFaA4fcSqiuIOLeP4MZHsfPhKHu89rri1MXz509O9QV7Q4BZJ78/Ngn2+qXpC9amDK39fz52totUydPGJqUwFEmU2yUzWomE15YEpJOHXNeTHnIwW+3EmyTxLd3ioLHYXfyvBxHmmbgATuuG3f0koH2F7mjhO6mrSaQMCBzy+ZN6raDppyp18XU1FRvDXOmGtINnCkbW97q5h5/PjK/jJNjvCIPRXDJ4U/thOv6RERkZWX885//PH/ubGfvvLLwo7Nnz3Icw7LyHUNyNJpcDsX7x3mcJOD281/+iZna8/UFkLmvYXd39ktwohJnMk/OCBR7btbr1hUXoYS6lj1O/t4mC/wdOTeFQUjO9aEjYGYD1SP4ArLaQ7bOydrmkKQEOJReMdnp7bJsWRZMEEmlZ1cuNQR3PrOdM5/gInDmx7VbqitV9rk9XLZWV23/uNaki5Zj8vBMEHk8O2tPwJLX6YiJii7IW164oiDUFe1uAWS2HGiurNiwbu2aBw8enDhyJG9p5ujhQ9E+YE4UUD0I0+eUBvg9sCSYtzJmg5wDwumA28XsmDabRIaJc7niHU6gZjthPrnlFyCqkTgeMINQJczacrIyqjZVqHv9TVvOjNVtkaVXZmzpaaI9ZzJgS7fN2rEQi+GTBDtj9TpEu2zPZXMR3a9vXm42huIPP1wHanb2zoDMDRs25ObmRkVFud1OJZkC53c7SORwvHl78AdVOJmnzQvmJhetLNi3O4CYiiERVTizM3se5szOBJC5eOGCYYMHkTgkUKJ24HxO/ohOTZyy50423GXVIOE07QIg88c//SnUdX35pbR0bUlJMeFMkjBCggtTjzMpoyF1/vy0hQtCXdFulaWZ6R+mp4IzYZk9cpAQ1eySwMqJg81GU3VVVXVlVagrGjKB37z1ww/Hjxz+KC8nI3XBtUuXYKunvTM50e/D1KZPRITFoEdDgS19LufAhHiMQ5bCRFjC/8EjSbTRyJhMblF8Yj0zaM6Ug8UJjw72Q5vgmvGG6kY37RbO7H3pWnqgdDNnti9momBWNTgxDp+0SZ8UHwddmDXj/bzsZceOHf23s559+/bdvn07KSnJbDYqyiKQGLZ4IAH8wZxqcSa8THTfCEDm5k3r79692T39EpyEOTNUMmPaVBSY0/YFTMKZz0mZ9BzOJPtcImslododSvDS1vPnW7/+OtQVffll9+5du3fvZCkT/KPPZZdvnbOUiutvsFdvDBz45vBhoa5ot8qkcW+Ne+tNEi0KnKlie5I1CpqyNjc1H9ivbZrm3iKAzE8bGzauL8vPXvb9lStbKismjXvbzvO02WQ1GfHJWSn4XDQdfpQTLvO83JIc5xIEtTgTXy2nwFD8MtACoNvS0nzwgJodFObM3iIh5Ex4Uo4y+WHJOVofHQXIHDNyBD5f5LUBmZs2bdq5c2f//n1ht+O9LhLXkSRKICFt1eJMWEXWYsCfAGTu2FardY90RcKcGSrJ/jAzOyvTGBtFRiDRILK0HsQ49NgFaAfZ8CIL/vjmRsje3nEfrVfL+fPnzp49i44DapLpKmaaQZ0nfLYeiRwLLnp38qRvW1tDXddukps3r8764L14r5NE4wFkqtieHgfsnNXGcnLOyQvhidgfBJB5+GBz1Yby3KUfftt6vjA/HxMckvnOpIt1CDxJc6mkU3fKF2AtlkenXp86pRkoqnGU0e+SyAnnOI8TFmzh/JSM9MUq1i7Mmb1Fuo0zOxIm+U8ia42TY30zPEOPGjZs6MCkF4RMIoDMzMyMCRPGYUaGYUxWHiQlFSlZ1VSRM1Fi+veZk/z+qo/yd9T1XNQMc2aoZPOmik3l5dH9Xidp18j1H3wGx5kkinX7KU3QpkkXXVpSWrxmTagr+vLLDz/8cO/ePTlbhNlAZg3ycWX1uMjOQ0HNgMwDTU2hrms3yRfHDgE1UW0YZ1lBGIs78LjHnbWn1+lgKYvX7W1ra/vh+g+hrmsPFUDm3p3b164qTFu44MypzzPT09BulNFgMejddgmQyVkp1mwGanbGmQH3l8iBM8n6D7mBHuf3zpmd3Np6Xq1KhTmzt0j33AN6Jmd6HaIusi9m96NHDB+UmADUDPTl160rPnv2NDDVrI+BX8D7wzWQC78qns8ErYksRaLjAjI3lpXevXVLi77ouoQ5M1RytOXgMVi82CgMP3JKE8XrlILQI3Iyk1wOJcGRAJwY2DOTk2fPnBXqiqopDx+2kRLqF/mDADIXLUgZNijJatIT/6hApmp6BM5kLOaK8vLNmypDXddukt07Pt5eu0Uf3R/cjvZkzHoVOdMpCmCk4cOGpS5MBWqGuq49XQCZtdWV5aUlN65ezcvNtnFMdFR/Gw1Ik1syzuPuGDPqDzFLA+wvn1MEZcJpwh2TKQZttQAyDx7Yr1ZdwpzZW6Sb7pv/kTBJ8btdmEyNGTVi/ry5QM0gXh6Quam8LDszA/6djGe4Bp/LjrrEeZwqns/kKDkPDtoHNAvI3LN9m+odoYqEOTNU8vW5r368fp2c6GtfS8dzEOuZJAIJ2JJApkNZ2IRiJiUOmJ+ScvNmjz4h/OICJDhwYDcgc+XKnE0bKw4f+uz27duhfqlH8t47k94ePZJMWl3yWVkuiPzmz9k3ZynLnFlzXrJZw3MkbcG8nKyMvhER8iUgh0gZYlTkTIEFxlgnT5j4wfsBbIe94gLI3Lvrk4oN5ZcvX5727hR9dBTPyDfQ4ZHV4kx0sUUvX/tK8LnhkWEVKYupprqqZotqd7XCnNlbJIScGdnn9bnJyXA31VWVQb//gYa9v9y5MyDOS+AK7z94QDxl1Km4ngl9kQ2jkvwaU/LF8+etLlhRWVGuXieoJmHODJUAMpPfexczHXLHHCMQSkSmPKqMQ/mfiBIg89w5bROEdZu0fv01dN/pkMaNe6u8bB0gc0lG+po1q/bu3XXp0sXQvltO1pKCvGyWMpFTEOquZ7rtkhzDzeubNXPW999/H9qadoPcvHk1NWW21y7ChKJYDLF+l6Qit6Mxwe2rCgtX5OWHuq69TACZmzZVLElPW7WqkLZaKKNBvlFlNsV53DaKshoMHklCcfK8fFEowP7y2HmOMpIIMDCGMIy8jZ2fMk/FI5phzuwt0g2cabOaE31usy4az/Eep3yvgbdF9+ubMnvW/fv3v/j8865sdgAyG3d9sqOuFgRIbpqThc0g4sl0/v6mOLcdFhJtokTe5gGZ1ZUbb167pmJHqCJhzgyhTHx7zNg3R0CPvE6JRMXBIFRLj/D/pylrS0tL08tyqG9/076Dzc0GfSzH0iajnrKYhg8bunpVISAzdcG8vNxlBw58+t1334UkZOgn2+o+rqnGZMGuxA0AZwaRd/I5XAQDaNDpAZmftbR0f+26WQ4dagZqCsAMhoKLgXXyOgR1OdNqMu7cvrNhz95Q17VXCiBz8aKF2+vrOSslciABKt7rIZHbXYKAB4llUQLtL9LLxBGDKMh65vjxbxcWfvScoIUBSZgze4t0A2cmeF36qH7DBg3gaQuKKTZK3jZKTr579+4Xnx/vuh85c/oUSHXGtCnG2Cify/78S0BBvD/0BcBG+AFNZIiJfG/aVEDmtrqtqnSBihLmzBBKQe6ygrxsq0lPpiTkNpBa6+r4/1stVG5ubn7+S7Jok7MsK2tJGnSWrAD75SuBVrM+Bp9vjx6ZunDe8eOycajeXHXk0KfXv2/VOgNvR/nh+2tXWs+DM0nYCo8SEUYtPXIIvNsuRUdGVVZUlK9f322VCpVUoZ4V5Zihk3tVLjlPDasitwPaeYa+fv36F59/Edqawg39/PPPP/74Y9uPbX/9018ftj0M7fu8uAAyC5bngdnA7OBMkiQIA9XOcXIkfJaVHwLsLyV0FUOCWhOiMJsMcX4vIPN///d/VXntMGf2FukGzrToY0YPH2qI7i9HnxYF4MroEcPhNU5+cQSo2fUqyAe99jddu3QJTorcZ8T7w92r9f4+pwirCCMJlYE31EX1s3HM/PnzVhV+tGfXrq6/v4oS5swQyqf79hxsagCckHUb0gXB5Z18pt1jaWbUqFGZmZkvwWUHUNziBfNGDhtCwgfJa4YSTxoNhgi/Iasfw4cNzcleerilBeaiZO2qvXt2X7506bffftP69f77H/8Jb+gUeeK5iAVQS4/iPG4ZjTjbyOEjMxanf3PuG62rE0K5fv1ybs7Sd6ZMQs+SrG2wooB2FePeSzZuYEL8vNmzgJqa1uXhw7b//M+f//p/bt/4/trZL08379+/eVNlQf6K+XNTJk+cNPyNYbNnzoJu3rlz58qVK4DME5+GmHsDEgBbXu6yzZUVwEvKaCCoCcKUI2oqJdD+EhiLHKhBmWiTGTf8Jsrt27f/9re/qvXOYc7sFdINnOlREtp6HSJrMcLATnx7LJTx8KFPVVygAGRWV67Pzsro/3oEmTKTiqjy/tAXj50nO/IehyjJt0WNHEsDMqsqN6mCympJmDNDKD/fuf3jj9dh6Ey66PY0ASrum9tYDgLdeQmOaO5v2A3UJNEUhyQlyEmQzQbCIT6XXVTiOFkps9lkMOhjjQadJPLT35va1NgIyCxYkb+levPRI4e1uzcEyFyzqnD8mFFQJXm5Feqv3j6vC5VhaLsoGXR6QGZ9bb1GtegJsr9pD1BTEuRr++SsMrqYtRhUvAdkMehnTJs6J3lG19/2wYMHv/76t7t3b3/99dlDnx3cuWNb2bqS3JxlKfPmvDdtak52GlATGHnz2rXW1vONexprqqsL8pbPmzNv8oSJw4cN83t96FbMB/u89npebu62zT30umhnAshcnLpg0oTx0DgbbfU6HSLHuu0SmFOOsRlgf0FlSD4ggn/yRVqnHZPHM2dOnTlzWpUXDnNmb5Fu4Ey/28VZKcySMPEckjQANvzsV1+pviZz5FAjwFWU07ZKVpPe73aoyJmwinYlnyC5cs7bWJNRnxDvB2R+/HEP2j0Pc2YI5f/+3//B2J4wdrQuqh8GIVlXVyuOK/7/kiBaLJY9e/bs3NnT85/+Wylft6ZsbZHFECuHklT2ytFipNGICQJtDh6QyMvJc0x2SYCHoq0WvS4GegePX1lRDsjMy87auL605dOm7y5fVv0N16xcsbIgj6RmhrtUkTMBmTCGHCMfhMjMyNxSVf3rr7+q/v49QaAO+5sai1YVxkRHEhcDuwQSsFlNPqeoVnvGRvavKFtXFfjFzBs3buzdu7eqqio9Pf2DD2ZMGPd2RtoioObduzeBkS0tzdvr64FeS9LT5s+fh2nO2DFvJg1IEAUb5j79+/XBvI+mrCaD0Ww0MVZasPEOyY4i8sJrEREp8+YVF6zpRVvnROq21m6vr4O6QfE8cKEMDc4EbQpswH4EThMTNLJVIcmppVmP2wkVbmjYs69RnZO0Yc7sLdINnGnnMQQo2mwaMXTI/fv3z5w+rdYx4I4CyKyuLNu9vR5+AZypYj4gmESgJmkfcvQO7s/pkDDpg/FZubKwpccc5g9zZggFo3pH/ccFedkmXTQm7+TYoVrr6oQzWZZNTk6eN29uqOvaJWn76Ube0oxJY99kLQYMUegXQA4qxtNmknkH7gmTOfAnS5mgcfFeF1SPrIYNiPPilwBUoOnEcWM2la8DZH6Yvnj9upIrly79z//8j1q25fjRg1+ePA7/KF/9U06aqaVHcNmyB+dsTrsj3ucHZF669HImBvrP//wV3THsjSGYHcAiwS7JGCBw6uZXAhFdu3TpYNO+QF/vzJkzQM28vLy0tLR58+a9OWrEiKGDBiX6/W4HiYKLYWaIiaSMOjzgE5MOjLpHoa4kkaWsPMNKNt4pSi7JbucF/Ihfxnt9jIUaPCAJkPkfN3vZEZczX55ua2sbN3YMY4G/E220lYRHAGoG2l/gTCgOOp2kUIEl9HpcsTFR1VUb1QptFObM3iLdwJmYvGO4vjVq5O9tbUcPHNDuAikgM/vDjCnj38ZLkkS6anEmPCDZNJe3L2mLJPKYmgk8B9QEZFZXb+4hR+bCnBla2bd77/a6OiXLuXzlnGwBq6BByr+irRaOY0SRnzx5wvbtdaGua/DS3PAJUBM6hUIu2WGUklyE+CRQh196nRIgk5Be+7IwDBQJk4JngGh0v9ehmO9MGr8iJ/v69eugmvr6+vLy8q5P/W58f+nevTt+twsvQALyqKVHZGdHRk0bQNu4f3/jzh29bIP1BeXEF8fOnTtNWUyYqctp4jkaJtQt8ehf5fBekO35r18ql4AS/b65s5KBmoG+Xmtra3Nzs8lkev3116FcQCmMLpK/hgQtIUOODDaSp6OjOgPDUByCqPxDVgkjIOA3nFVerzbp9JcuXfzq2CktGlY7gSMrLyudPSsZnIm2JbvnGK5OMeBzDlBh9DLMIOaJhNt9Xjc4s7S0eN06dfKahTmzt0g3cCb4BPOj27dvH9rf9LvGPLZuzaovTx6XF38eWwlV9s3h+8AM+LfQGjl/lscNyIQaAjhdTjt0s75n3D0Pc2Zo5cznp9tutdk4xiHZWcYKpyOvAxC6+GMLB9ov6E0Rnow2YwgCMlesyA11XYOUf/yj7ZNtNXlLMw0xkWR3IFA9dcuB023tWZNEAABDyfvvRtOwYcNSU1MBmRs2bLh69WpX3hOQubJwxXtTp8k3cFlaFGzBTRCeZU8oVIFWMkpILDvhrTezs5YcaWlWq4V7iFz95tzqwuXT3pn0RLsF5/eVwkic1ff4RAq8lTE2Br0+d3bywpRgVvi//fZbeCWr1epyudDLsOeBqqRSbE98AszgJljKUpCXXVrS+xLFVm+u3L1zJ2XUoZ0xRDHLE+QjygHPsx5lsVfS85FFYBhG9FdBQV5h4QpVXjXMmb1FVORMkiAPY9Lvstus5niPU1Quk44fN/bu3buf7t/fDfk+AJkbN5Tm5eVi3sTbWBT5WIhDTPC59dH9E7zOIOKTdDYO/YoOxkb2hS1ds/KjfbtDf2ouzJmhFUBmztLssWPeEnnBaqF8Lqd8fr4DZz42ek/mLHiR8cbRJp/XERPdb/r0qXl5y0IezDw4OXvmGFBz6MBEcrU8iPv4LjkR5CPOtNsYGBmSL0mw8SzLUhRlt9uvKtLFV63eXF1RUWE0GiVJUjgz4CWdZxawMWCJVMGij0EVAJlrVxeq0rw9R+q2bAJqyjmV1PD7Sr9zsN5kiRuuSt7Ctot6Xcz2+rrgFoTv3LnT1tbm9XrRv0CgYDnzyYI3hF/AgIRfyF22pK2thyYp7kxOnjh+8uRxkimSBAkUWUrZZQisdMaZ8M55udmqvGqYM3uLqMiZJB0zrKjXIYIzMQPC8/AhA2/dugXI7LZ72fv3N9y9e3NAYjxGdXycDzWK82DIW+XFE5YKIj5JZ4UQNU9b3BIPyKyuLP/llzvdU8fOJMyZIZeKDRVl68pgowT54BZ8IqcWZ/KsZUCiT6+LYmgzIHPr1upQ1zUYqanesKWy3KSLJkk5g8in4OzgSmBzUORVTY5maYamaXCmKIpz587tOmceOXIEU2OwKzjELglqcSbsBiAT5pFAstWom/7OpLxlH75MS5pffnlibVHhgrmz+kZEqOL3HY/zy5CJCT7Bcj6vG0YerHjmy2DuL+MfZmZmjh07Fl0cxDyis3Hb7kYxJgGZp04cVrt1tZWrVy/dvHmNHC8nESHgR4KIQ9UZZ2YvzcpetlSVVw1zZm8RFTmTBC9yKAsOoC9YUfxm4bzZKwuWAzW7rUaAzIoNpdXVVZTFxLGP1kwYixG0KacptwecP6uzIsoJ6WxeOV1vLD4BmfsaQrykGebMkMtnLZ9htBv1Bq/b8+j8vBqcKdttiRN4WuAZs0mXunBeWWnxjz9qGzBQddm9vX7+7GTMPeXlRwUyVYz7JAmiz+cDMyxcuDAjI6PrbwvIzM7OHjduHNjV6ZBUXM90KFnS8Jnoc7sU6wTIbGner8UFyZDI6lUfATUFpZdV8fsOhTNtVhPZNLcrJ3XNJsO0d6cUFhYEfTweQ2X+/PlGo9FhF1XkTJILrP/rEVurN9ZWb1S3bbWWmz9cl6dXlMklBzo1OOWFd1ZFzly6NDPMma+aqMuZfpedGFIyVadN+sLlubnLMru5UoDMzMz08ePf7tf3dXL+nNxXldNgqceZcW6HIbq/xy7gQRfZN21hSmnxqqMHQ7koEebMkAsgMzcnZ/zb46wWimR+UYszPU7BqIsk4WEtZj0gc8eOXnYbKOfDJUBNkreLZFWAOwti3+SP7oxzKreY7aLkdrtjYmJOnjxZWVmpygtXKILvVHHf3C3xsJOMsqGMZ5TY/n1GvTEEkPntNwFfZumBUlFRunjR/DdHDic51FTx+w5l3xwGnGyak/hIr0VE7Ny5fdu2j4N+1fXr15eUlOj1+iDmEZ2NW7tyOwAjXBfVb8LY0csy0y+eVSdcZPfIlW++uXH1KglmazHEwuCoy5l5ebn5+eocLw9zZm8RFTmT7Jg7Hh90x4M+qt/qwuVAze6v19q1a86cOeVxO5WM5DbMLvEA6FJx3xzOwqKPgY8b4Pe4RJtZFw3IrK+tuXfvXvfXl0iYM3uC7Ny6def27XCCTlG+f6oWZ/rc0DATDKnf7YiO6jt//pz1ZWtbW8+HurovKh/XVKctSHlr1HASrUiO26A4oKDXMwlhtnOmHM+Qpl0u1/Tp04GaqrxzS0vL9evX7XY5eqdanIm3jfc4HQowM3JwTvn9YT3WFBTurN/25YkTqrx5qOT2998Xry4Eaupjox6dolTD7zse5zFsd09yjyub5l99dSbotz169Ojx48floxFy7id1OBNVJqc05Qh4DAXI3Fq9ScUW1loOtxw8fuQImSOQLHjAexU5s2hVYdHqleq8apgze4moyJntNp9wJkpMv9dX5GQXqHToNyABZG6sKF+en2uMjcI4x+wswecm8VJUcRYOZecLhIkH1mKMcztokz7R5wZkHjp4sPvrSyTMmT1Bvjlz5ve2NkkQJRsnB+VWiTNddhtGMMnPSKKsADI3lJeGurovJA8ePNi8qQKo2Z72HYVkCQnazvwLMsn9C6fLYDDMnz8/LS1NrdcGZH700Ufz5s1jaEotznQohEmuSfK0xWMXYEbwbGdtgMyij3r3haBN5WVATVFg4foJaKni9x2POVMOsKPMTYBAWZkZZWXruhJT7sqVK/jn8fHxXbhv/gzOJJCJT/idtIUpG8qKe9FtoMqNcj56NC90E64EnEkirgTRX8/kzIrysvKydaq8apgze4uoft/c55TIDVCvQ9RF9s1bmpm/7MOQVK2hYe+NGzfGjxlFGXUsZYr3ukSWCiIPRWcFeDlkQDw8BQq5Qxr5egS4en1p6alToQmbFubMniCAzM0bKlIXLJAUw6oWZzKUAY6L3GaVk58aYqdMnrj0wyUlq1aFusb/Xhr37gFqEgMi3+BQIouSVc0g7Ez7lfP2O0Gyf7fxer2+paWlrKxMxTcvKCiAryFxzFSxGzAUlCEWc1IYEK8STxITc5AnZ7GOHj5iwZw5awp7K2pmZ3+4OHX+mNEjo6P6Oh2POlcVv6/0OweDhjFDPFRsZF8wRlVlRVdeGJCZm5s7cuRIOe2USpwJ3fS7HfL2mcLDcKyAzE929IjAdy8ic+fMWpKeZoyNwvvLwdWVfPRBnDfrjDOrqzbuqA/+qENHCXNmbxF1ORPEBfsJmwkTCnNqio0CZ6KEpGqAzM2bNtbXbjHpohN8bqtJz1oMKnIm8XRwGcMHJ3GUCWgd73H2jYgAZNZt3RqSyO1hzuwhcvzo8UsXL5l0sXBeHkkSaBpjQ2YJk8Ej2OzQMibg8xu0SZfgdZLQYXEeJ0a1SxIBmUUrP+rhu+dHjhzZsL5sxrSpJJuPXQk1JrBWEjslUDtD7t8Bz6B6ZA+aMRtk/KaZpKSkOXPmqJufC45m1qzkgUmJTlGQA3VazYMS/GS/Gx0Ki6eWPXHyYv+I1wCZKbNmVZT2jmXqjlJRUZqSMguoGRPdz+UU0cHoZcZiVMXvK/2OxpcPQZF1Qpj0ebNnAjO6+NrLly8vKioy6GPBQHFuB4aW32UnPQtfRpv0z0GRZxa8IbnjRoY3Puckv1+1aX2vCER2uKXl/femSSJPMjgTckNzex0Bx890g/2sJjmtuXKeFm3C2+RkEyePHz9+9JA6bxvmzF4i6sY1gpKSSCNkqQGOIIScCQFk5mRlThn/tsUQa1c8NfSl43YbeW1SVHEWsg91uQGZ+/fv7/76hjmzh8jPd35+8ODB1MkTZdTkON5qJQPMK/J+u+jkaCcX8PkN9OYAvxuog0kcWTAxxEQPTEwAZO77ZIfWGRCCFuhCTc0WoCaJX00ZdfAFJJU5XE8QnAkAgPKCM9GkHvmSAscpd2ONegOAoaSkRPUqrF9fWlJSbDHoSbg2ErcN82jyGqrYDRSBZpP88cYYHSAzK2PJ9vp61SuinYBPcrKzgJqSxHEAQs7KKLEuXX9sny7eN4cKkBudMHGbyss2qLH9euDAgaamJl1stI22onM5Oc2o7B1IF0ud62ln45a4UZJzloQ6GTZoACCzpkadZIuaSnHRanSlxWyUDzwo65nyUqSSqCvQ/gJnAlDJ+jM5swrOFAXbzZvXvrv2rSpvG+bM3iIvN2dCKsvXf3f5MrncCsiUZ8Qac6bJYMzOzi4tLW1u7u6752HO7CECyDx6uGXXzu366CiJZd2iyMnX0NhEt9Mj2ILbN7czVLxyexdfBdSBE2QsZqDmG4MGAjJ3VG8OdaWfLVuVtX2Px8VSFrKRKicfVA6wkWzRgdoZEn/SoWxAA/MIdsoBFWnm9u3bwAbVq3DkyGFUwSHwZl00SUJBMqQAQlyB5+PrrPgcLqvBJGct5EVAZkFe/t5du1SvixZy+vQX68vWgU9YxgK89HmdcP2S+GjDVBW/71DWMwfGe2HJMYowctAjnx872vWXP3fu3J07d2QE4oCyAmM2oFvxQAJPkZutnZn6zjgTzrQ9njzeFqiZMm/WysKCpoamrr+wdnLq1Ocr8nPfmzbVaNCJSkxaorB+lxRMnlAlPgBhCXJmlaGphHg/Ou6nn9Q5rRrmzN4iLz1nAjJrq8vxDjH9+8R7HDxt7giZ7W+uImdifLIsC8jc2u2752HO7Dly4fzpe/fuDB8y2EZRiV7vo0PLIi/RlBuT/cCHlkCZXMoKHvwg4AoeMM7jtvNyv4wbMzp9fsrUSZNDXeknJTk5OS0tbdKkSbGx8i6/z2VHIRuL5MpwEPmAoLw++W4CRbSYnAmH+Zo+7b3VK1drkXRMXpKtqsrOyrToY0jjOx5Hb3vOelegxcmLdo532x1OUfI73YDMlQUfNTQ0qF4ddeXChQuVlRuBmj6fW6+LGpDoh9PnWCrO77YYYlVcz2QthsGJfsqoM+mis9IX1VVXqWJdAZnL8/OmTJ6IWRsJnk84E5/tgVM6M/XPHrdKLm9gFR7w6XVKcg5HkQNkVldV379/v+vvrJEsz88BagK5lexI/0rs7sOT1RT4kFay6wocQVbMLs0mw/hxY7Ozl6rlFsOc2VvkpedMyInj+x4+bIv3ukyxkYk+l1p+obPxKQmiyWQaMmQItGn37t3dWdMwZ/YcAWQ2N+wGn5hjY92iCNWQmYSVi0fggolrJPF2hvIINjfPWY061mLE16Io4auNgMyRbwyfPnVaqOv9L8nLy5s4cSJQk6ZpQQBbys5LsjFk31PeX3BKZFstIDvjUEKKEd5zypt6csOCPeBz1hYVa1SXhl2f/Hj9eqLPDZsGCCGgG+d2qMiZLkHy2p2cFZorWE1mv9sDyPyoZ6Nma2vr5s2bgZp+v5ehKYFnaKvJShkBmW6XzFewuqr4fcfjeyUYP7TZ8I+2tpaGvWrVYkt1VU11lbz1oITmIzOIduZ8jqnvjDPJHTcyk0ILyLf2zHq7KAEyd+zYodZrqyuZS9JnzpwxIDHeYja6XQ6yAknWY4OL0yIvZgoK+ClXgfBVBn3s0qWZ+fk5ar1zmDN7i7wKnAnI3FG/qblhT0y/19ySavtcnY1Pl8MpCIJer1+wYEFRUVF37p6HObNHyYUvvvi9rW1gfDxtlG9DyBfHOCbeaQ9u3zzJ6xKtZtFq8UkCgSuJZQWa9rmcCmqaAZlvvTl6+rT3Ql1vWdLS0t59912gpsFgYFnW4ZDAIGQZkzgdQCZZ2Axu3xw8QBZ18Qw7M3Rg4uIFKXA7GlUHkFm9ccOyJWnAe5I1kqNM6nKmR3LQRhkveYYVWI42W5ySA5BZvXnz1xcu/P3vf9eoakHLmTNnAJlATY/HY7VaRMHmdAiATDh9SZRPafrdDtsf70l1hTNhukWW0kf3z87K2Lq56h/qbRUdP3b01q1bGJ8WfQzRLHQuOZUh/jH+5xOmvrMixzYXbWR/n1yEQWsYdPqpU6dmZWWt6nkBIurq6mbO/ACoGRsTxTJWWBSSCciuZM+U08oH7jfhfcCZJDUSQW4rZW5ubjpw4FO1XjvMmb1FXgXOhAAyV+RkzZo+NfL1iKd3yZ/eSQ+6oH1oyur3+xmGAWp28+55mDN7lAAyaysq6rZscfA8oSNwZpLXbTMbfIHfH/EInJ2hJJryinyCyyHfJ+J59Eucx42usfMCCiAzNSWlbkv1L3fuhLDis5NnvT12LFDTbDbHx8dDEUSRl0PWK+FNQJjtu+dBxDVyKKFr4z1Owpkyb3P0jrotSxYt0LRSu7Z9/N3ly28OGwIIgQHBO5Ar56rYDRTWTMW7vSxlTYpPcNsduqjoOJ+fMlsadu8GZB4/fkzT2gUqDQ27V64sBGqif00mE+YRyjqY5PU4UBjazDKWeK/LYohVxe8rheEo+QacfMuyqVHFusg5vJYtnT5lCjiTnLzFbAKfZPf8Oab+mUXeaHbZ7UpmTLK2KZ9TtfMJcfH4W4DMGTPeL+5JVrS+vv7DzEygZmT/vl6Pi7exdkkgcSFItHY0exCcSW4PoTXkCJzKSWzg6/379y9fVi3pVZgze4u8IpwJqanccO3SReXS4h8u/jxxLaiLBe3DWGlM8EVRhJMdOnQorGK37XyFObOnCSAzY9Fi+ZQmrdy4tMrBr4wxkXFuR6D9wpn0oFPgpYOl7YwVwCnQtEeSbwORBJf4E7GRURMmjANkfvLxx1+qlBMnILl769aWyo2pKfOAmrGx0SzN8Dzndro4Vl7QIOuZsDPtRzQ7i9Pe0VO0f5KCprMadQlel7y0KAigzSGJiQvmzAZqalo1QObOLdWZixbh74LwYTHaM6CpUvxOp9VgkGy8yLH49LtdPCNf0Y3q26+kpLi0ZE1VRdl3ly9oWscXkV9//fXY0SPl5WVATYPBYDTq5amELgaQCZqizQZCmOhcyqiLUzIfPdPvd+zZF8EAwFtM/z6rC5fv39eo+sx9S1VlaXERnCBnsST43NBTciTj31r7pwu+BDBMLLBfzg1CkWjnVsrs93vxtwCZH320ovnT/b/99pu6tQhC6mu3LM1cAtQ0mww+rxveS7JxTlEg+93oQTkWmcUQxL65RzmhSkiVZ2hJ5JMGJOTl5qp4QrUbOLMmzJlqyKvDmYDMgtxleBnMLiWCmsprq86ZmBLCw7pdDnjY/n37paWlrSlaXV/fHamoVeFMcn77D4rZgTNL1vS4TZ8eLstzcmEORV6+bmkxmTEwUJT8I8/bentxvSM5ZUg8ljiXK7JPxBtJSYDM7dUff9ly+mHbw26r6bVLl3Z+XAfUHD9uTGxkf4AHHBZvoxVkop6/RPl0IfMdNyf7CPLp4mwodprxCqLXbgcSiJyNMhqqN1Zt3lTZDRU8tnfvw7a2BJ/XIYigejywlIVoxx8JKphzEf/StQ6faDSJZc36mHenTAJk7m/YfeP7a//85z+7obLPlK++OtnYuAeoWbSqkKbNffu85nHbE+L9ZpOufZS+SEe396a7wycpvNkyND5BHxmJ6nscdn10FNpZYBmoTHycD3W/cqlV9XodPXwI7KrcOkfHAgtdysQQfpB9Zp6FQO0q2gQg5Pe58OUGfXTa4lRA5qGW5tCmPl9dkJc6bzZQE3NVky46Kd6nZGdWwQ865HVdJt7rQfe5nHa7KFFmS9XGqjJVA8NqyplGvaGutra2pkbFF35l5dXhTAjeZOYH0zFrEwWbQz6zTkERaLOcCUKewRF7QrxGB7sXqH4B85IGxEFh4WGha7BdgMy6mi0/Xr+udQVV4sx/+YuOhTYb1q4uRNG6Fi+ZwBYWF62ZNm0ax3EOBwaXTRRFh0PCqFOFM6FuCV4XOJMxGwbG+0hslsED4lcXFgIym3c1nzkVfALoF5SHD9tOn2zeUrUeqBnvdemi+pGkPxZDLGMx4oFTosQEVNwcoxS2vRB99PCCk+VcgmSjaLfd4Xd779+/f+bUl1rXUa5mW9snW2rQoX0iIuI8MmQCoVXmzKcKDCk6NLZ/H79LqiwvBWhd+Or0lYtfdUN9O8pPP/107MjhqsqNQM3x4956LSIC9m3E8CH41MVGyouZAfev7YlC+jfe4WT0hgSPx85xwLxEv4+zUmCVqP6RTU1NDQ17tcBsQOaGDeVL0tP1sTqXwwntFGy8ZOPa+/eP3BJw/xIPS9JxcizlsPNz5yYDMjdtKNu1c7vq1fm38sudO/XVm5dlLAZqmmKjYEBQMMbkRUiVxq0HzSiIHMOSxsRE+8aNG4c/O6xiLTTlzKi+/cCZdbW9JpFTT5ZXijMh6WmLMB836GPtkiCJPAwKJpiYNavImX5ldYm0Jwpc7fT3pgIyd2t/01AVzuys38GZa1YVlBSt1LoWL5/U19fDkVmtVq/XS1EUz/MqcqbE0fARUD2SpAajjzbpY/r34az0uLFvAzLXrlm7vX6bFgF/iOzeXl+/tQKouXJ5PgAM4wRvmxTvi/M4MRRhTORNw87zqnTOIf/izEfOQtFHiWU9kgyZXrvTYjDWVFVVVmzstnAx8GwrlxfOfH+GLioadqOz9S4VOVNgqHiPE91qjIm0Wc3pC+YBMusqN37WsLd7gvM/ePDgm2++bm7eD9SsrCi3UkaGNsOtY6bOMhbaagI++QOP4/E0YT5ar+Y4dDE+ZTssiSA9aAos9oTxE7Kzs4GaGlWztqbm7NmzRr3B7UQfcpKyZO1zOdXiTPgCtBWIKM7vBhoB1N8aMxKQuWJF7ubNGy9ePKtRvZ6Wg83N9TU1QM0p48cq8xe7yFoxuhxKTFq1xq1TlOQbbTYe3B4TFT1t6tSVhYVATRUroiln0mZLfV391vB6phryqnEmIDMvN3vy5Akx0ZFATcxWOZbGFNMh8GpxZpzXQZliSWxAN5y+2WAxG5ekp5WsKWrWzEgS0ZQzMUI2lBSvC++bBy6AzJKSkurq6j59+jidcjgCXsmXrRZnwk245TQEcp4aQCZUb0Cc184LHMNSZsvcWbMBmetLy44fO3b37l0VT4UdOti8ckVexqIFQM0En5uxGN8cPhR/GiMfw759qoUffS574BzybM6EerpF0QN/aGXGjBy1ZHEaUFOtGr2I7Ni6ve1Wm8+F+pphOkBEMhR18GvBxUfttB2UBOjyoQi3g7UYAQYD431L0hYBMqvKN+zcsfP777/XqKYgzNaLFz5rOYCH7du3jh49PDamv8Wsl0TO47a7nCL8u8PO41MI3M50xpk2ikrweDiLhbfKJxPQwpyVAtFfuXJlQ/kGjWoKAWTm5uS+M2my1UKxNOO0O56zbx4EZ8oXalg59BMJ+gQ60sVG8jZaXti8eHbN6sLqyo3XLql2R+aZ0rinMXdZzuLUVKDmsIEDYTdgMR4Fr1Cihqo1aB3yNSh5SRMtCc6M6h/Z3Ny8Wu2L9ppyZnS//tVVVbVbwpypgrxqnAnZuLHi6tWrRoOOtlri43ySiFrTKq5n8qwFM1c4VoGVsyGg6HUx+CuAzPq6LffuaXgRWFPO7BsRsa64qHzdWu3e/yUWQGZeXl5ycjKek5KSKMqsFmfCO1j0MfAXiT43nnnaIilRRGDnYeQ9LjdNWQ06/eKFqRj2gMydO3bs3rX71KlTwVXkYdvDX//864UT59YWrZ478wOg5vgxo2L698Go8zhEXVQ/PKDAnhC8BHxaTfpEvydwDpE58w+eQtHNeLd8TQMuzGIwnjl1as3K7p74ADKrN1ZBnaERXqcDICTTZod7hepyJrnbTq63w8CCOWFXjbFRsZFRmRmZgMxlWUvhDb86c+bXX39Vq46XL1/Ytq1m8+aNIMyPa7e88cZAgz4ahCkK7IBEP3y6yRgLZPIqm6P4kQ08X8zThNnev4zJlOj3sZSFNK8uKrK2dktxcRFQU60KPlNWr1zV0tJiNpoYK+2Q7GTLXi3OlC++CSwKmgufaDc0IJoUTWeljDOmTwVkZmWm19Zs/urMKXXX5+/du/f5seObNm5Mnb8QqDl65Kg+r0dEvvba0KQEWAxDdH9MYfwuO8aVinlUJRs/IC5e5AWTwThq+IiF8xeoHuJPU860msy1W2oxJNauWVtcVFRSvHbtmmKUkuKXr6wpKVpdsrqwtHh12drV69etWVe8atOGsqrKiu3b1cl++wpyJrxt9eaKnOylJqNePqhpf7Q1oxZnMmZ9vMdBgv2SMNSAWLNeN3TIIEDm3r0ansbRej2zsqK8cEXe2qJCjMOytUUYluuKV4M35IEaemVRt8C2wLPJD6VrS+T81kVrYGSKuxAJfMeOHW1tbTRNMwyj4nomXAOJvgKNA4QQ7ZPTXAryjpXVQsFpOu0OXUysUW8YN/btsnVlgMz5c+ZkLEqtr9nSeubL/75/7//7f//vOcfeHra13bt162Zr6/69e+sra4Gat27dWpGTPWxQkkkXDZKUlFt1JPsJ/Gmcx5ngcwMy8aNdObEsBb6PrFwCegZnukURn30jXktbmLp+bcmZYIG5KwLILF1bmJG6UB8dJXJyysKOnOlRilr+Wk4j5RATvK72PU3yY7zXwzEsbaHeHPlm7ZYtgMycrKw1KwuOtxz46fur/3n3bqCV+vnmza9OnPhkW/3i1NSZye8DNZcsSaVpM1nApK0mhjbHx3kAnMDLhHgvftTrongbrVz4CjzuTSec6XM4WLNZzgLpsGMMG2KiZ74/fXleNlBTi67sKIDMJRkZo0eNhspAcTre8/ojtwRzLgIqALBEcwEsOZZCk7qcosdtR+sBO80mHdr5zVHDaqrlQyBrVq+El79w4dzNmzeCY06Ymls3b54+8UVFWemK/FygZmlxyfBhwzDxdDtdAsu8MTDRGBOJaemgBD8+SQICFZc0naLktsO7StGRUXW1tVtra1XvL+040yFbLes7kyaXl5UXFhSUwgMUE3fwcpbS4qK1qwrXriqorCgrKSpcX1IEFw/IzMlZpkpPvYKcGSEnLG76/fe2YUMHR0X2Y2hqQJxfDg6jEmc6BTgCgaRChqs162PIrDwmOnLe3Nml64pPfa6VZ9SUM1nK9M6k8WtWFWAEEs7cUFqMwQkCC7maaKJ6JaWrClfBtlRWVCjzWdnOTH/33aB7B5a/qqrq+PHjsbGxHo9LxXtA8khzSnAWjNlAsEROw01beYaGr0z0+/BMHDdtNikX3/gRQ4ekLViwrbb229bz/2hrA2QWLl8+/Z135iYnL54/P3PxYpT01IUL5s754L1peRnpQM2b164dbGoqyM99a9RIktzHYoiljDoSa93jEFEw9jBOYEzIMib+k9/tAHYGwyGdxNdCXVARuLBf7tzZF7oM4EcP7Xn4sG34sKGEM6UO8StcolzU8tckUqgV7ayEYCX5EOV0SAx03AbDYjHoAWMOnp8y/u2sjPRvLpwBZOZ+mLloQUrJ6lUNu3aePXXyxvfX/vzjj3/5y19+hvz5zz/evPndt5cvnDt74NOmzZs2ZmakTZk8ce7MZKDmrh075s6dM2hgUv/XIoyxUehNkt0G/UgC3ZBYPSS1IgkUSWJVBdy/TxFmx/416WJlzGOsaOG7d29ur++m7cvcnNzGxka/14dJGQAQjawWZ5IMQSSoJll/gHbgR6gGlIXEPhKVzFb4r5MnjduzZ9fZs6cBmbk5yxanLly7ds0nO7eDG69dufLTjz+iF//61zsoeMCPN7//7tKF80daDtZt2VK4PD9l9qwl6WkwONcuXVpXXDR18kQlVLwFagtPhwdUjTbp49wOjC6yWg4DgvKcuPSBFiVCl42mrGPHvPXbb7+dP3dO9c7SlDNhNqHXGAB9IiKUHBMMplXG2BiryfhSFlNslM1qwtgDsUDNo/q+NmHCuJSUuar01KvJmYDMbfXVUGTexlrMRpjrf9mTLnOmzykKjIVoLllZIvfZoeD4W4DMvOxcjeqlKWdiVBCQwCCEA8JohHkEaYRcQTQq6DJ9dBQxyzAvsDP4zegRI7rSQYDMsrKy1NRUFffNSSEQkuhzuyUeY09Op87BtcFzseQYIVkdIgaT2E/KaEAFQSlwOgMTEyaNe3v6lCngzIzUhVnp6ZnpaXhInZ8y8/3pE8a+NcDvlxOmGPT4V2gQPINAMCQSfG4l+7GeBMOEGSHpP2BMSBRB/IYMnoA5pBPOJNq6uaJiQ0lJCMPRAzIb9tYfP3JEa85EzxIGwAOJYYVn2caKgrxfz8uXZeT4UQyamkLnYqzCRU6ZOCF1/rw1hQVNu3dfvPjVzatXQR137tz5j//4D3yCJ69du3bu3OlTn39eXlqyLCtz0sTx8X4vx8qxt0hBl5HjtYSIyKI03BCpqV1ZoGt/FgPPi9QZZ6IuQM1hgwehVfW6mMbGPbU1VUDN7ulWQGbBihUTxo1nrPK5fTm5gEqcSXLikCQ7pOlQiIKQ5AWEQklj0mbD669FoBcGJMZPmjB+UeqCtcVFcFgnjx+Hv759+zY68d49uUDwI36JCSNGo8yZ+TJnjh09CuoPXCfWDMMDdUEhYwbWAKOIZD7CWCKuCqMLY0ytcUvOZ+piYmu31NZtrdMiWKimnAltwpQ8zuPGaMSnHFlLOcih2O2Xr7BKVgJZzTH2kuJ98PIjhg97a8xoVXrq1eRMCHR2eX7eO+9MAmpCGQfE+VVcz2QthgF+D3SWMRvg+qHa5AgoBmq83z/rg+T5c+ZpUSmt981hGMm8u93dKGtZIdcRrQqYCoYFBgcFIwTdZ7dxXeyjgwcPPnjw4J13JuPbgGdyAmiBA7PJEa0FDugeHGc+o9hsARXaaHxm4SwWGyXHhJdY+TtdguCRJK/dHhAkB/H+UKJRbwwyRPcnyyy0SY++gBLBab47edKKvDygpipaE7TArefn5lRUlPu87pj+fQDY5Ei2Q2RtjJnYQJIjm5yieZHQ313vX95qRUGXsWYzYzJZDQZKrzfrdZhYPLNg8guesVJmPNs4RuA5SeTtkhDMkAvITvK8yDD4xHDC6MILo3PRxTCV8jzIxupio9G2S5akAzW7s1vL16+/dOkSS8vTMSg+Xg8NSNKdewTbQJ+Htxgd6q37dWaE0QsgbrQD4F/exbeY0FNmkwEP+BG/xH/q+F/RxRadDt2NTicKi+YlOvvsotKrQj2hm2gfuDxaCSsxODEOjs9GM4yFGjRw0OLUxUBNLXpKU84M1H727qJMkMGZaEAy04EpGzd2zFujR6nSU68sZ0bIF4I2XL58mWRAcAh8gscDDYViwkpLVjrR5fbwglcION9HZ+sw+BNwkQLLATIzFqe3NLeoXiNNObPT8RByHdGm2DkOLgbjAWRFfCJ+xO+72EcPHjw4fPjw9evX471ev9uhi+qX4HMD3WMj+yb6PWS5IySc2VlBxYnDIqFm5FQ4PI820ZozE7zOfhERwwcnATXhxTBfs9FW2mzyOOxtbW0fb+0Rce0AQinz5qSnLcL0H3OEAXFeky5a4mmX3SanGVW8XscEZGrlg3hO/7pFkYxYMobRcaQHCbx1VoCXoBoUApnyvUi13rOz/vV4iFrhDfGAHwGZFoM8m0hMiHstIiJ7adbM5Blo4W7uU0DmqsKV1VVV/V6LkI+aGI2YVflddvSdzWzkLSa/XfCrejX72UXgCWqia1DQR5gFkCLHk1d6qp1FBVZuxo5KijGAQg4zd4YWqhTMAdE4CV6XKTZKYCg8WI06+fcc5q7M2dNnC1doFXI5zJmqFWV97GnORFGlp15lzgRkbt1aU1pa3CciItHv8ylBtGFSUNw23o75LGVVkTNh55XFMTrB5wdk7qjfrnrQvzBnqlieyZkeSex6NwEya6o3f3nyuFPkASfxXhfZRDPrY/CsGmcGOm5F2zPLEzpOitS5fVDr/W1WU1KcvCkgKsmRUcCZZr1u986dlRUVqmceDFoAmW+/9ea0dyeTrItySk2OEm3W9tZrb7SO6W617scncpzJf1dpw6cL2Rwn4adIefSfNH5P6Jff6WTNZhtFDUyIh3k0xEQn+LygXKNBN2XyxDdHjQRqhqRPAZkL580bkjQA85qBcXGMyQRfNmzQANFqMUdHjpQfAs47EHD7EK153E1P9s5T5enEdt0z3hzKkiZHmaCqmAxCW826aHmR02xZtGBBeWkZUFOjbtKWM1+xEuZM7eTkyS9+++23OK+8VAKQwOxPoGlwhV+y82aLZKV9YsBxazu7Jwu7GueScxbro2NGDH0DkNlyUOUlzdBw5kta5G0y+cgKTbw27Kd8H1MSVOmp/7+98wCPqkr7+Mn03jMpM5OZtElCaApKsa/KWhBFQg1NMCQQREQ6onQRFGmKRlhBcQWRjhAEQQyBRKMCIYjruqy64kovIW3K/d5zTzIb+TLK4AwTwvt/fs/73LmTzNy57yn/e245YDLHjnp6ycL5CXEWo1YFkV3QyK5mDMt+vswO+ajff11LnwlFNzWRzgJPb6jnL9KQiYQTR4/u36cPWM2gZCFYApM5YEDP2zreatAo2Xnz5ASbz+9dtt9CnUffafrLsPmhvnthmWLrQ72d0N7a+ZE3iLaYaDoix19FbDTo0lKdj3d9FKxmGHM6PCd71cqVttjag02zXpOSYE+x2xzR5mZQTwOfdyDg/RMdCdS/CNZnKVmOfH/A3vIVMPZAXQCMXxCvt/S7nfzDew1qRatmKUl2K5jM1umpOqXsphYt4WBw0YIFocsR+swggj4zdAKT+dKLM5flLVHJpHBYDcfXkVotLKTE2X0z3AWaL3/P/WMzMrNZEjQK5ZDBWS88Nzm4T2VBnxlEQuozQWAyc7OffGnmdLNBC7UvyWFjPX6w9vNvZ0L8YxJioxukwb901HmS0JUTsGp6jZx1qcnxcSJChmQNfuTBB8BqBisFQdTLc6d+/31Jxw63qFWyOFu0MzHO8dshpqD7zCvJY6IlhkFvVPdvNX1clq+Ayk+g29/Mmczus0iIs0mFgtSkxFtvaRNBSIcOt4I/mThxQngTCiYzJ+vJMaNGQcFr7nSmOxPp1Dlx1lYpyQaFNDXweXMC3Zn188IsJQOcAFsDnTXArCbzVw2WgWDlyx/gwJMdNic/EYNJq4ISnpro0MglixcunDl9RkjPO4TUZwbafl7voM8MqcBkPjU0u/MDndh1OPTCs+hodmUmYDUGfL23v3lMUuLj9UplUpyjWZLTbDBG6g1gMhe+Oj+IN+KFy2eGvY6EpN5Fm5NtFntUJHTT0FzHmU3wMil4PhMEJvPJgf3nzZmdaLfqVHKFRNgizRkun/k7+8FRd9zksy61Z4RD6TONOmV6aqJJp4ZuVCaKuK1d2/6ZPcFqBnH/B1FgMv/+9zch3nxTi+gog1Ihrn9Npu9sZhDPY/rLV4M+E3D4Od/qc5j1z88m2GIDLSeBbr/DagGHyT8gi94yr1MpjQZdxw7t9uzYseS1xY3huggwmcMGD87o0kUjk0UbdVDmrSYDWE1bpOEqrs8MuOr9v0Fm5jPZ4HP98Uw7f3+Zr57WT32S1W8eg1UO2UnztKR4vUrODAA48yf69h7z9AiwmiFNEPrMIII+M9SaNXUKNG62qCidQkEvzrRaLQZjQkysIyr6Ks6b+/OZ8LH8ddqxiTZ7XKxFJZO3adkKTOZ7K1cG64eExWeGvYKEqt415DOTbbHBShYTmMzh2VmL5r0MezI1KT6I583rrhO+UugttA3h+wM2zQ2QaKl9bk9IfWZ0pC4+LiYl0QH7pFV6amlp0Ysznw/uzg+uwGS++OJz3TMeadUiLSHeao0y+Z6f3+A1k38Sf3l0gBWphy+P0I80CDQR9V+yhzJRAqwvgW6/SadNjneYDfSR7C2bpYHPBJMJndFrC+ZDaxzuZNbqjVde+b6kpGObNmqZuHV6KrQJFqM+PdFhMeoCz1fA/b4vQT6gSf//K2vXsCzX5f2P63uQymGz5IQog5Y9Sy3dmQjLbVs2P1hU9ObCkD/bNsQ+M7D283oHfWaoBc3ay1OnjsjONqhUlkj6IM1orS4lzh6rNzSLTwi0fNb3mbVuk/eZNlNkekKiWWcAq2mNjgGrKREIR40cOW3KC1u3bgrKDwmTzwx/HQlJvYuOBFcJTXciP5NgnNkIL4PuM0FgMkc+NfTtt/PoI9rMhrjYGKsl6rJ4DXymz0ZeBpvdpv6a+Bi+ywuxz6RTC8WapULiTI4vLt7z5pL5IZ2zNVgCk9mieWr7dm1oNYwy+R5nVP9yzaDwh3n0FeNaw1nPmfwO0GgwfD31FcbA82vXadVgNeMdcRJBxP33/6WwsHDJ4kXQH4U7h/8TmMylixbt/vjj1s3T5WJBWiKdPjU2MuBJNu2B+0zo9Bm+jPw+DdbT3yFY5RB6+Zuap4G9THbYovjHsq1ftWrBnJeuwbNtQ3x9Jq0OrK27ESL6zGugD95883hJyc0tW8Sa6eN5rWZzy9RUvVIZb7mK8yOsItcr5PyDiGN0+vTkZKNa7XQ4Ys30GdrJ8QlysQhM5qKF84Ny73mYzpuHv46EpN5FRybGUZ8Zb6WttzWK+sykEPhMEJjM8ePGbNiwIS3NadQbjEa9NdZit9ssMbEWS4zdFme1xMSY9LZIA9hd2LAka0yK3QoR1oS6HwluOfn/QPumVUiS7JZWzZyROlWUQZNKH/gemZbqFAhIxw7t8vPzX3l59jV7UvefF5jM9re26d0jAyqgWiZKdlgBKD/wSxNsMfBLaYmyxTjjbVDAYD0073RliMcPry7FVxhZv+yvKFpNeii3tY8DijLZmE+DQm2x0Ec/GgzdMzKOHj26fPnbYDXDnb3LBSZz5tQpy5ctS3EmGXR69gyoRHucha+JYO2gGtLp7OuGE8NVHwMl0PKW6rDR2VTh0MlshJ+TRK+cMcdG6q0xJoctullKAnT4eo38xZlTn3lqGFjNa5CaQH1moE3WlZf/6z3aG999QP5gty7W3qvIX1hi4H1m9uCBQdnUkApM5ivTp8+fP1+v1UWbo2KjY2wWK/T17HnFgZbM32mx64jxxdbN08BkrvhbEO49b9BnXkXlwvrI7z1+9hP+gig6dXjtfUAh8ZkgMJmzZs3csWPHrbfempKSAp1vZGRkUlKS2WzWarXO5ERnfBx00+B1obWHnjpGr4E2v1mC/Xr3mc2S4wG9SqZTSsFqpjsTYky65Pi4CEI6deq0bdu2V155GaxmiHZ7iAQm8+G/3pubPcioUUBfbDEbIIK3hAX4yfADmaMGk0ntmTW6EfrMQPPrrxxajDo4JoKiG2vQwjLYlbR4atLAZ0LZVqlUgwYNysnJef3110MxZUxQBCZz4oTxq1atgg3WaDTJycl6nSbeGgM/BCqjWaOM0qrAd8FPa8I+kzlM+JnpiQ6I0To1FOa0JEeiwwLpNGgVSplwxrTJ/fv2BKt5jfJyxT7z6or0DcV17TOzswZmPzkwKJsaaoHJHJoztHPnzmq1Oj4+Pi4uDg63Y2Ki6jxhqIg2ap/KyZr6/HPvLv+zVjOMPrPpwWbZ8114D/UOXgJBKWwNCkzm4sX0Dog+ffro9fqoqCgohA6HA0pjpIkOAdkijY5oszPOmgSHQEY9vEy2+fUnjc2H+IPNM9U8NRl2sloucSbYW6Q5hYT8tdN9W7duXbBgAVjN0O3z0AlMZv8+PZbmLWnZzAktIXtGJfxGsNCJdisrVFCckhw2Oz877fXvMxsmzmxihTbVEQfLkWollNt0ZyKd1yYycs6cOY8//jhYzXCn6w8EJnPixIlwMAiHfkaj0WG3xdKTC/Sa7fTEeIhQH2P0WsdvnzRyjcefQ+wzIyGD0PJE6zRw9N0iNTk10WHUKKHCsumwZ0yZnNkrA6zmNUsK+swgct37zKyBQdnUa6Bp06bl5+dDM2K32w0Gg9Pp1Ok0ofaZWoUkwRYLJnP+K3P/5Nlz9JlB5Nr7TBB94tyiRSNGjJgxY0Z0dLRWq01ISAC3abPSWXigg4416KDBh147xW6D9hN6t+vFh/iD7WRoK8CAtW6eJhcLtEpZ9+5djx49unTpW2A1Q7rDQyowmc9PmgBV8q7b2yulIihCackJkXoNP1srnbMVfjgrVHGBd/2NLb/+tj/REsOOhqD0gksBVwZmTCEW3NSqNTS2o0aNAqsZ7kRdkcBkQq2EbYYqqdOq0xITwWdGadXsdwHX5jlC4fKZ9Glm0Wb4mWnx9nhrDBwZWaNMYDWhDKtk4hdnTs3s1R2s5rXMCPrMIII+85oJ2pDs7Ozc3FyZTAbH2ikpKSaTIdQ+E9xgtFHbvu1NYDLfenPJn9l+9JlBJCw+kwm6M7Ca0K+1bt0aXkZFRSUlxifHO1IS7A5LNJ072KRPsluBq7sloVH5TNjPbMJNs0EbSadFNuQOyRqanfX664sb7YnUKxfUx8UL58Phw9PDczQKqVouYd4yyWGDHx5l1MHvZQObYTcefzK/v/NRFrMRnIkzPg6KrkoqapnmHJDZi+O4d9555/q6IgK2du7cucXFxQ8+0EkhEUNlTHcmJkC/GWmIizFDfUxsfHkMFuxZSXZ+IgD44fBj4+hDA9RQkufMmgEJvWany31CnxlE0GdeS4HJfPjhh+GI1Wq1gtW0222h9pnJDivkV6eSD+rXZ/KEcX//E2fP0WcGkTD6TMIPnrz22mvHjh0bPny4yWTSqjVapQJa+GQHnWjG97jvazDfhz+CtZ+NWhXERLsVbBg0Qa8tnN+vd0+wmtdmP18DgclctjRv0vixULVbpadCQYJmlpWuRL6zZg/cDruR+JP59fc5UFbBhkFBjTJoNXIJmMwFL895cfrU9WvXgNUMd3ICFpjMl2a/2Ld3r4zHujRPTQbnDL/RyV9xCsvXZp7HsJBss7CnsMJvhONcyCY0jLAHliycPzwnC6zmtc8F+swggj7zGqtv375LliwBk6nVaq/B9ZkWswGsptmgjTLq/s6fPS8tLb26LUefGUTC6zNBYDLfe++9adOmrV69ullqmt0SG2M0WiIjnQ5HWmKiIzY21mRik/c1TCPzIVZLTIMkJyWYI41qlSKjW1ewZFOef+610D9579oLqvbcF2fCD+wK/iQ9TatR6XWaOJvFYbfZrLGQ3LAbiT+ZX3/l0BYVlRIfDwUVyOrfHxq3WdOmgtUMd0L+lMBk9sp4fM6MGXHR0UqxOMFqZVUyjPUx1CTabHqlEuKd7ds7rBYhIY8+/FBxQcGMFyYvCVOFRZ8ZRNBnXmOByXzqqae6dOnC3/NrvAb3AYHPpPcCmPTt294E7fDSvDeubsvRZwaRsPtMJjCZQ3OG9ujWLXvwoJvS0zUyGdhL6Lihg2Oe83r3mTqtGrzW7Fkznho+bP6r8xrDRDAhEvy0efNemTRxwsqVK++++05w1yajHmJsTJSDnjcJv5f4M/n9HZ8JTqx9mzbvv/vu8xMnLn3jjas+jm5UApM5acwYMFpswiCjWp1st4PhbKo+E5qd1IQEaHNEhCTE2WZOnZozePDLL86CPRCuFLz9t6XoM4NFgz7zL3ffGZRMoc9sUDNmzNixY4dWq42Pt4faZybYYgxqeWpSPGRWKiRZg/o/N3Hcu+8uv4rN/mjjRvSZwaKR+EwmMJnPDM/dsXVrn549LFFmeg49Jhpae2s0nb/PbomFBfbo13ibFdbDSgvUZf6Rtomw2bZYdsLrd87r1Z+P+0rwTbUM5Q12DrQesKNgof6chnF8yw9v0T3Ju0qbNRYiOKvoqMgoswlc1oB+ffPz88eMfnZ2OE69XXuByRw16pkBA/pNnz71ptYtYT8AYDhhf7Idxcobuzkd9ieb8p41quxUO1vPHlNMJ4jkn1rsm34oUPzll6WSfXvtFaSWaHZBKcs420i2nfx99A4ohDGRsB5KgiXaZIzU66BMtkpvNnfWrH69ej2dmwtWM9y7P5gCizVv9uwROTmvzpmT7nTSKzatFvjJUEOhJtIxakssdB+wDJH6HD5NPqCG0odwQiXiLy2w0jmbon21NVj+0DdNgJ2/hsE3d4CvXMXxPT6rv3G8x4BcJ8fH+TJr5yt7SmICNDsahTzjsS67P/543LOjwGqGd/8ve+vNt5fmGfRqwGG3wAbTjo9v5Wqf4x1dC3tpQ/xjMRuo1eTnM4VqDvGhBzsF12eyogVpYp2pUauiTw4McDvBo4JZgn+EVoiVXq1Slp09KHvIE0HZ1GspMJnTp0+fNGmSXC5NtMdBpYM9D/sHIvwudm9ssPILJrN1egp8sjPBDp8cqdeAyVy8eM7x4wEP7GzbvHHntm3sgjfIaTPYypjIsBfg6xQ48oKMQI2A8swaZOji44M6v3lAApM5Z9assc+OWrNq1SMPPmDSafVqqKc2s0EP3VlaclJqUiJ0Z/CS9fXpzkR23xB0YezmUOjCUhMd9dvh+vjrp/z+Pf+InpRER5LDxvwPu28aSjLsOnYJIuu/WIflsNuMBh34zObpaeAwFXLpo106w2HRuLFj5s6Zc33dD/LnBSZz9uznoY5PmjCuRfNm4DNh1zELBzUXIrQDsA/ZU4/YGrZXoUDWXuHJd6n13YudHrQG4fx77fyYdd4SvhdyCtlkqYSvhrxDUx/HX1sLsFyDv2JFEQwJGC2jVnPrzTcNy8oqKSmZ9sLzYDXDvctDJTCZ4LjKysrGjhxJj++i4PjUBr0GO/SDHcKO+3wG3uf9IFlQJdlK30t29XWMSR8sn8lmhGSHJD4T6+CPEeL4hx6wQsWmSmcHO5BTtVwCeYdKDcB6+AO5WHRHh/avzZ//1NCcl2bOAKsZ7h1P3nrz9bwlr0WZDXC8DT6z9sioHuwJAPRO+boijfiDTWkKuYYmHSq+SacO+ngmNCOssEFrlpacwA5gAwU+gblTWGAtkl6tuE59JmjFihVFRUVt27aB+gWtPThAaFrhR8EuSk9Jgj0WrPyCGwTnygYu6IXlBu0tbdtAB7RqVV6g27z9o035WzZA+5DCP24iwUanbAh7Ab5OSeCfPsySYudHchzWWGh1Q1HYrlxgMp8bP/6ZEU+BMeuR0V0iEsdEReu1Op1GGxsdE293OOKgh7PF26xshISePOJHM+LoEasROh1/41eBjnfVfz4PG+Bi/hzMOdQXZjt9g3LwB+At6QNhdDr4FR07dly3bt2I4blTnp8MVjO8uzRcgjq+Yf2K11+jlwrMmTOnbZtW5ki9RBwBMTUlMcWZAF2nPS7WEmuGbhQW4h1WgK2x8Jn1mUzI7FX7TFvdENBl6YZmBHLH8gi1gN0jDy9ZoqGRh9oBC9BfNHMmsvHq5MSkaHOUgETYbXETxk04XlKyeO7ct954owlfC8EEJvO9d955Zc6c4uJiqJVQB6Fi2izWVGeKyWBUK1XgNtk96eD0kuG4zBYLux2O/iJ1ajbAyHymb35SNvwYFOp/rO+8hoUdsEDvUFeu4mwx0LdBM5cQb4OXUPzSmzkh2UqFxGTUNk93gp0+duzY/FdeAasZ7v1dq7w3FuflLYb6Ar8CNhVaJDgCwvHMqwPcQmJcLOxDdqwBtTuI12cW7trFfKbvw33HsIFuJzvdw868syGO6/e8OQhM5owZ0xcunB9tqh2ZAWC3gM9vkeZkB/hBIZEfIYXmGj6Z3X8qiCDDhg2dOmXCuwGeZtq6ab3PZ9LRj0h9kj3gcWmEAUcTKpmYFWZIjY13UOE6b36ZwGS+OGvW+HHjoAfP7NW73S3toH836PQQLTGx4DMT4umlYsw9+qbYvqwju4xAz5tDiYUjL9g5vlOrrI6wgTi2BloVWKZDJdZo2tva7YMHDy4sLMzNzR09evS6G9Vh1hdkcM2aNdOnT+2b2fvtpXkPPXBflNkgl4nUKhn078xkQgQDAOshQn8KTsCZHM+yyWwDOx/qG+EMiMtMps+QsNOprFVnA6rQOxi1Ksg4O7iA9Sz7kHG1XGLUG+B45/aOt+Xl5T3ycOcXxoxdv+Kd403dYdYXmMxX5706Y8qM0qLSUSNHJiUkaVRqsNyJ8Qkmox7qo+8KBws/HA0vwXP69jmzfzY63S097xAsn5kGldRutdOZc2uvrHDwF7TQamuLgeIEvRoULYDZTihjbA0kVatRdOxwy/z5L8Mx0fK/vb5tyxawmuHezf8TG8/U61RQRwAoh4n8L/WB12deOdYoY0oCPW8LnZ2dvyDqzjtvu/OOIN0H9Nlne3ftYkem0LGCOQF8l20EBPTCbPPYOAYsXNc+EwQmMzcn+7EunWWiCNg5sP8B5jbhxwYrv+w+IHCGsNPg86FfdiYn6nUaMJlzXnopoKEA8Jmb1q1jBwu0azDp4CAl7AX4OgUOjaHhYhdLwALYKocVOt/o0JW3QEUf6r5w4ZyX5sDC7FmzHnrgQWusRSqWqBRKS2x0pFYbZdCyC8DYk/3YA0n8nQf35z+hb2oQZjyYq7Tzp+GY4QTvAbsOSiDsN41Cqlcr4K0WLdImT5pUUFAwbdq0xYsXN8JprMMuMJmjRz39zMjcfft2jx09st2tbaCvVyml5kg9tDjgBxx2CwD9KbyMNOkuc4a+Y4qrsCK+YwefyQSYn4S2jj3hE15CG8XO6dj4425IMWRfIRGC52zf9qaswVnbtm3LHpKdO2wYWM1w786wCUzmO0tX5L3+Jsdx8+fP79i+A9hvo0EXazJddsk0M5ZQN8FtQqTXxJqNsZEG9oDKYPlM35EIM5ns28GPQe8MljLeYU1KtEOEAhYbEwlW06BXQ8Frlpbco8fjb7+d179f7/mvztix48OruI4r1Fr65hKoNXA4BlsOP4Fdv1G/7Uq01FJbRxD/mPXqxDh6GtrXegfRZ+799FM4CoMEQamDZiSOv0aIXQYc6HZCQ8RuDWDnVgDohsBkDhzQJyibGhZN5c/rgauEnwYmEJpZNqMHLAQrv2AFwWcataqbW6bDboeuuUXzZjqtunXLFuAfFi9edOVbu3n92vwtG9jZTNpNxEDbYgp7Ab5OYRUBKoWNvzITgPIMNSV0he3qBIXkg9Wr58x+KXfosN27d8+aMaPTffdZLbGJNpudf8Cm7/4C5jYDHbf013+xOwXieUPi8yRQNaAkg7cEYF/d1q7thDGj9u7dNXjQgAkTxi1/++2C8N2del0ITObfli2ZNHFsZp+ea9asGpaTld7MmRBvg9ZHp1VCM826VPAGbAyz/lnXq7t/xF/e2Q1HtrpTOdCqsAMuqBSQXLCX8LJNy/RB/fqsWbWyV/duzzz99LxX5l2nk4QGXWAy9+/f/8aSN3Kys+GoaszoUbe2bp2WFB9t1OmUMgPUjkgDq5XMWPpON/zh/XqBwlwr9ZZ83WfFBrIJdZbZSyhUcDij1ShgOcWZ0K1bl7y8xZ0f/uuAAZkTJ44FqxnufelX77+7fFneEqgXUokAth8KJx0L0qp8mDW1sJdGxD8mrVIjF0PVhiqvlkuEhNx5e8fHH+sSlEztLyjYs2MHNCPiCAJfwc6MQL5gOeDt1KnBI8H/QnfDFnQqORTaYUOv40cug8mcNXXKuNEj2XR47GnS0MDCcrDyC8cRMSadUiqC3QWJgE8WCoglNloiFvbr22fevFeufEhz+5ZNGz5cDftfJoqgiTBqI3XhL8DXKVAFwGqyREPZhgTBSzgWCGl5+zMCk/nOihXTp00bNnQo2Llxo0b1692jQ9uboCNTy8QaucSs1/zOc90DvT/IwT+Vgo1qwr6CegELdOgyzdmz22OvL5hXUlIwZPCAyRPH/m3pG2A1w717rjOByZzz0qxXX30ZHMvObdteeGHSQw/cBzaAHu6qZHKZiA2IQXJjTHpL3W1BV+FPfNa09hq2OvvKBqhZhCxDig0aJbsn7t47b3tu/OjtWzb0zug6bMjgWdNeAKsZ7h3WSAUmc9nStyaOH5eT9QTUiHlzZvfs1qVty+bx1lioj1qF1HcmnSWx/u3hwfKZbAzTzt8TFGXQWvl7AcBLgDczR+rhmOW+e+8aP3bUpk3rjh8vef750WPHPgNWM9x77o+15v13aSHslQE2o3v3rnDI80Tf3n17dfcxoEct9VciDZI1sG+vjMd6d38ceo3HOj/Yu0fGxPFj+/bpFZRM7fv005LCwpzBA/v16Um/ok9PRvduXQLdzgGZvXpldIU4aEBf+KisQf2hu5k5c+rw4dlB2dRwaflbbxYXFMAPhP0Pe+axzg/BD7yK/eOPPt27PtG315MD+j7yYCdI7pDBAx97tMuAfn0zunXtdP+9JbyucFM//mjz3l27oK5BOYFPHtS/N3xy2AvwdQrsRqDLQ51guftjXTJ7ZORkDbo7SOcRQiowmcvy8l6cMX36C8+DS4EDybwli0cMy7n/nrubpzoj9boGsUSZG8Rs0DeISik36LVxNkvrli3uv/8vOdlZeUuWQPHr071b/949Fs2fu3HdKuhYw70zrm9B+r7/7rtdO3dMfeG5p0fkQlOwYcOGCRPGdev2WLrTmWiPi4k0GbUaADIYZTQA/HPYAsMWEw1ArmPNcOBgijYZAbVKoVEr6Y3wNkvLls0f7dJ5yuRJq1auPHbs2NO5QyePH5P3+kLo5cO9h64bQV1Yu+a9+a/Mhn6kb48MqCmzZ8zon9n71ptvauZMhp2vV6u0SgWkEpIIiWCpscdcafQHKxhQYdnnQ2ah5HRsd0tmZq8pUyZv3br1kc4PPvTg/RMnjNmwfmVJySeN8Py4P0Hxe2nWtHFjRoLJ7NWzW78+PcB+0N3LN+D9enbvz5tMiLAc9g6lMTMAXF9vWMjo0+NxsG09u3V9on/m0OwssJpByRSYzLzFC2dOeR4SlNmrOwBWqk/PjD49u/Xu8fiVbyckN7NnRl/+3/v36TmQP6zIzckaMTxn5jWf9jS4ApO58JWXpzw3sW/vHr26Pw47p2dGV9hRAe0ff2RC7eiVAVnO7NGtV8bjvXt069OrBxxE9OjerVvXx8aNHfPS7Bev3GdC27XwlbnPjRsDPh8KzIDMnoCv3iEBlWdICuzD3hlduz/2SO8MepT3RL9MsJohLWzBFbiUf3//fVHh3jcWLwRv8FCn+x5/tAu40HXr1s2bt2DUqNG9M/t26vRguw4dW7W6qXnz5s1S05ITkxxxdLZViInxCfASVqanNWuR3rxd21vu/8u9PXv0HDZ06OjRoxcuXLxq1ao9xcXde2Q8+ECnp3KHLVm8aP0HH0AhDPfvbpqCdmDXrl3vv//355+f/Phjj2b27gVrVq1cNX3q1CFZWV06d+lwaztIljXWYjZFatVgElU6jdaoN7A7dCKNJhMsanXwlkalhgjvGnR6lUIJL2EhKtIcZ7XBJ8Dn3HPPPcOGj5g6dfrKlauKig726tUbDnsnT5yw9oMPCvbsaVQ3g1yPgjry9xUr5r30Uv/MPoMG9Oczuzcvb+mo0WO7dsto3+H25s1bpiQ7oQ5GmyIhTTqVmqZSq6N51BsgWQaNFjKo55No0ukhxSyPOn49RMgm1F+otq1btrr37nv69e03edLkZXnLduzYcbykZOgTA/pm9po5c/pbb70JVjPc+wOFQqFQTURgMvPz8z/4YM2rry549tkxmZn9/vrAQx063t4nM/Po0aPff19SX6Wlpd+WlICpAL86+IlB7W+5tdN99/fs3iN7yJCJEye9+ur81Ws+3JKfD1Yz3D/rRhQk6OP8j99/7/2Z02dARh59pMuAfv35rBVBlrds2LBixYrFCxfOmjVj0oRxo0aOGDF8GGPkiOGjR40cO3b0pEkTJk+etDQv7913l29at27Pnh3w75DrnOyczg93fvLJITNnzl65cvXWrTvBaob75zZZwT4vLCzaunX7G28uHT1mXLfuPW+/465ePXuXlZWVlBR8kp//4erVy5ctW7Jw4atz5sydNWvc6FFj4BBx5IhneWABXsLK2bNnLVgwb+nSvFWrVm7ZsmH37t0lfOUd0L///ffeB2UDfObSvKW7P9p6oKDghnoOAAqFQqHCLjCZ//jHobKyAwcP1prMr7766tBXX317+PAvP/109uxZsB/h3kbUHwiy9vXXn3/xxf6Cz3Zt2rjx3RUrFi1a+OLMGZMmjn/2maeffirX5zOfHTVy3NjREyeOBxe6eNGC9959Z9OGtbt37fz2229+/vlnzHXYBSbzwIGSz4sKd27fuvaDD1aAz1y0aP7cuTOnTpk8YfyYUSNHj3y6zmc+DS+fmzh+5oxpCxa8unTpm+AzN2/euHv3LqjC8Dk4+IxCoVAoFAqFQqFQKBQKhUKhUCgUCoVCoVAoFAqFQqGagC6VHKnZ/7VrXwlXWMjtL/Ds/5Sybw+3r4Ar2MftK+KKvuC++IL7/HOuuJiyj6cgBLFwP90Guhn7KbBQUMjt3U+3Yd8+ulDArykooMC7RUV0qz6HPy6kW8v+FxaK9nFfFFKKCuhLuqaAvizeR/+FfbgP+GT4mfDVofhFGOvH/Z/X5gsS8flePiN8dvbu5QoLuP2fUQr5lwDkpRb+reI9FFigCa17ixaVvfRDfJ8DBeOzQppQ+EYoMHv5UsQWGsMeaBpxb13dBD4r4vf2vtqsQfoKP6NJoTWRzxHUOFbpCvi3CqBh2UMXWMWszWxBbXmgdbawtjrXr9EMrKcYMWLEeA0i8Nl+3gEW0AYZumxm/4r3eYoKwB96aG8LxuxL7kAZV/Yt97tX1C++6/btg4aA1aQfC0063+ZX791FF1gjv6eYKymh1H4Lz56QxULeRrJvYWYS1kM/xV7uqfsD9lZxcd2G1W0tA17SbS7433q6poCuZP/FPq247hvZt4T0d2Fk0ZcvulxAYQmtLXt7/veSZcqXPh+XvQVc9jl79vzvG1mWWckJ+29vStFXN2llLPlfygr4Ssd2uy9TrN6x1MC7e/b8pmLWUlceiusaostqNNZTjBgxYrxmcU/9/re4Hnuq9+2ubY0LwWgdBpP53bt/475v+Hkg0P5/NnwoWM13rQlb9dG79MZPTNr1BvmmaE2+TrtTbditNO9UmT/SmT7SG3ZotcB2rW6rzpCvNTSOqMvX6QKL4d/mGzkGni/M7/UT8/ksANBKXGHE/GLEiBFjI4y0ldap83XqTUbdJoNhu8b0iQow7NDothjUHxk1tA03xrwf5Vjc4iYwmdz3nzfsM3+mA5WbO7b5whD1o1h1SiI5JRf8U0Z+UEeckknPixQXharzIs0pqeKUTH5eIgROS6Ww3JiQnpBLrzDyhH2Db3ACyFegEfMbdqB9uHJYyjC/CIIgjQ8pGMJfFYKfVNKflfKzEhUYwnKh/LxY+l95xH+VglNS0XGl9it91Ob0dO5fRdy//PjMM99zXMnmu24ujYw8K5FXSUmlgvwiJ6fUpEJK3CKxWyivEcmrJOIqiaBGQtxiUi0RVElEjQkBbCps+ZXEqka38TcgAeQr0Ij5DTvQPlRLyJWD+UUQBGmMQJMrI5fk5IyKnFWIqsRSt1DqEYpqxOSilFyQk0oROSOXHNLpNzRP4f5dwh3z4zM5+nTrD+9ue9hoviCUgY10ycgJGTmrIpUC4iECD5HUEEmFQFAhJDUC4o4gNRGkOiKi0UCqBXRTr5zqxrX9NxoB5ytQML/hzW9NgGD9RRAEaYwIqOurEJGzUnJWElFNRB5KBLTbFyWkXEqqCTknEh1S6j5IdfI+85Afn8l9MnL4yrvvLNXFXSA6t0BUIyW/Sul4ZqVI4iVKjuhdRH9BrLwgkbhExCsgLoGkWihrJFQBIklAhH2bb2SuIl+Y3+sNSUBgfhEEQRohLqHILSTVYnJOJjonVVRHaDkCKKqFogvKiAsqUi0SXpRojiqt69PacseOccfK/N1v/ve773jvnnvKdPEVRM8JRG4ZOakg5zSkUij0EIWX6KqI7qxEcVYqrBIRD/W3wiqBuEogbTRRDJt6hbEejWHLb8wYQL4CjZjfRhABYUAR84sRI0aMjS3WCATU8gnJeYngvFheQ1Reihza7XMqcl4NPjOiQqw5JrVuS2pb9vSz3I8N+0yO43aNyP3grg7/0MTUEBknJF45OScnl9SkKoK4CSCtINLTEnJaSodP3RHERRod1RFXGpHGwJXnK9CIXI9gfhEEQRohbv7SpnIRKReQaiJ0U0iFgJxW0os2K0UEPOcJgaHQ1pw7XvI7PhO0tuMt/1Tq4TO9AuKRkvNiUqEgLhHhIgChSxhRLiPlcuKSEA5WCgknQBAEQRAEQZouQuIVUTdYDVEIblDoFkZUi8l5JbmgIlX8jeEnxYb99pb0vLl/n7kvd9i2ju3/rTa5icAbQdzMuMoi6JBpBD1R7hGSGhEFluEPEARBEARBkKYMAaReIvcQMRjCcpHwolhcIZRWCMXlYnKJP8d9Xib8p8K41dn6i26ZvzMl0Obbbt/a8fZ/as2VERKXgBrXixGkUqqoFMhrBMIaIV0DVhNMpitC4CJiGundQAiCIAiCIEhTJELorb0mU1gjoPeYn5eA2xRXCsVVQkG1mFQKyTl5xFG1bmNqq6KM3r/jM9fdceeHd9592GA5J1RWiISVYuFpoeSiTHtRqCkXKsrFgkpR7ZdWCOWwhrpZkRAMLUaMGDFixIgRI8amF8FPeojYy5/pdolIhYRCxx4F/NltEXEL6RWVx5TSj51Oet78u+/8+cwP77xj9V13HTLGnhXJK0QC8JnnIiTlUm25QEONJfOZwlqfeVFU5zMRBEEQBEGQpkilUFhrKYXEIyJVEnpBZu31kwJ6t45HSCpl5CeFeHdSAnf0KHfsiL/rM/eMGLb+zvZHDcZLQgE4VbeIVBL4TJmLSOkp8nrnzWsEgiqBMPxjuQiCIAiCIEgoqeFvz/HwuMS8G6zvMwV0mrbjMulnCUn0fnP/PhO04a62Rw3aCiEdt+SE9GZ2Tij2EqGXvwMdrCx1s/x8QOzmoPBfnoogCIIgCIKEBhc/GVCFmFpNcJg1/AJ1gKR2kBNcaLmM/CBX7UpMo+fNT/30Oz5z1T1tD5u0F0W1PrOG+kyJt+68PPOZ8FaFSFAhouOZXv6LMGLEiBEjRowYMTa9WCUkZ6Xi0zIxWM0q3nDSqyiJ1EPkEKuFogohOS2XHFFHbk65mVrJ8nJ/PnP3yGGr/9L+sMl4QURvJOcEvM8UKLx0MiBp7TfyzrZcJC0Xwufz/hNBEARBEARpitREiM9J5Gcl9M6dKjrSSCqFYhdReYgGYrVQdkkoOClXlGqi16feygYt/d8HdNv6O+8+pDbXSDRekaSSzgEk44jeSwxeovHWuUqwl+UCXbnA4KI3uSsQBEEQBEGQJomHKGqIokogdQno6XJ6xSYRe6gD1HBiXRURVRFyXi7/Vhn5cbN2ByZN8+czuWPH9mY9sa5jxwNSbTmR1ETwT4CX6aqJAvyki8iqSQSde4gQWLhAVBeIporI6FM0iRQjRowYMWLEiBFjk4zVlFoTWAc4QFkNkVQKIipF5KQs4hul5kOL43fGM7kf/gFWc8tdLf9pVLplYCYJJyWcTnIGjKVIWM3fyV4t5SceEpNyibBcIoKVbv65SRgxYsSIESNGjBibXnSJSKU4okpMX3LC2lt1OCJxR0jORZByFZ3l/LiW/GA1fmiP/mrcmN/zmT+VbW3n/NEk5TQRlYSUE+JRkTP8JaBV8C0SUinlb2nnrwIt5y8HdQkRBEEQBEGQpgmYvYsSSg2bEVJIT517iLRKID0tIhd0gv9IyDEl+SXevNFqpqOZJ0827DN/Kit6MvOzNunHZEJOHsGJ6edwKoFbKuDnTKcTprskdDyTv+Vc5BJIfE86QhAEQRAEQZoe1aKI81LFeYmSGr8IUbVQUiVUVkcYKwXGsxJVjdl4Wk5+FpNfjZGfGK30Oe0//MfffUAf9Oz54X2ddmr1RxWKf5sV3xolh42aA1rdIb25VG84ZFQeNsi+1cm+1aq/0UQf0UR/ozV8o9UiCIIgCIIgTRJwgF+YYkqMMUe0pm81hsM6U6k25rDacUjrKFDovrHbjsRqvzapvzBEb0hoyZUcuXD4+4bHMzlu78atC+e/lj9i3Of9njyUk1WUMzB/8KCt2cN2DHtmx7CndwzP/nTY4KKsrC+ycvZlPVuQNbYw65nC7OEIgiAIgiBIk+Sz7OE7hw/bPSy7JGvgl1kDi7KBrOKs3KKs3B0D+xXlDvwyp0dpbr8vBw/eMeGFo0dPnjz0b38+E1R2nvt40Vv7hgwreXLwviGDdg55Mn/I0O1DR+wY9tTOYTl7hmbtG5JVlDVsX9bIvVnP7gWfOeSpsO8BBEEQBEEQJOjszR6+Jyd399Chnw3NKhoy6IusgcVDniiiVnDo3sFDCrIGlc54jjt27LuZk4ufGvb5gjeLV30EVtOfzzxRRQGr6e/EOgqFQqFQKBQKxUQnmuQJ94agUCgUCoVCoVAoFAqFQqFQKBQKhUKhUCgUCoVCoVAoFAqFQqFQKBQKhUKhUCgUCoVCoVAoFKqxi+PKOO4Ix5Vy3CGOK/HzN7W6xtuGQqFQKBQKhWo8Aq/I+MO/3LYtb+PmSZ8WTOWt5lH4l093jl73/oCNq/tuXttz89pum9f22LS298a1vQo+ewFMZuGeqZs/zNy8pu/mNf0wYsSIESNGjBgxNqn4Yd9Na/tsWNdj/fqe69fBQubGtT03rc0AQ7hxTebGNQPXftBnz55nwDHu2Ttx7cahq9eM9mcyq6t3HyhdAFZzzYa+y1d12LT1gdWrO619r9+HKwdt/rD/lrXdN697fPM6+OS+G9YBjwNb1vXeApsB72LEiBEjRowYMWJscpE3fhnrNmSsX99/w9r+G9fxhhBs4dq+a98fuHld1qrVD3+w/uFN+f3BZH66d+TJk+sa9JkXLqwHq7mnuO/X/2797cmYE1XJpypbnb/411+O33nixM0nTqX9etr56+mUX07efPxU2/+cTTt+JuXXUy1Onmh58kRrjBgxYsSIESNGjE0v/nqy5X/OpP90puVPpzr852SH46db/HI67ddT6b+evPm/J+46ceaeH06n//NE8qEfmn+Y3xpM5n+PL2/QZ5Zf2Hzy5PKdBR3OcCkeTl/FiSs4hYdLKK+IgZceTubhxG5OVsNFVnPmKk5VzcncnILjVAiCIAiCIEiTxM2pwPVVcPoKzlrFWWs4jZt6QoUbvKLbXuWNc3ORVZzplMeydrv25x8XnvzlvQZ9ZsX5rdXlO3bveqCCa+vitCcvkTPlhPPEcS4bV6Pg3ATwuEUul7bapa/yyqo4gcsb4fYgCIIgCIIgTRMwe1WcqMKrqHKZq10mt1vi9oAhjPC4ZJzbUn7JWMUpLnHKi56EzdusF37dcPLHVQ36TM+FQq6iaMfmLufKW1ZzyksuwnFKjovnuASuWsq5CG81hVyNxuPWeDxSNyfwegmCIAiCIAjSVPF4CVi+Gq/U4zJ4XTpqBT28J3SJOS62+pLGy0nLaySV7qSN662nvt92/j87GvSZ7jP7uTMlBVt7VVbfynEajpNwnKLmtNx7VsVVS6jPdPE+06Xg3CrOI+K4CARBEARBEKRp46WIqP1zqagVdPOesEbEVavdF8BtKj1eFce1+iTfWXG85NwPnzV8v/mpoorjBbs2dqusbOPmpPwnS7mLsGDhqoVcDf+ZLgHnklI8AnCzYffYCIIgCIIgSEihA5hg/NxiOobpEvJukPeEnJarFHGc/Nx5cqnasWmt7dyPhed/LmzQZ1aeKqw8V/zp9q6VNS08nNANZhW8a42QfqwngoNv4Qg1tF4JR6ldgyAIgiAIgjRZwPJ5RBSvkPPCgowCy2AO6blvidtFPJy20u3csMlx+pddp4/vbthnnttfda5w18ePVrjSPVxErc8Ev+oVwFeAw/RwxEWjhFpNDn0mgiAIgiBIUwd8pltCoW5Q6PUqPF4FNZz0xLcY4H2mvsKdun5z3IkTH5/8teHrMyvPFlWeK961vSvvM4Vueh+QlA6K8iYWPhnMp4tGmdfL+1jqM8N/zQCCIAiCIAgSKujQJRvPZD5TBlaQrqQuFCI9A+7htBVuJ/OZJ/67vUGfWXGmuOJMya7t3ep8JvyvnJ4394g5Dx3DrPWZXoWX+tg6n0kXEARBEARBkCbKFfrMLdaTP+efOJ7foM+8dOrzitNFu7Z3r3C1oI9krxFznJqD6JFybgX/sULeZ6q8HhX/vcxkihAEQRAEQZCmCTOZHmFDPpMOePI+U1PhSWI+8+TP2/z4zOJLJ0t25fcIxGeybZBgxIgRI0aMGDFibILxNz4zgj/Bzd+n04DPjD31y7aTx/35zPrjmey8ubLWZ3pkDZ039500F2HEiBEjRowYMWJsmtEjvAKfmch8JtDw9ZmnL7s+M+I312dyIr/3AcEyRowYMWLEiBEjxqYXvcHymXQ8c+e2Ry9UpoCl9HoE9Hb1Sn5qIa+Qf65RhJ/nGkVgxIgRI0aMGDFibIKRPj/Tn88k/K1A1GeWuxKYzzzzq7/7zYsqzpR8sr3LxapULz93OX1+Jn2KppguUAR01iFOzkNfIgiCIAiCIE0aEXsee92CkkdC36JPWScuF6nxKsFnbtpmv3h619mTHzfoM6vPF1edK/x468PnLiVXc6SykniqCFfBW1k3cXuIy0tgvcsjcrtFHn4KdYgIgiAIgiBIU4WfzVxAoW4wwu2WudwyjzuCvkUHM8UeahHVF6sTN26NO3Nmx5lTDT+nvfpcMXepZM/OjGpvS46TetwCOlU6WE1Oynnp8969nMDNibz/G88k4TbYCIIgCIIgSEgR8beES2uXOaWXU/Mnu8EoCth8QDUezYWqJPac9lMn/MwHdK7k0smSnVszLtU0pz7TJeFccu4S4edMl3s8UjcnqOGEbo/S41bSqzc9xOsRej1iBEEQBEEQpEnCuakP5FxgNQUerwBMoNuj4t8S1Fwi3poIVw1xefWXXGmbtibR+c1/3dWgz7x4puTChZLtm3tcqEynV3jSh2QauEo551Zzbh3n1Xg5sJpyL6z0GGoHOb1yzqvkvGqMGDFixIgRI0aMTTB61NQKeti5bDFvCDXUAdIhTSl91jqn4LiYam/LLdtSL5wsOPPfTxv0madOlXyx/6VP8weev9TKxcm8Lh3nieYqtVy1nqsxed1Gj1fl8qo9brPXZaYu1K3gLaiWc+sxYsSIESNGjBgxNsHo0nIuNXV99OlDIq9H7fFoOY+CPsLdJeY8supKQWW17my5c+2G+FPHd5/6ZU+DPvP48RLg/eWDvj5496Ej9rJDyf860uKbr5OOHkg+ejC1rDT1cFnC4cNJh0vTykrTjpQmHDkcf6Q06UipE0EQBEEQBGmiJB09lHC01F5WZjl8xHaozHnoMPWEZYfjYeU/yuIPH7IdPdrsm3/c8/Y7HY4fL/j1uF+f+VXJ+//6V9HBg+9+fWjJN98s+/bIirLSvENfLyk9sKy0dNnhg3kALPiWEQRBEARBkCbPwcN5X1GWfVm68svD7311aOXBg8tLD6w4fHDZ0VL+Dw4u/+67XZ9/sQisZoM+EwQm85tvPjpctuZQ6bKysqXflC0rO/RW6YG8QwfeKj24tPTgW5RDSykH3wr7T0YQBEEQBEFCTemhvIOleV8ffuvL0r99WfoOWM2vDr174OCKQwfeLju4rIx6wqVlh1cdObIerKY/k4lCoVAoFAqFQqFQKBQKhUKhUCgUCoVCoVAoFAqFQqFQKBQKhUKhUCgUCoVCoVAoFAqFQqFQKBQKhUKhUCgUChUU3UeGPEBefoi89wg58Aj54RHyyyPkpy7kPxAfIb+y5S7kXxgxYsSIESNGjBhvkPgQ+flecuEOUn074e4m1X8hZ+4jP95P/nsvufgXwt0n4+6RcZ1kVZ3I513Ihi5krD+fmUjag9V8hGzuQo4+Qo4DXchJWIZYfxkjRowYMWLEiBHjjRPvI2faEe4O6jO5+6jP/B74K/8SeCSWg3f5Px7bmjx2HxnXoM+MIikCoiREQIiIEHEd/38ZI0aMGDFixIgR440TAQkPWyOqWy/lo6zub8RgMm8lO/yMaLI/sxPyACGPEtKZ54G6BeAhjBgxYsSIESNGjDdYvJ+QOwhpS0grQtJ4mhPSjpB7COnN04KQaELkqYRrTg768ZlyHvjfEYQ8R8gYQsbzy+PrlkdhxIgRI0aMGDFivMFiLiE9eM8JbvM2HnCYXQkZxFvEUfxbyYTIYgjXjHD+faaaN6g+bzmGXx5TxyiMGDFixIgRI0aMN14EqzmAd5tdeQbw6+cS8iIPvNsBnOQdhGvl12cq+PPsCfz45wDeo0LsW7fcF0EQBEEQBLkhYVbwIf4c+qP8ci4/LDmXPwmew59GF7cjXAdy0Y/PVBKi4n3mIP5/s/iFLJ4BdQsIgiAIgiDIDUUuP3qZy9+2cy9vC3Pr1k/hz33n8KfUJe3Id7eQH/34TDUhGv70OvpMBEEQBEEQhAG2cDof7+WvzBzAe8sBPKN4k5nL+0xxG1LS1u99QBr0mQiCIAiCIMhvCcBnAugzEQRBEARBkCsDfSaCIAiCIAgSCtBnIgiCIAiCIKEAfSaCIAiCIAgSCtBnIgiCIAiCIKEAfSaCIAiCIAgSCtBnIgiCIAiCIKEAfSaCIAiCIAgSCtBnIgiCIAiCIKEAfSaCIAiCIAgSCtBnIgiCIAiCIKEgKD5TjT4TQRAEQRAE+S0B+cx/+PGZCkKUhFgJeYiQroR05hc68zxQt4AgCIIgCILcUIAt7M3HW3hgTY+6t3rzERxja0IkbUhFK3KyQZcpJFowooQYCElBEARBEARBkHokExLPA8vNeNj6mwkx8wOVolTC3UzcDfpMETHIiZ0f0jQSYsKIESNGjBgxYsSIkY+GOow85jrUhA5UKgiJAg95B/WZXIM+E0ymiEQK6afp6j4EQRAEQRAEQQz1AK8YyZtMI28aVXzUmMjAODLzDj8+E4VCoVAoFAqFQqFQKBQKhUKhUCgUCoVCoVAoFAqFQqFQKBQKhUKhUCgUCoVCNWb9H242z1kKZW5kc3RyZWFtCmVuZG9iagoxMCAwIG9iago8PC9UeXBlIC9YT2JqZWN0Ci9TdWJ0eXBlIC9JbWFnZQovV2lkdGggODg4Ci9IZWlnaHQgMjYzCi9Db2xvclNwYWNlIC9EZXZpY2VHcmF5Ci9CaXRzUGVyQ29tcG9uZW50IDgKL0ZpbHRlciAvRmxhdGVEZWNvZGUKL0xlbmd0aCA5NzE2Pj4gc3RyZWFtCnic7Z0NSGTZlceLGBeREVljEJkegxQxBuPQNOmhke3cpWnSCMYgEtdFZFyJoWmmt4M06RhEaGQ6BpFxe5BmDUYQiVtBJMYgBpHYDiJxEIkjcQyFxHURQQQRpEAKautDy9J675xzP94rq+r8hl2SMO/ec5/1f/frfHg8DMMwDMMwDMMwDMMwDMMwmY9XPBmcWjsInp0TDAZDwdODnenR7oaKlFqWU9nQNezbPggEA6eBuH2BwPHu0mjP4zslqbIrt6qxZ3Rq9+gsFAq/rgu7QmdH2wtjfV0PU/vSmJtPZcvQ2nH412PPwcJYa1UKLCuo75lfO4AsC4WCewtD7ZUu2/Xo+dz6IWxX4GBjqqumyF3DmDShvGt0E/79xH/fBzPtxS5aVtTu2zqmmRaecA5mum+7Y1deXf/8LtWu0MnKcEOBXocFjW11tXVu8ehhkwDNqW9qaWiub0h6sKm2tqW2WXOWr0tu9xr1TeHO2yxNrG+qrX/kyEux4FF90yPVUXqfLZyQf0ERjuf78tVfqgT3+vzIdJJMcHukzmm7cpvmiJ+pBE6XnutMe+3SHWqyDllzPwA+O6MxUI9nhGhhcMzi4Yfgks0BdnJUxljybAF+hTb47mu9WgKl3Wuqr3BrAv5Y6yHGyRPwNY62mpV7bVbsU5kNyJpy+NkR5WGGGaRa2G/19G3dccuypzDEEp/8d/uC7a4ynbeL0Lio9TKOVzqdmZJz2te0DPP3KZ4AtWh1q8A2ZI0Xfva12hijdFEN7LV8/I7uuGU5kh5htU+vx4M+h07rip/t6L+PwxHzxyxFA3vadh2/Vvpe3az5rhp+1moBSIS6ng5ay85zV3vgkhxIDrB+Wb/Po/5y9Tdsy3MDqotwOmJ4MfzEjGFH3Qp9uz7fgbpDVnPq68w2qnldNg0IzWFLI6e7u5NBI73uqfyGQJ7pTylxAiMGjzcfqK/JrxHckZ+K60x1TmUJsgbRnfJ8R/66PLVr4Z7uuGXZlBhe7uSRsX6XH6i+ZCsa140ZFuW4T/P8/oKSCaN29cpuP5uMdk9gFbKmCn52VPElN1FP0p7YNnFfe+CS7NOHVyt9Og8RHChUfM1JlM0ZtSzKbosJyxqMTXbnLEju8m6W7irhZxV195B6n2U726VgnUk+zywz++UOs2DoxqxB9YAeZlz/4LXP4OL3nGO5zWcW6O7eKdE0QHY3V3cPEY8rFU6fK73oa7w2b1iMnXZNyyYdMUvKqszX3S2iYUFIdjdWd6+c6X1Ye61Zbnhnd4UBLb/pBYes6pOwIeN1V05cUgThkzyhPXBJSLorm3Oq+yVN39+6facsizKhcZk365RRx5YeF9Zkuu7yqSt5cLa7obqrMb9NiXNwR/5lX/LUabe63TZV05ya7SJ05lKtyHTdUT+79ieZMYTuuGUh6K7O0R/3vsaFQr+Z20TQPMVNnjN7uwvIRmW47qgTwjOsIaE7bllw3T112IKDRunXfQ7ZFVYLme1UnFGHjWoj2pHZutsi3iB0oC0J7YFLguqu23ETth7Kvu8YI0ohEdIEhuRNa6YH2amxR/RxzWjdTRMvkAirA6E9cEkw3fW6YMPuLckXHmWIem+jzbCsaeV+x23aolmSybqjLuXx2e7m6c6h+4NrLMq98Ch9rlgWQ9ZxcNwFm16SLMlg3Q3TDDprozQmtAcuCay7Zy5ZIT2jeF64ZFkMiZN7j1tBACTf7czVXT/NnjP0SCWK0B64JKDuGt3ZQYWR9YZ0O77FJmzLkkJn7xQv2KXYkrG66yHa00prTuiOWxZId5WuyS50LOf//9A1wy6QuE5wZ22OXgVHyVTd9RBPMomyu1G6y5l30Y5Z+jsP//0cvMi3IdBANa5EIlgqsLMyOTLQ193T0zc4NjV3KJUp6pRgTIbqrpN4cUv+WgrtgUsC6E42n8PR9thw/8uurp7eocnVA9m5kvy7DiOXyCzC8p+nhl7+7PHjH//kyfOej3/7xxXpFkLU8ARqXqvdkbaK67N8blX76CbVTeHsDW6M67rzQ9aY0t1j4gUC/TcltAcuiX1+lQYJ5QTWhxpLrz5e3jqyKmMImBDnKhNybipvxx9//71rTRR+p7H3D1KthNZoxhVR5uKzlRf2dyc1ncSFxhbuVZ6RuusgxsZQLhDOEdoDl+TQzpJC8nLpaL292roN70uJ++Me6juSOlN5+/KDr9q0k/eNzt9/KdHUIMm6x3hDZwP34DZy6miBvJjXIaq7nbmtta29fb8hNrY2wCsXM7prJkY5U/d2EQTS1tLaxpb/UPf9bJ+zsbXps7OEuso8GARdJ+rIm8QgMSaokNpgeIr65CGSGOHOLyX8l0khp+gkfzZKyZzdR1lK4VMwojslHzh1jOiOmHLvVOqIXMCNvXYn47KHvEA57kdD1B5QA2KI/ljkmKTPPn2f0FxJ55+pDfoJbx8LwzzbuEsb5m3KYgoN5kD+jJ00W0xhQnfltO3v2WMpywTcmsw1khb5tLncR0nIV/qYeA5SircVXtzT2gqt/7qGONZ3WqmnLIQfBubOKjHDTOMGoWnZEN0ZCfinY0B3xcRTJ8kwEgG3Juc3ocEbyth2qL/sqiXSu6JsoCqIi/uFH0mM9ttD/yA1eobsyzxY2N2JzJ4jD/8coAtNRHcvJMwxgL7ucmgnmWeyfhgCbk8nk7UM1ZSvylgeub2CPsoRZIDQ0hChnVDo856vyQ34h7R0vKg3ctEW+DzlqvuSPPyvgK3yM2y+K95G30gUmUupKAJuj3akpg8lm7/cmpeUMPwV2sw90uXG5z+QHvE3fkfK6tyGNANnZp2XNOoBag+2AMqs+S6XuCGQDywTeq/ZEIRj7IBsHDb+Gwovm9DiRKRDld99Q2XQ/RS3yhUkHwz8O6+VtQmN7J1CGsgo3eXTjtROm+QtE3CTLukO/6wE5dO6CsJUha0PKOUjdn7zdbVRP6FEzSG/VDA6iRgzl0AJttLcQRrIKN1NIS8jRkAlf4GA23RHd4/QsQVVKrI14Hu8caQJwjrjC/WqMj8nzHib8JQM/jQU6m6gTmde+PlM0h0tcfKJUtoQATfqju7wq2QJD5wE8Ji5Y/icgJDF/i+/UTItxvP/wzuwqygTA7w1x91LkijFrmCQnNsZpDtaMPFRm5JlAm7VFd0h1SNC6m4OeGQ+HKWIfxA+/5OiaTEG8MMVeGUHLlWlT9nCYIU04c9ABumOll/gROUde26G7kaxwckey8WpQsuxLkOP1+DvXdm0c36DdwGuY8CVqsoKCHNGnYAfzxjdDSDvIYbKkUoUAbfrhu5yscEdq6ea7UbPVqA7Qfzu7osPlE2L8d5naB9gZUXQuatNxSLEmhX46UzRHTGbTr2qZQJu1w3doV8W/JbNHrSaAXCTm4OfyyiuMhL4V7zeApBoNxcMAiLEyyWDHOIhddQy5N78FS13HO5OZIeAG3ZDd9iZ4b5OSUb0qBQ40cQ9M4e06ojEwBc0kNMQqLt1FXs6YWOQfHCZobsXpLyI9JQAyQi4aRd0h26iaAnk7IA8Nc82XzUCx/SoE81fKfEHGO+ihzfHwNNw0KtNmCIIEuBwBJdKyAjdtdD86h9pWCbgpl3QHbaJwm5qERptmj1eHayH76K86Iv/lZ5p53yInmkCZ/dwnO+kij1Ak2enJ344iCMTdNdK8oUOCh3LBNy4C7rD7o51/1QWS4az+cEGfIXYhb35WVIcEQ464QHy2YCfVDlum/Bvriwvzs9MTowPDvS9fPHsScejh/fvVleU3QrPdUiwcAbo7h5ptgvqFQ8WcOvO6w4xIHRKD0Kw5mqEUfBwqYe4+kLvINBgNCI/woKCgEReSMzcDjHo1Rjpr7sa2iJTscbGBQJu3XndYctMpTO5RGriLocn+5NdpKTHUSqx9//Zt3VNuwBNeGS/gcfKSazrHEopkPa6KyUtMs/0ZrsboDvs8KJKu4dohNrJ1kQHJVb9EjRfkPYXIc6P/6rcVTtm5Ya7wkt33ZXD8YwXSAd6XEfA7Tuuu3JkgKA/CY03oc3BNvkKQFh+JP+7+qZdgF2eH9g+ifyyIs/Si7UaIM11V0xLVKBRDfscAXfguO7sjhsNGlCAuNBbk4NFGiudFdrwCdJX0DaHbQ5hN7LRiYYZGiO9dZdPysB6qnWSGUPAXTiuu1G4/6Db5wJx0LDZn5js7O9IZ/bu26R8EfuDSt8eBdJad7mkgLugRqHuOALuw3HdIXdXYDZgR0EPLJRizO3ArhJmlO08JzDfjkSumyGtdUeS3amRqUDAnTitOyz7I5ZWwDmwJJy/Ntrbx0hv9s4D95AnLzl8o1zYnU46646UOTlAzWkHI+BenNYdFnUilw/LJJiHnnzeCQisztep/RU9KT3SOfuTLcQk2aqkse5eU94gIbMiCQF347TukLQCQbe2JUl4EYf09euFR/R4B1to2jueSBaiPVnu1j+Nsyd9dUcqo3yieV0eR8D9OK07JBbBvniQ0zQgf4A/Gu4PSypgX0SlBHkymeCJ74X+tag1aau7PkoG14Ch2S7lukOcA0ye1cuBJbQz5SN2ARJ9A210yfUbrrA303NP1wXPgnTVHWnVcEIqFENCwD05nC+6FPnIDDjbPQCWS+rfDff3A6Q/oKwpsV6NBbuzvabvadK0LslLSnriEzNHKlEE3BWxZI4qWFSqWhoxE2DBuN8x3F/JX+D+joG5CXXghjhc7Da55kR0p5DhTAeq7lopstszcW93gYD70os5RXmODNXgB0aOHCSB9Z/taksq8yfkVQDOpdVy5WiTCJ5MdZo6wEJ0h2QjMw1Rd9hmPobRu2QB9+XwOhOpAhRw5arXigrkb/A74z2OIT1CH1vSURzCzptaE7UOsXqvi6ury9ub65psb66Gwd21aLqrIxb4NnmpJeCu9lf9W1sba5qvaWPHv7a24U9OvoQcCWiGmmtQj/wJfmm8R6yOHfRHJ5U4x9lbfCzvPn4NN+ub47sQku4aiZXWQkGVtBk2CN3BS5CcxA3xPV4yN05JsOPF/zDeI7bWGYYebqZFr+AE1nrkoqWu46bu8CR6FN3VwKkyElnQejVXEHpDlyLZxeMIfsDeK9FpXiFD+b7xHrFTyVnwaWyVKsN6p230A46busPd3gi6qyKlDjvH3EpT6AxckrbrnZciTiHmIktlwcpz6E0KVnz1S7hH4CIhAq10DZUFZS84N3WH16pBdDce/jeIhSXP0V6HXyDUhy1N0tcCO71wrcpzEtjP2FBGo0SQ/LVITa0imc82gcC42s1eWulu2OPFswZfAV51SCCURy1Pku6w1JkuZ/VOAIl/XDZx9HeNt3CXSL5YTz4tHY8EW48VRuGm7vBJGdHdSDGWVCAJlXdihVAcswpJusPOEtoMDVIeZK+tVwTImt/DXR5hTl2YJ7cCRyPS66q00p0CB4YuOoVxy+xJ0h2WOkg3aZM6iN+o+es7j+fXyMtA7zKLZCKCqMhe4Ga67rQLQJ0jzFtmS5LusMywBvJYKILcpJoNeo3Rj7wM/JCxUMthzIZDOV+9jNedoc2PcMAyO5J0h+UoMBZ1IUsx4nn1Xw70+RJ5GQQvyvxZsCyXImMyi83M192JkfBF4YBldiTpDisylrKkRqk4aP2FiZfRTYkik2WrlT6KzNedmVtl4YRlNiTpDvMrNOiXI0c1Yph9FKo6P0X6pEU615ryXLkC/SI1C3QXGiS/DXuEI5ZZk6Q77HbayYQEILcRw37hQJ//ifRJrfr0yoEpL7BKzcCZDbpbNhD+KhyxzJok3WHeTSnLroIl6XIibPojpE9yavBHyw4ob5MYGpINujNxpimcscySJN1hSUU0/AT1uI8Y9lMH+nyC9ClxqfJEzvmJxAHtdCUrdGcgbF44ZJkVSbrDkimY94IkgiWLvuG68+S9MH+wuUv6a2SH7o60Tx6EQ5ZZIa27lO3vMN3d6HVmjE7DDpuh0CGlmHt26C60IvfHSEY4ZZkF0utMerE6wwjEsJt8rhKnlVRkQ4ItgvCyRHchiasVS4RjliUjfa6SsntzbH93c+8RrlAxhRWxloPwlc8W3R1RJn8A4ZhlySTpbhR5IGVpjbDzzI8d6BNL9CA930UoebZETB5CwrogeCJpFW+uAxIPiSGcsyyJJE8/JK0RmMvHUbB7cyf8VbDSJKofIW/XhsTfCGanHevNTd3hJ02KuushZLE91DvTFGqWKZH0RxtAHrAv6+0wWBXa/3agT6zQu0aWy6L+OUPRebvFSFdpFfdqg49U7OVMa6UplCxTI6l4IuYXnbK0tVjNASfigP4H6VMvxUBx65SRq4VxpJ8M2N9FFtOC8O9p+WlSOjBF0v4OS1truggBmQIk4ZITca9I4tpAgXYPD3qX6bmz7EDW/m7qDl30KuluOvrkJOHftC/CiyMULFMl6darHXnAhAOqGsjcsOxARQ+kYPKxkU6KGvrn9MJjkTNNRHe+1qaO9pZWXZpbHre1teKl/OR1FzjPoFJOiN7f11j6C7jp+caWttaOZt331NLW3tHWkrRSwrLD4sdnToH9Nt813mPhGvJHNtfTwydrO+pJIdrAxtOqHpAFcxePYmuxCNPqlgm4ZWfrkmBuIROO9g6xiVj2LeM9liI9Gq70XvXMt6PmPg0nb0V0p7M0U0BadwnbV8qSXP32XMANO5tJrxgZ1rajvUNMI5Z9z3iP30N69Bnv0XP/+YrCvfoZeG2G6M7lDHGyuhtLCHcSlGovygU8BNyus7rLRVY75tZWsmCeNB8a77EV6dGZlUdew6hftprQGNRgWq8zh69s2ynVXpTzaQq4XYczxyLbqNTVA8IyUHxivMdfIT06V8HqXv8ytTJHlDPoUCmddXctrM5LWWmq5tMUcLMO6w5LgGWurq0kWIZB8xcJWIZq5czpFO50r0ls9pqAltJYd0nRrNiPIMKxYqyagJt1WHfYcq7N2e7twU581oz3iFwjOO6rWvNmm+rJCdRaT2PdWRwmUAI6FGPPBdyqw7rDcte9crZ7e0oQv6q/ma6z/M0v4A6PMActAzwap3mTHQJtpKvuglb1J7CvbxQ1P00BN+qw7hqRMc3hTTgEtrY3Xaj7Q6Q/d452bw+TDlmAuTdddWdd9oVS3uykQsUyATfqsO6qkDFhxTiIKFQRwS7wPjVjWRwsGkE7wJnI3SXEkAjAbUCa6m421/L5W5QDJ2jZbYuA23S6EhbyeT01kmGl+HS9VzY1GXaI/NaEYQn8BenPPZe5QcSSEOinkZ66m7E7OMfq/kY4U4mCFnCbTusOy7IKHZ2RaY605B+Uil7HIrD+bjbHILa9M76uBXiKmAKeKqWl7uZsP++5lOl/USHLkYCbdFp32LRipOLrRfqkzak68oUglukh9BMTlsVBj6w1XHClwXbdoUP7LLbpqLstwMEayzwQRWGlKeAWndYd5qWxaaKThMxa/pEm3Is9Qg52n/V7E5bFwTbwcp47ubfuaBXG7MZuFOwn+zTU3Zr13u4cUuV4+UBRATfotO6wg5UzA8fn16auwGIbJZQNO1j5u8lkZ99CghFCi3gb+beqa9peDE2vbB+eRkoI64BdXNnnWEo/3e3BKegLCU2EDqTPIQTcoNO6y8Fyf+CxjSgWheUWe9DtGZZ2wWhuIzTopNfuybzy+01PuyemFjeuujhrhKiEeab8V0k73fmxrQe+3Q2RvotXEXB7TusO3eAZKORuLe31XriwVR32qt/+k75p53zlj1hnFmdClUPjU1s7dgG6e1oLzdx12Bx7Z9F0090mvu3A1iJRGiUtE3BzjusO+7IGtHuwf/erI1X2a4wSpNRyKPQDbdMu+ADryspDpBl+RC/36CzcuL0fUZrpbp1wLF1H8SU4KZWzTMDNOa67MmxQ2pGSo1Dr2z7bmwq0aPGkrmVx0L271azvhR/R2+Ah56v2QUnppbs10r6MEhAUWpazTMCtOa47D7KikV85X6N4D27/xO58BMsjG1qXrFhgy+0vsa6sPj75sC+F5O/gGrWwPfaiTivd7dJcvMop0cEBuYggAbfmvO6wXH66ydp7kOZP7R70ossLMABUgk+xjoKWp7rIvkOriBmSuNc+8U1a6Y6aia8LbibGqVSiRQE35rzusFLiau5vl2AOzvb5E9AokC/NTHg1mK9KaMnyOSTVnFagLLKIzRDdkb0ySEcrUj9UAbflvO7wMWm5aqCnwPbaQReaodmv6Jh2wR/QfqydxF7BD23o2IQUms6QdSY5d8ZD9JAtAp6/+hIBN+WC7rB6i3pXUZgDKJCWsgqPRvu5jmnnPEHzWQatz8qwmw6d6hINcNMDtg+mle5GyA1hlTyiyNQIEnBTLuiuEA1z1gi1RgtMQIeSWFKxUGhdPwrcix0s2e4jC5Htvs4CHQlIfmn7YFrpjp6ftRJzX4pC1/EN0B2eEls99iwPPRuB7juf4zlH/qBs2gW/R/uwtRH7LWicrCCVeDPk3lwiLzIlja1MrTQBN+SG7lCX71P7ZQ0Cege3Cz6OXEGE2f+Zqmnn9P4v2seR3bMWDnBXUEz9EQFZg9hXwMpU3dGOVo5pTveeG6G7vBVsOPuKy7kGdIcGjw/L5hfG/5Gaaec8Ifw5bX0zsWCOPeUrGKy6iH3AWcbq7i7ySmKQvRUE3I4busNPVkK75O9IIoX4KRTsJlRKyLD1+b8rjTnG99ErhDC2YSq3sFW0cqUoZJ1wYB85k7G6Q4sTRwlSzzQF3I4ruivBK9QoHYpjqfGwXP+04KtlWZfYS/7lM0L7QJEIbKFwppi//xEi6EyJN5fSXT7pLsFPnCEE3IwruqP4Ayi4PSG+vREwyVQhdfCifPZDpUF7PO+/JbQeAiIQ0dPaU7WE25hfFPB7zVzdoVXjYhC9dgXciju6w07EIyzKNooG0FHSlY1TXvWKmvC+Q5ntQGc01NdHzbsVHTSQuzqDdYef0kWhrTQF3Ig7uqOc2AewNeE1kJPwKHjK0bt+vJVQ6G8N/yw/5u8uUJo+AS8D8Kw7CkfBWGhW6ASYRTNZd/dICbX9pBQJAm7EJd1R6riHVmUcTwmLTFJ2Top8w/xUesQNaBBCFNiViXDgKv0XxOOroWQvmaw7zygpqy9WAj6KgNtwS3eNlE/JLtkPuQJ3AgnRPIeRaJsL/GPvS433ned/I7ULZO6KUEz4IfjkCqMTLoih94boTi2puTKGdeehbPdDQUrIqIDbcC1dKmnRtT9Iy15wj3T0dEQ6dECT2p2z8pGEk/S93xFbxQ4kKfvPWRlHTcKuOFAJPJ/ZumsjvO7wpprgyS/gJl6rjFaFMtKIQmv2mazi5JOcWMmBMvO01kKhT+4Qx/ruE9oaM7y0xpoSlFY2yUlvb1G8MhahFtKqzrK07tCbmxiE+uACbqFPYbBqoGfi58xgGTGekhYD9NScZaTJM8LbfsrlTV4LwSUzximuZPyOMsKsIA21mVJpET6wQ3TnXPVMS4zrDomPOieA35sKuAW39nce2klIFN9tYMfSTHIcj0CYOWO0UFsMhf7xMfZVyPvwT/TmCKcQmEfXBYu4z1gb7dVZV84h2pPm60yPZ4T0jnbQiCABN2Af8GGcUtKIoqz1Wjp+51eMkD7YUezjzJPw0S0LfTH14Tv2Lb3/K9pxSgySXzP5O7PdBe1nS15tE+d1WDqI7pZfvn7V199nisHXLwf6Bp7aWmNed4WUk3eCh56An199PTDQ/2rQ1Ht6NdDX3d9nM4miGSsTOPNPdtYUJxz25Ve3viH/BMOcSFxK5JMu8eJ8/ttffvdrya2892+fzlMS5MTxk5JdtdFrkwdWOx5Yaa/0Xv8KuczyOnw8Sp1/TWK/CzavO08H6S4BjQgS+sOWxi4npsy8EmV/bWnWNz7um5pft8vfake3zLtuoL3rBN6Of/KzhjvfLC35esl73/7gex99/Nu3f5Vto41mHKUY8CX7q5P9HXWV3lslJbe8lTUNz9/MbJ7KNICsfVOhO/uanA7ojrijPkBaEfrDlsfGljzakEwg6e75knhWYxJqVTVSxRpjwAGLqdHduq01TuiOFhAURLKTCP1hS2ObOo/khmwC2ey+VLcVg9B/E6Qsc6bA7gIzX3dYPqlzDuHSjUJ/2NLY6s5TS95m6CGXYzTCMsk3zxwyuS3wsHhjoN72WaC7AtrsABc8EfrDlgaoedDhys9b5VZS5tBGH2x7cIU6l75W4VUmuk7IAt1RL5bALEdCe9TyQLVGqNfnOkikfbqkEMsIaJJNuXUwlmjFGHhVtGzQHTEgCLwhFtqjlges8fNM6nRNBfji15ZC+t2gLpuyBbPJPgd6EO48s0J31bTz7R3gykXoD1sauLbWE+lDezn2JbKLXmXf8U9CjE3I8diSwm037Nol3Hlmhe5oaWzB4EehPWp5kJp2zY4K71i6JO4lrvy6Q8uEmmzXue3C2UqQEoaVHbrLJ6597J3zhPao5cFqSd6XvQSXYJMaNGAJnkFan2m5eLlzGuluK6qQfJqzQ3eeDppl+7ZnmkJ71PKgNVyrHTs8XISLK6OMOmVYHNXfQq3Dy3Oih0+W6M4zRzPNNp+m0B61PHjt5EKH7qmXNIvpeTytDs7FEex9fDHuO+t0QHSsyxbd3aGZdmaXsU5oj1oeSs1yQqYjeWaUlnBXebDhgGEX7Oisgu84KbwXRCOyRXee1zTb7G7Phfao5aHozlMjFwRAQeneLolcQioENQ58cDYVjHLivZI8p+R8RFmjO1quFdvYc6E9anlIuvPkEb8o5F47dN5yIo1S4TxkDtTXmBfMOnO6ckh/ddmjO6w6xQXWK02hO2gFaLrzeB7uG/Qam5F1hQbInTWvvOCY8r1iAo4sz+cr6AZkj+6ozgp+y7+r0B61PFTdeTyjpq6lTg0nGKiTi3rD2a43Y1iFcdeVU6mcKFmku2qieZYZv4XuoBWg685zb9LI8fi41q2dJV20gH8aewY/C0/NnrjO3pbqvdlo5zQWba1xVHdYUdw4Vp9UWhSfWezjgCyoJWXWBJmjZdOSJL/X1GTsH7Gva6VA0YC55fmG7KaYlmHSLCma7zy3iP5L2xZZX+/rD1uaM7nh3ZnS6m1dJm2rFMVPTcx5p720ZLwSlE+hBTdJHDzNk+2aetpgklTpjuq1EnqT/GgqdHciO75in2oQzsmIgrOjBM14ZRCYdWqhQjlKBvQv87aeKHwQbtZ8VwU/qKs7qteKxUrzgfao5ZGc7yKUdi7IL54C+z0SJ3GKVA6oe0v7RzTd1gByOrQu+A+n1T4Iqdjf2euuHH5QW3cPiOuK3aSNRCrmO7u8RjCVz5ekDsm3+glp6o1QO6xylLE3UeewXd5+PznX9RWOZhULxUol+TWGve6QI8dZ1VHGGSCamHR7/kh71AqojrKif5LkxRI4mHkM1o0zTc7dl0syC7vg+qsaVwwreza7K3eld7LaJzQ2nDVTszMTvimXGJ+ZnlyYfmVrjXd0cnpycnL2+nO+Gd/E9NiMftb4iqnJyfmJpPYvmPGNL06PzY3PLF+/Pa7yLUz5XHtPPt/i1NyUzvSeU906tAJML4Hd5eFWtya6K+Te7505wNcdgd25njrp4wodqp77/CQ/loMtX7e24ziTwVSIx/2+xc2dePjh/t7W8uSbvvZajahWE5TWdo3MbVp7s+xvrgx11ckUzzRHblVz38zGro389nZWxnuaqo2fqzIZSkFhcWlpaUlxnp5DsWlySyruN7Q/7x0YGhp6PdDX29NcL6pLb4CNRWV3HjW1P+3s7x8YHBzo7+983FxbU1ns6vTLMAzDMAzDMAzDMAzDMOlLaYW3vKKq3OstLysrR/GG/53wA7fKy8q9FeH/EP6vXm/s2ej/95bH/ie8JWeIDCFsRdiysH1hM2KWRP+D9/x/j/xLhJGaJfKqwv17K8pjLypuV9Tecm/sLabuvTHOcPEXrQz/ccsST63XXErBzDDZzm5hXHa57mRgZhgmdJlwIjfVpjBM1nDpI5rjZnErhslqEnyzTacHYhjGmv2Eg5WVVBvDMFnCYcJ5ppNJzxmGueQ0n/d3DOM2J3k83zGM2xwkrDPXU20Mw2QJ+wm64/NMhnGHgzzWHcO4TkL1R97fMYxL8Hkmw7hPHuuOYVwnh9eZDOM2+wm643MVhnGHPb6/YxjXCVzOd3kmi6YyDGNPQhmuIrM1gRmGsSOYsL8zVaqYYRiEhHtz3XKpDMMQSYg37xgcHx4dfTM09GZkeGRkmGEYY7wZejM6NhoW1vjo5PhI7+V8l1PkYRjGcbjkE8MwDMMwDMMwDMMwDMMwDMMwDMPcYIoKEtI+pNAOhslkcq/8t+bxjdDi+OjY1PT0xMT0tG98jP/hf/gfM/+EFTUWltbUxOjI/PxY36XsKsdT7SvKMFmCX8R1V59qWxgma2iP66461aYwTNZQE9fdrVSbwjBZw9247gpTbQrDZA1lcd2VpdoUhskavHHdlafaFIbJGqriuvOm2hSGyRpu83zHMK5zm/d3DOM6d/gegWFc51J3pak2hWGyhrs83zGM69zl/R3DuA7PdwzjPjzfMYz78L05w7hPNZ9nMozr3GbdMYzrXK4ziydTbQvDZAsVcd15RlNtC8NkC5Vx2eWPptoWhskSNi7jXj0l9S2NDU0tTU3NzZH/YxjGKI11j2rrGxqbmusvt3cMwzAMwzAMwzAMwzAMwzAMwzAMwzAMk80U5hfk5xcUFET+j2EYsxSWlBYXFhYWFRfnlxQUXOruWapd1hgmWxgrjOvOl2pbGCZruAwDGku1KQyTNVymrR1OtSkMkzWUxnXH0eYM4xa34robT7UpDJM1XOpuItWmMEzWUMa6YxjXYd0xjPuw7hjGfVh3DOM+rDuGcR/WHcO4D+uOYdyHdccw7sO6Yxj3Yd0xjPuw7hjGfVh3DOM+rDuGcZ9L3XG8OcO4BeuOYdznMr9K4/wawzBOsbKyuraxubm+tbI8PHqZ54FhGIZhGIZhGIZhGIZhGCYt+H/12akdCmVuZHN0cmVhbQplbmRvYmoKMTEgMCBvYmoKPDwvRmlsdGVyIC9GbGF0ZURlY29kZQovTGVuZ3RoIDM0MDI+PiBzdHJlYW0KeJzdXFmP5LgNfq9f4ecAq9FFHUAQoKu7ap+TNJC8J9kFgkyCbP4/EEqirMNW2a72zHYyPdVdZesgKYr8SMolJo4/Pwj85bSc/vL18u8LsxCv5r94UUzh5w8/TunNLz9fvvyopp//cwn3BTg7CSHV9MvfLj9dft8NAYYZj//spLgJgzEnhJuYc0ZNzIP0YeDlxTKJsB7HAm0n6dIczIHAZsIa7CJxkjhCdw0HsNKEnkrMPQN1UnImOediUk4ymJRUTGrv9SRiqz/9Zvpnx4SUkmlIXQC7bMlEKsOUUsZNwuSJ26m11WHgam6P427Nrq0NFzaXxEimAMdVyBLT6xTgfSYPcg/Shj5b82vBtBMSO4zYB/BHJQ9G7pA8COZQSlwOpzbcH5vYCLktcWEZB2PAdPOubwXLEys0wvX98uWuJ6mn958uIu9Jo3BMa5WaNFNWciXl9P71Eu45Zoz1xk/vf51+izS+/G56//tFCoZCCvOly1rQy+LLxSbaMK2F5mZuBMgjVzgGxAZKMW2c7QZ5xdcVXzdsz2O72/sD9rwkLWn5i2SHfy2bHvXQ22AgmMY5jHeZTc1AeFBctXwKw6zhTriaynjHM88llyiy7Rt2mw/BHW23mhEIS9xwYHBXCi5wBdEABfHNC4U6pNH+oDTSrC8o7Osbvl6T1KPkw5+3JN3wOd6/0l98vYgdlCqUVdBvHU0soPGZ6t/BQC4uRhU2gS8dJB93xw+CKUPvUee1kvGWbG784/LHSAuoeX5wYclxKYM6Cdw+PHxe31oV2Uasa0orYL4tWCFIiD6prPNFaIFUoV3a/zLTKpx/SKVAU5J7rJJpnyEzkYVqJepNFil3tNlQR/SdVAM/iyB1l95H/XlNKsN1uJY2hMQdYZVWbh6R65b/aqmsY0+slBNrJusJCSQ7I3BWv2Fo8C+QPGirkPGx6AmU56bazdfxckd+j6z2GqtPLfYLceDoBVlHh2vjo8E5ujjoaVfs1DOrw20ikQQtAb0B95Vebe2txMABaa/TvrCxO2g/Zlc7FjxSkTAhN4EezT1DgIAI4SEfXiFaTd38niVAD4T4RAV8sak9gY173ue0/11YopZ0gwL0SCpk0pW3QeH1mOxFl02yES85hRBkz/4mc6WSBvl+qyIuzEYAAQsHHK2ol7DrTFbrIyMEpt/71kbxPUyiSeLgIGj7tq69tPRVMUWirCDMRzRWccVOGtE0OKkRCW4vhCVX461pYGHcE/cWAUUzpDUTPmpF4gEsRl0j4xORZGy8j3Jc60jctglyibxsgiSCRl0rkHsZ4qFClN4hS6bJBe0yixD80y3RZJlXnfue3VVwX3soxAgoYQqGEWv8H0Bafl/Ci2wPeQLPtuEBwzwjvUTKw45GinUGzy771ww8E7zHLeGNFcWeZ0ACyK1AvZpv0BbFmNw6LqseiTnA/YhhdrV39T2FGIwb55UvQzlLQ+H4PlA4gxSyEUxp5EzrMpSmOQxwDOIrP3+jOZTCve3EN5mc0+TgFHdaVMucqeLK+UqIADS5xyAgpEM6qh4rAoZxH9QCDD61A+U2tYBgEgRM7y2HbbmOpTRUnOEcoyWqA5zOoyVDZNV+hybtLmsEaEa5EnscmkmbO2/yaAfuHcXWtKYTEWqwK26Y01n02KRYI9qLkfu2tdIzxJad6b8XHlLMMdLPir6UGHxsSlH1v4MtDURa7SPsnQWHXnYLCliY1WOnm0VpIyl+l7QNZRh4k3u5UizqS1QX2eo0pwI2MRl5CNfkXORHUX9AzW6MaD6QJa0pc5NQISsaUg8tgcxG5Qn5rEwgaklFoMzGRmihwFZW6JXMkzeCo/Xtjc3yBlhyhOi+vLOVrU57AU0prr6FOkNGdgvjaxWyU5uTgxgMRcq8vEFmdkkVyNFQftBjPJQaDaVHnCfVNgmBVdo9FOJw8vEcQ1nZw7IaruCQ8yGDI7ETKhWCCS41borvqw3j2Ue8j9V6uBHOY4QUaC3EiEYF7OMMRwFJawZlkZMRO8KiYOs0n8EcAgGpdO2AaLuvoZFI8xEw4qhkwadAIyK79KaDdU/xwU3lZF5L+pBUBCwTfSmAd4wVF58Yi5jlIWddj19lPSoAkDxm8v9eDLFW5f5PUyNOiSata9J5m+qYrUiX5gwdI/zi9BLpb0pxFnsVIB8EkFqjijhrzhPzKmcKNcqgdokA50J1FEw7UM6LaZU1Zz3pGibIOYNx9acSsl9LhT0l5Rk9iSVpmcdI2ksR4Pz5Sn00jXFrZCJwh0R4PBDKbV5TsSiqxWFvRE4yikokBOyqxa/p3RabFvoUmQHl0QPWnw1Ev6QbcnUvlEZdarkwGPl3O3RLzSmjk7V3qfo7pCPdnhLMLqXKC+OKQ3UYui9Kp7djgous3Sj0Msy1I+Y6q55DyVxvhWXBtdJAjO3NSrEoLxY1JosREvGizdfP2p/0Wa3pcxyB6jIYx1gnukgG8mre8/Q7Vkyf5SJqA7VHe7OORWrzLiBpYnzVVzTGdSaFapEI6Q1wbViyjaQpQDIXVqya4UrRi4RWtLOJ6HxApyNmRUd2yB/WUvvPLcCNYHK773tF7EPIEtvSaZcjwW056vLh6PbtUXT70YM4nXBhPcJFaOWV1IGmRGRwF8aiPrTxqmHgjOKqgvyClEcb1Psqf0mmxjHEHAgGS0zscgKOO6/RXFfrlWG601pV8D2HRxhZx0NDnZphB4zNocrY0f53DECjqld7KV/nUolqpNHUc6SDeqWdq6aWFHRjYKaAq215jGhSWbIWHOpFkVNGykzgfpU1Fzngl7gYIKrIKG9koQCcXwRAy7lHEqfTOEwYoZCR7amHxPbwuIRYpNm7Y6yhTj8B6m98F6i3vZdcJFbnWIq4ORB9UY/PH35l1g7EX4W3z7NWJTDL5j5FZjoeCdgKzU7Uvg/HZtEndwvbJnLTdgemO3hQO/EX+lzCJpQHTwXm1Q53Sszfgg0n99oFe+FapnBOBkmmOsAR6d0BEfwitf80ogaiMpcYSv6+CgKgukeicbYS15VAmlzooCqwLuIv6l0HdgWcLsOMXr69DAH1QzYHqPbKEBDqnxSY5MitQqASAcEqAE1qmdqEWgUCy23dDp3iSZjbI7BGB4OPgLVyLvjDYG2FtLPOLJ9UjFCGnL1z3gIUVDTOP48qCOAH+edx1vZ15O5JNrvd/bpcPou7J24OuHvq8fndfWbtgLsvvH2etSruPhuM5O7DSeRNb3+i8n2zTGz2JVWhHD1+l4yByqXFXEPOvF6LI9Ki5CO0pmtvZO9nhNC6zJTUqVym3uGK9J6Dq3tkmt1spjgfo4RONLNrrWFKyTYJEY6HLA+fudYhx5Ep3gMWgmKxEoMa7To9bbNBdVI2rcTQwcWHTw75N7OSy3rKvd0furcPPBVzlnOzs0dS2scnr7YKuKMa6pw16m8My5vyPiowDkuSGxXqNT8ZhbzfTa4J+OlKV8nuJYZcr+7j6mOi+4hDjB3+B/xhYuyIO8yc/ZrVR7IiR2Lc83Tpc4S4+VhcOk2cy2u8r65YsdSGldoK1TBQWn2G/qQaxg4Pak/LmffRKCU0Q51wUe7JUajq6a4RQyvs5C1xaVs+c/XjNpe15AKuDFfuvnbQsYrQX6t1u5b3sS1JXqv+sZ7cu0CGHcvgxWkwRhMoi1TXaZmHBYvwkOgRgEDPiH4UHoRdPYYHzz65+v8ADY4fRRtTNeoxjt9Hk4+RTD4Uiq0FyArJXEcQ5/gBudGpq/pUb4t9ggbtRj4r2vO9T1wFeg8gntA84h2entROb07BO69kOUqdV3qmvGtShlcyMdRA9tY5Jy2HkXQ0OwlRWLvnPPNZa8SvrYsFJto4t8EN3cmb+voc0+X21wQJ5qJ5diB11LgCBvoIc8X7PXQhRp6Wlm0O0jRYly9C9q5yL7jsEwZN1qE7tgQFC4RvcPCrJ8rrA/IzyHDzrseOtj0Ckn1+E8znsv2BA0po+05Cr4vTEwPkUT/yCwya5wTmRHgyqMGktU9AD5PghI3QJjbrwoviZszSHh9L4uVDNF3tijlDD6nckDuL3mTMiRWotGJH1cHAafW/vCsDCYNzMMAX5iCfg6nqMFUHdDhKLhB43iDze9pYM8DUpOWvJPJcViraLcLRZ92IkLyH6U+lzaNCyVvljFp+IjthZb7rPI1Jz2l9Q3OSZB1Mb3OQsMlJ3rJokpwxVhKaL84wZg1fMzyLzVeVF1ctdt22uPHwiIxTsGZosvEzzC33bI0EdH9SariWHSZuAEv/BUP0nRbhuX8VbmC7r9Un4C5+gYUMX9kSH6WTDhuUj7mBCeVavAKpQfmYG1j0MenLMcIM5VO+70JIXgYoH3MDL/O3a8QG5WNugFpjqU9konycW1hPZNN3q6CWUkOrcA9Wl9vmcv4ylqZ5udw2RwVIN3TbvrrejR8eWIvv2vHny11zz7uGeKFtopRhKxSXy21zzVOg0xFcLrfNgdu15uVy/tITgTERE+GrC1R8zp7H7wZRvMJqdC0aBYSJQe18EFXuaGzjSL/82U9v/4qq/V8iZ214CmVuZHN0cmVhbQplbmRvYmoKMTMgMCBvYmoKPDwvRmlsdGVyIC9GbGF0ZURlY29kZQovTGVuZ3RoIDExNTM+PiBzdHJlYW0KeJy1WNuOIzUQfe+v8DMSHperfCkJrZTsJvsMRIJ3YFdCOyCW/5eost3tdk+SzsCQTCdtl9s+dTtVGTBO3t+CfGTy5pfn6a/JplBm52+ZBKPvHz6aevP18/T0Ec3nvyeVQ8jJAHg0X3+bPk3fb7YI0UaWVzLJ2aC7tWePl+npTAaiuXyaYAYSKdrsE6LxloFiTt5cnieVeUsUEHwwl1/Nd85BlgvkQufcWS5qY7mcyFySS2SQ3pnL7xM4siz7KbS6gaMmsL5PQhTBSb+L8HQpGgGD1e3AMKtWPpXP8qSo/dM35o+N3sBoOegT4LxO7GkuMFzIgTHvq348dHAKzyuSFTz0aD0x012I3su+r4LIJM4h7x9wTjV6tpxiiCv74gexu3iL0qhCILIgcRKaCiGZQDeABwkSIl37IHAPtmDbha1xo+iCK+jEQDGSi7jAz4d1WNwABWnflJZ8jcZ9TBJ4QWKaThVTsoxpNGjQYJYPOsr1CEIEDQsBaaOpf5Ldy31P8AJezSx2kFcadLAonmUvyMEyCWLKTYdsm3IV4qFaUxOCY4IFOnELkiDagoTVIghVVZtzys6vnqjKBUlGn0LOXXAuArIuZkbuW+XUtpL9WREu2Y9NgCSaEfWtqJ0Rg0t+5fvmALKIktkZ/pfDXTs8ZHSZYOXmGZXDzCsjhtAOZwekXLxBdT8Q5IT/GAWQLOWAeTcK6Ng0EJ7m5MK+XW9b6Wbg3DzjlosOMPJQdKpG5yGNbrrNodvlu0ykDOoQHqlvsSb2nOCFA84btIlKeZ2Pz2KS+3g3D+zzlIfHWKoXU79h/HPHX9g/17pMbuC1GC2gz4DmEWZT5VPEwfYeJW3uVrykh/ArCgeILYNDdvEBC9SOgSXEVtoX4Nwu1fbQlNp4sncYEMi+ssMI6WVrlba6uH0V3m+SofcVFdSr+4q3Agah2TZSpnX1KyY91+8SXDWYULrOJOSThygkapF3rH7Q+xDbuPmpyMPspxbT0prxi1Oxl2QvrRsNp70I3XZa273IZjTnfiJhO1HybswizRo9Vp/Q3VWfotOxZVHHe6Wnqu6Tnuqe31Zl4SG/wQN94PFUFaXTFfJauLPCe5hq6/K3gKe91ewf2laChSrrea/g1rcDeDzftl/nv0YZhf9Qb3fp780cDKkBDDWSS0T7moTJZjekxZylYaR+yVY/JleJ8nNL6ZY7eBplC7O+79kxZyyg4l437iVl3Zjfel8M7Jb+KkqzgeVH2Ka/El14JPab7dXKzAmuVJl/Zeei/XFkjvl+scqpc0P7fcWijxTVjXlLuLtOJusx+V6S2W4K2WH4acQBAa9unDel+vp/BJiraaKaBlK2qPOy7Hk1Au/Ml+nHyUuj6Ur3qfI+muWRuMyEIu+jWS6tvHaFzhd5H83yrFVrkffRLGday/tolouN0wrAarisSNww1z46Rp4XJhQvrabH5clXCY3L+/S4XM67un41rw+UrkNaUSvVxhtUQih1RyjErQikzZVQ9WzVJyx7LQ/GkUmefmbz4c/i9n8AJCK8jQplbmRzdHJlYW0KZW5kb2JqCjIgMCBvYmoKPDwvVHlwZSAvUGFnZQovUmVzb3VyY2VzIDw8L1Byb2NTZXQgWy9QREYgL1RleHQgL0ltYWdlQiAvSW1hZ2VDIC9JbWFnZUldCi9FeHRHU3RhdGUgPDwvRzMgMyAwIFIKL0c2IDYgMCBSPj4KL1hPYmplY3QgPDwvWDkgOSAwIFI+PgovRm9udCA8PC9GNCA0IDAgUgovRjUgNSAwIFIKL0Y3IDcgMCBSCi9GOCA4IDAgUj4+Pj4KL01lZGlhQm94IFswIDAgMTE5MCA4NDJdCi9Db250ZW50cyAxMSAwIFIKL1N0cnVjdFBhcmVudHMgMAovUGFyZW50IDE0IDAgUj4+CmVuZG9iagoxMiAwIG9iago8PC9UeXBlIC9QYWdlCi9SZXNvdXJjZXMgPDwvUHJvY1NldCBbL1BERiAvVGV4dCAvSW1hZ2VCIC9JbWFnZUMgL0ltYWdlSV0KL0V4dEdTdGF0ZSA8PC9HMyAzIDAgUgovRzYgNiAwIFI+PgovWE9iamVjdCA8PC9YOSA5IDAgUj4+Ci9Gb250IDw8L0Y0IDQgMCBSCi9GNSA1IDAgUgovRjcgNyAwIFI+Pj4+Ci9NZWRpYUJveCBbMCAwIDExOTAgODQyXQovQ29udGVudHMgMTMgMCBSCi9TdHJ1Y3RQYXJlbnRzIDEKL1BhcmVudCAxNCAwIFI+PgplbmRvYmoKMTQgMCBvYmoKPDwvVHlwZSAvUGFnZXMKL0NvdW50IDIKL0tpZHMgWzIgMCBSIDEyIDAgUl0+PgplbmRvYmoKMTUgMCBvYmoKPDwvVHlwZSAvQ2F0YWxvZwovUGFnZXMgMTQgMCBSPj4KZW5kb2JqCjE2IDAgb2JqCjw8L0xlbmd0aDEgMTg4NDQKL0ZpbHRlciAvRmxhdGVEZWNvZGUKL0xlbmd0aCAxMDcyNT4+IHN0cmVhbQp4nNV8CXhbxbnozBnt69EuS7It+WixLdmyLe/xcizLjh3Hie3EiRVnsWMlcULIQhK2kAVwCHFCgdBAWMrSlqRNe+kJBRp6Cw00F2gfeR8tlAKX0gClt2W5TWnLpZDI75+jxQshwL3v3vc9yTNn5p+Zf+b/599mjhKEEUI6tBsRNDR/Qbii850rH0MIHwbo0Milw5ukjbJPoP4x1H8ycvlW99wPu84gJP06Qkz76k1rLn3hlUQFQuwtCGla1gxv2YTMiIO+70Ni16y/avVypvEGhFwvIRR6bnTVcOLfvnXJMcA3BO3VowDQPiYdhHoD1L2jl2698siI5iGE5K8D/nPrN44Mz3m1fwNCEhb6jF06fOUmyduMA/qeg+TeMHzpKntvZC70fQTal27auGXrxF3oHii7aPumy1ZterHnRliL6hVY848QBiqVSIXUSD4xgfSI0v4UGkJSFEcSxCAWhdEqhMj9OAw9aW/xM3EHxXmBD4yXzUrW4WEFSo4kE/JHRIxTP0+IEClCJ9cORlfoG/6O1Aqx4fE/HG6kz+eu3UdgLC9/RB6CvkpYRepDJLXMT2CkQnqXNAL1e1JP/B9oNU4yekaiIFKJjDAS2nfqlN0L3G50P4IkqxPX5sTPptYKHc9I+ylnxBFYpBE2DmgX4FkIcAlSQM6hUlSF6lELakNzUQ/qR4vRMHBmDVqLNqFt6Cp0P/APpXuWiz1bUReah/rEniNiz0vQZameE2+jO9BStB/Nn/jZlO/r074jn+HdxT5ytISuXqKEcgLdmy6nMKTKDFBye7pMYIVL02UJsqNYuixFIailyjIoIaBiGF2KVsLK10KpBEXRRrQeZlgE1F+GtgB0I9oAdFcB3WXwdUOPbQClfdzAiTJUMwOHO4ujG+ojAN0IeDai1WgrrMr9ub1pW4U4R3UW9t0pMPcF8FFsGwGyScyHAZJabym0tACG9fDsA9gaNAptW8TaKnhS2i6HPAE9Jz83o5sxh7/DbJv8kiryIHlQUi25S1oA3zdlh+VG+dfkX1Mo/698X1C8oKxXvqG6QnWFepd6l0YJ3ye0Gu2Hult0/64/pD/ElrNnDIOGP6S+xgP/Q98fGZ//7/2alsH3hLnJ/LHldmtCOg4WGYGmsigo5khSQfO0YTiTKk+cnfgGzVNlhJJ9qfL0j2wHYknjxFkGRk3cDz0MX0a9FOlEjQvagd5Az4ngr4OfGIXnYdDlRrCbmy+K5O9fZqbpH9yEq3EJ9qJvoX24DHuwHR1IwytwIXoo23EnaN0LoPf3oFtBfkdB8T9EZ9B10LIS5D3zoeuLwheBtVBk59DhUvQ38Bl9F1jAS+h56GGE9hfQcnQlWLTbYa7X0VvQNoTehTkm1xrK5uOwjvvheROkx8TGlVC/QYQJoFVL4HkMdGzO9MlkTyIFsxX251rYlzPoZQBtA1vblJ2hHhfjPPQd4PvvYWW3g61/HX+CTsIcZ7EOII8BxWfwG2gJkcEqb0dnQYtfQK8nX0n+lsqCNIaezOL6GdRrJqgfR5Lb0Rrpt9CQ5D6g6QIf6VZoG021STeiZdJb0DrJn9L1LmhzooXSXBSVrgXvAB/5ceS8EJ7/Fx9JB6KxBCIn0aDkWVhrMxoU4UXIS5/MGOoU6z9B9cwVqF6ejzolL0H6mtg/NfY46iTfR73M+8gHMH4a/mZk+h8l6L/5wzSiw/hfwSP8f/yR/AW8H30+ARZhPdqFKtE3HkdunPeI0o7nuE/g3EzBlSnYMgVrpmDMFAyZgj5T0GYKqkxBmSkoMgVZpiDNFCT8hFj6VMw/EfN3xfz3Yv62mL8p5m+I+Sti/qKYnxbz58X852L+nJg/I+anxPxpMT8p5k+I+XEx/4GYHxDz/WI+Lub7xPwGMd8j5mNifr2YXyfm14r5bjHfJeY7xXyHmPeKeY+Yd4p5B81/d8Zqc730a8i2X2N1br8m55e/gvLl/NAV8Lh0E2TrN0J2yQar85INuy5zbN1mtrjWrINs9VrIVo2anatG92x25GyxXt2a47kKkvxZ27PMv/0RB7f+ENuexIGXh57c9OTuJyV33sUE+bvwitvwrQeZ4ImJszz7njO3TjliH3l2hLhHtPo6CgzNzvfVscdW7ay79zCXb7/DX1x3x2Ec7DiMbz/EBNlDzXzdq4ewWnAKYwJp0WI5hhgdBbEs/ZSkn1K+cxwF90PaB2l8jyx47S4c3LFTGtw5VpB/4x4c3AtpbI80eD0kZ43FXm2xVFmMlRZ9xKKpsCjLLbIyCwlbUKnlBHbzu1ubPP6ArjCg1xfjwo8ngh//Q//Rf+j+9ndd2UdlHzNnP8bFQV0oqC/gdF5On5evc+fr9axBo1SpNTK5QkMkUg3CjEZGEvlqfZeeUaNZKEZWK7eSvcrvoSPKf9Ur1UhN1PpZaJYyTgaVl5Ot+rvR3co79Y8rX0O6x8GpFvBGvRPnau1yh9bC2rRGiVmb36LDHhpAQ85CCkNqhnQfpJ9iD++XhRqKGwob/A3ehoIGd0Neg7PB3mBpMDboG5QNsgbSgBp6IguxYOxCXQujggnDc0FUiAS7ThB3n1AR7BKUPYMDxzH+WhygAnPjCYwWCpIbTzDwMLYuGRw4gXNo8x7n4whjJHQN7bkpHgzmComuBQPC7ty4UEELt+TGUZdQ0Ss4uWhw5mfL1vRj2zSo8Lc24eO2tcPCx1xM+KhtLVSGhI+42JZUa3GbEGobFgoB6Odi0xDiGfgRTJCagz62bIGpttCSYBeagd6Z6zmupIT39EUFpnVpl5Do6xKcPYNDgoOLdgnPQa26Z1DQcNHjiGldeJyhmQyywcGBllxw/QmcC8kFyQbJCskIyQBJD0kLSQVJCUkBSQZJCknCdyc+TXySeDfx+8TbiTcTbyReSbyYOJ14PvHzxHOJZxKnEk8nTiaeSBxP/CBxILE/MZ7Yl7ghsScxlrg+cV3i2sTuxK7EzsSORG+iJ9GZ6Eh8hstf5hP/T41CfDyxYvmypYNL4gP9C/u653bN6eyY3R5rjbbwzU2NDbPq62prqqsqIxXlZeHSklCwuKgw4Pd5uQKPOz8v1+V05NhtVovZZDSwep1Wo1YpFXKZVEIYjELYLthbB9rWCTmtQ8D0GMe6Bc28s91hARmdHs7gjoTjJelegjQoIFOXYO4ZOI742rggC87sMk8gPvZDDwzudrrbBIkP/rg5wwmhsG/Aw7EvO7PtcRgjOFoHPB6nwPjgrxOa4G/OsDshsD0A9zhTkE4B9QzQdGLirVoAolpPHPK+ASEvU43HL7TIx+EQcHLGMufhcfa4Jqc1JiDzcaR5S0AW2u1sLQSlDUIh6KCPhZKIDYUFbP5QwCYBW7phydOnoMPO1F6AB22JdVxbYi1wNDE0ydOzKY563OPu8b4BQwSK4qJB5HsHjqtVrVzrKhUAkAhAx1VqgKgpAFBsOo41TVgsMJq2+uNwkNcC+4x0uW00rRP4/UNQ4GLAN2gxTbacmDh5YGoTgmGZkilVSi1CkLUK8tQi3GsFflhA+93HQyfHD5xg0cqhoCbBJYaXDghkGDocR8TXNrpQcHX1LAEQTAVpaNRNtzsmZnTz3G2j7nGo075DkHMxuunT4InRVUNUTPAQF4M2ZevAXs9JJ9i+gb1tgiEoaKGb9urfO8l4m32tm1bHx/e6hfthuVNaPTQHIbDD0sfbOJgNkLWti9ItCWe3TZTGzoS4Ofz+Ybewe+W6lOwNH8jIv2ecFTQfeWB3YH9gpDgwzcrE0Dq65HXDlMy2de7x/atEUg+IpIG8utvWxWiiA0H6UT+MXjLQNsq1TU4IhEOB+GaO9XiEnCAdOD7eRpc4nIDVp5YMDZPrpzrhDGJYT6vALxQfaKG4BzAjPxyLp0HpDkvoMNoyFIvHPal9h66C3LdXWsq5xylGuU8wB1nPKWg7WRLq6htoizlF6sFADzR+YHd+AOWuniwY26HPePgDZ4pHXQu4rt6UFIxmsqGFKQVmsjsPXdP9Rayn7c7TqfLSgXaufWh8vJ1zt48PjQ+fmNi9knOz3PhxjWZ8U9uQW1R/DPAf73cK7QfiAjs0iuvFHaLo3FT22sFtmHoH6Va1u0eHU4ajmfPUOj2GbJ+ez2tO6xxIP+gA1blx9n1Ymwask9PdTk0NxE+1ToGtpSoLC+ofAJ0YEeVXzEBXwAszTqo1JO5rW7sgzSyQzLTwUBvYm4YCEo+H6tP+EzxaCRVhd+9Aqu5GK50PIz4chH0coi0nMy2WftqyO9OSHT7Ewb7ZaRRwUfmeKtvjBs7orguL/BdNb0I4uRBo/LhWUNSmt97UOkCcTLrEOAktqYJgyhoEW1AcSHkCFnOc5dwvcAIbFKStAyedDXE3awBTh6FPR5BqEFjUF7ifY2pHkZkVcIOArRSOwK6K5p3YaqExK0jutvGhtKRNJSvtDBKjF6YN+rAckOdM9TcYOUrh86J5S1ttXzvVK6cn1WNOXNBR2yzo3hczWK+zdcANlgg0t1csuNvco3SzBfdQTDQJcedU8ImJM0MxagJhybSLMy3ikKdYO13WSkJfVtB3g6BfeyA+Wg9Y+GKgwF0F04rasnAgzaVaZ1qj6FydlJTp7VkuZvrA5oPieYQyx8/tIKgO+wfxC7G8a+G02pTJxLbarGVYOCC0BzPIU/XZQefUaseM5s5MM5iPHc6rqRthUPQ4h2/sPc7jGxcsGXicRch948KBhxnMtA5F48e90DbwuBshXoQyFEqBtOKmFdSFAdvDjELs73ycR2i32CoRAWJ9BKJqEabIwDAagRBbhLEZGAMwSQrGi7BUVNFmHwUWDHCw6QmB7xm4Jj46PhSnzEbWlACCZHNNSGC4puOYkWkEFbcqKqi5KIU3U3hzCi6jcDkXBfEH5XBTVR8f4kD9wQAPICeOUxGm4sL43CcmJsCCngbL6xFkvqWQwMAqg3E3SPEc6DebpiEAzxZ2jwzTdVAxJdSWd47EBUUWIXTpFJSAQZnGAD3axTHUC8CgERDWYU4sAhiUY3dciAfppANrKQK3G+KhDq5ekPlTOKV+OlE4Pm7kKkR3IvMJKt9e+lDC2qghFCFOqMJk8RST5BpY+QgHTSNDbuC2BI0sAGGU+OmfypmCrAKvLvGvEpPKmW5EKQ1Sa1WCspT6KrlYVpcCQviTx+OpxYu1vekOMDcrqGFF/imsTA8A7kBTJ10L/O2FpdKuT1E0vSdQH3cl6CBdtIhJDs2C1tc5DAYnNV4NEK42MxhwKUQQxXEqBZVTyjViQLvwxMRR7irPlE9JiAPvPEAFE8GhDvEoPj4TIAyC4VTMhGpF8Pi4QnvhASl+KbTZJwW629bGSuhFEEPvOaUF0qUoD3nQd0EkW/sH+IgbgWHLx1KPlNWDw7ZaOanSo9TnY5J/EPQEOwnGSj2RW+xEZVMqVUdiSmQPBw0oYrBF7M3GujAcTRzdHwQNRlRXBtFWhaEuHKkzRCLs3pMnaSp38vn/eYxx7JHLZBazzeKpamJq4KSex9ByNRx4/AGfh5BAst+jM44m+321pQ78AFbjOda8suD5VyordGxyCI/ej4+uKOwqXimPRiWhubMliz+9v6s5oIxGZaXF+XPrf8PQV4hozcRZSYt0FXDnZIo34rGAr9JZOoB5PcwQQ5SEcbmkRHqQd0kMLDQY9HqsI3qzWU3UB80mBut5lnUrdtiBD91vAiWO0y+dRs0fBJGdPQVU1QWbKWHZWnmZMzVL6EvPwptNyD4dy0yccWzg/H6ugDGwxkhFdXVNxCCTcQVepqrS6I1UWCUtN9pHF977za/f3Lm0xrxvw2MrX0j+Y8dtOO/ZVd+WViff2HxJ8pfJl5PvJd8uXxlP/tJhvx2H//gqbnnICkukN97SBmk/cqEStDMtRR5XCSk56OJdziMxF9HnktyDel7PHonpZTsCgXDuTkuGIW+icBA57Ky44uZMEfjA53wuDiodFxoTxxV5xGKWgXzIZRyIB6kyVJYygSpsjVTUVNMvyAgwQs6MHj3z0CWVnZ0tT2xf90Cy3he0yKSWoB8/YOzc0FUbaPF4Vz9+bZNT2l+56e7T197z8cD81RZjVGUrai4jy8N8YY4q+qmXuO3FbRuu/KcnP72CoRIDnJDMAU6UYlNGYrQTJ/m5Sk2HVsHy8GBZi8JCLAd5RalHcbCsDDEYdre0VE7kB0v50pIjsVKS5/FYifWgh/cUHIl5tKxeb2VwHp+fX6aw7gyIfKsQJenl0/A4XTGVgeyp5qkV2H94htPi8Ew4yD6TEjG6rIb/yrKmbcGXmpUKYSnDcYa0BGYqTZKaCJmyVxJ+n6eU735tLFTh0W/erCsIh8de5cr8nDPPuM90riizVdL+5NMrWgNJd059Y3JdfaPj/LtKqz/U0Zy8bfo+pXdGej3sTDv657SEVrZHIkAyr49gDYlE8oIlTS2kuDkYLD4SCxKpwkXy5Xl5+Udiee3WWS1qWUfEutObYj7764pTsANo0kSlCwZjnV20VacpgMpw0ZeeZarF+xx0cZxHspbOHwiIDDSnYFn2eSw6YhHZSs0hrTJyLDkRqCoMuM+/VWBXFlTe6Soq8polGlth7vm/ZtjJaIsDJoWltLruW53OcBBP+Kvbq5MvYVXD7EKLsiUqtZnY/Iae94NlluQWrsHvMIH1nMbnqNrhra1L3mOu/OmaVg9XiKMxuau5MSmkNSMM/M9FY2n+c9iV6zoSyyVIi7VEy7JU1lieNRyJsdrrdLp8+U7rBW2EKF/NGQY7L4JmhoxODovjDJOY6bLHXOottsmfrm+P+NT7rOdmT8oakFrYXHbO5e26qiq5PqqyU8KXpQUMo2UgXy6grwx9LU1fkVrjD0gsnjB2l3k8blAZorCYrBbrkZgloCgq0Ojl1xYVVeivdWapBBcJf2mxyogBwIy2OpHUi2DMSM/MUWlKOewPcFaLwWy1ZoXFT6UDAyDiN1SJ1EtdhR6bJplsGgwqVfpAdfIGSr+2qAofwis964pYtcrCFQEvtMa8xuZPjxDVvUt+8+fkk10NnC5KWdIUJsNddX5d9Pyd9c8M/Bk7f9xSn2fWRKmXWDdxVuoHb6oDGRhM88iOjMQIIYBJ7iTOg7xcotphs+Xrd5DJjW92iDbekfYJ7MwRWdeX7hKXupGBejV4mBmZDFOP1wSOjqH+j/lR8rXkqzdj60kcxKH4t99JJm491L2+Nbd518itN7F4AC9+EzcfSX43+dATyb881Mf8Ivmr5KsLDj1/9bNYuy/5XsrbSe6Fnc5DxejraToCLjdxg3d2meXmYlJ80Aw++UjMDPotVxyJye07vd5QPtqpzdruN1ObPOm7aGSTspiUyryL40tv9oVHx33mVDw0aREqrOATwd8HqqjpzXhArIJT+/k/ZPW/7fy5y898Z7hpUeLyuroNi9r9n0RrPFbFDCV/9Cd7Tq2SbK67Zu3o9kom7f3nAT/KUSP6RZofNU5HKBIJkQjsVAjCu1BIh3UVpOKgjtdpj8R0pLyA8WLMHIlhp6OkbqfVyzVHSnbKs+b1Jdj8jH2NfIbQKdGgqBjFX366rJ58AdK4ZzoDbXkM5aHcAvpiE5Uoa3+hRgwpGaMidukUkzr78gebKjsCbdtWzhkONBcvqEvuqu+cx1VU1dTrCqvXj/SMNtp271w0ncOeAlf/5q6VB5YVqdyX9N04OKiK9tz7vbm8nSqaVye55/xLwe7RphtvpH5t4cRZ8iJoVTn6bYr3j6h9vhIbfbnXAIGiDeX05AzlQASZYzbTAIo3S8poBFmmL4cIsrykhBBysMSUY7cXeXazbFnRbrk8gngatjtodJE2TBBmXCRoNUJwD/swOXXoS0/Nl3xB8JrCHTdZrRnZDZSSqsrqaghbbWIMUUAPA9bMDnEF/oDhtznbNs9aXle6enDeznj51f92OP7N0X2mWQOtdUsqS9at2n5T62Wv3bz6t8O494pthfHWpsG+0sDCVVd2bf9+3GRPvjF/Wahwfm19f28lv/3Woe2PDtusuJJyGwyZ5F9B1gvQzRnNNyKQNaLT8w65nroeXk88GOEjMWQ0GJxaXufcKZN5OYMR11Hhftlxmn0amJlWYFHiUATk8DRQW0GF2fH5GLN6/5lh8ZS0cgXg7DmDB/gizYQGeHtxuV3W28CHC9T7JHfuM1mdeQWRog4ZayvionJbcUsZecfVsKoEr0g+EONL8ozKc86qmgKLQSpGTnPBbueLnm1DmmarRO4hedL8/LwjsXxiCpHQQd5k0p7AykfLyioCO+2fsd7peIaSZ7ng4Ekrnu0axykPJfovs45wBaXMtBAHzJwoEuSXWn8NPuEttsoKF+64Z/hrp7bPSgU0RQGzwly1fM7qRJFkSdcsrz5ty87ffM3Ry9rzZl1x7AZmbyZ2yfHW155fP/+6ZRV9tx0Eup0T/5A/AnRzaHua7kKZ0kFscg9L7HbbkZid6N0cMep1XIGHNRrcLNRsROnLtQH9EfaZCoOtLuXRRadui1DabFk+XBAZ7PC0fnGcOtWmwziOYA6nOCCegE04YpIt1pkjEfyAr6IwL7nv399K/u2T5IvWgmI346isyP0nnP/WuyRZusxTWS6JRhVFcxZ/eoJ871y/ZKiPdyvEE2/VpvOd5Nw5CfXSDXDmZclZVIgi6KM03d3qIlJ0L8+re9TMJjVWqyV6S75ll4WoiMXpZAl7mHeyhf6jsUKEIySMwmyYMUskYRK+XWJFWF0ocY9FIlUKM28J7VGIwvGS47SBCogtIpoVEGIa94aD020B9Fi2OeMTG//zq+BhGWnEXzxT3BcQrYi/qtLrS/lKsPsc6BdYHBpCifE2EY2OKH/Mg/q+uxcv2tWCPdhfHC0tba3WPrH06iuWh6+6tUOmNecWJg/Y7z4UayjtK7te2tPRvKnztu9aVyxbVeSOz3+sKJSr4W/Zlbw62sFZtKoofkWyfrSppbyvFGRwEKz7N2A38tDl6b3IY9W71SZiOsyrWSSRuIjrkMTK8nqEsdt+vTyjeRGwMxmDnaITbMXzotx9FsEU9szoHsc2kRcZe2sRbxF0DLW3QDvp6V75o/Wv/n7Hu3f0PhB9Rt9Q62uN5IVW9tSvgYh4aMHEX7/95+0281+WL/IN3rlt2wOLK2i8ABI2Lj2M3CiMHk9TVZWXexROQG5s9hLvYd7MyhREcUwmkx6NyWRKVZgEtUESPMRrrQqljaCxcLi88Ho2a2aoFDk+ELXGHqZby3a/M7nBzc2i/BR96TlQxsB+Pro4FoMsKVcTmMagVBzti+BKf9oviSIicUmNheHk2auU+o77Oh97dMOrd4b662UmfwW27Ej+rq+/KV6yaDDYX4+9c9uLnapW5S24c/4nnx7705VqdvCSeNihatWdR1dfHv/Oln95OhivBz5S2fgHyEYOcPLZNB9nuU3EfZjfZMJ6U75pvmmFSWIlJpOKqMABH+ZVLMrBapJDCBzkD/HEmoOQcczhKHCbxmTZ2PQvT4cr0oY7dWZyTI2RlmX0MfwV55qucBdEGvdNZabVRr8eUdJqiKiHcvK71c9d96f3rnrjtsF9K91+kxmfvwHvum7u1bOfkHT0dA8qH1u/ZOLTb753VXFXVXPvgssf/V5dB+668/Z7bkMEeZO8JBc4BtKC5uNwmmdLefe8gEoRVtSQmsM8USjCLEYVFdB/Nl+hDzeSxsN8mGXnEf28/HnheWDi5/E6Y8c8nrW3k/bDdlen2SxtzdVwfC5XjJkKIi2GiHhPfX1v5VhxRkSBp/Q8xp465WBPw/dkJp6CKCuYui6ZeoyhjBEP/3XZkBR8COV6y39ttbzdlZ3pq00dxwG5lZ4j4BghxluRSOZYAX65srrGL+6b+GhiqC54sCj9YlQsy9pL0aJyBZLc70lcvhdPjzRX5DTUfHz0yFVv3b35xHWzO1qK/YGWynk9rdvuWxqZ58Nrzy+bPbetc3bnnNler2/H3p3X29v573eSJSa1azj20CPGkso8t+G6fZfc1WuuWjq7bqggb15duK+1MHTz0LI9CwMqWfKnO7dftm37tVvOHXNFgx1tC+cWlLmpr+ukv+uUbgTeObOWqJ4whIzwemY+w0wwWM/8lPkdFOi/lGAZhiWM4Zherzsa0+tzJE7J0ZgTYyNjHFMocl2ZEO8U7O7k8Y4aDyriy5dtvsyR0pyyrzrHlPPeZ9DBAd9TRZoyoZEvAg5KAg4K/zL57+vKfVplTrAAm3YQmdpY4ErapRv//vdPXtQWd6zAvyxv8JrkMcX5utpGj8NqlNN7jHqIcF8A69yQvSerLio8GitCQYxCIfAb9/KhGkfo3rKyuuqa6qOxGr1UYSdOucPhPBpzIHNlnUrWFDKPeS52U5a5HBRpSlnn4FeZxf4F6OI480qAxk7iMc2SufmQUEYRkVGpO7JUMCUnOZipq4YQylbCRbod7nxXmcYXSVrzCkw6CVGZ/cXYeo2HKwwuKWUX478FhtYwVySv6+ed8mhU6XfM7toa4IzPr+gIaqNRuSkn0MYTzaLeGo9ZEdWde1SX39sctrZpeF7WMIRSfGbKgM821Jvms8ViPhqzIBuWyGVy8EloTKvNsWeEKiNQKW7pZ/a1h6dS/1la8fNTiFFagBjLDuy58GphdaAZsjNgKePoN+nV8QqvGvzmIRo14BjhJTzhIXBg48cWL150NLZYb3OUV3ZK50ZyurrmHo11GcbyFKGx2rza2rzBOGob60nJA8hCXTjMgmCkKUrvoijXWR+eOd+IbuYrTpxmxRfghcAm7WPoA06O2WvUlCJBkCMRTxiTMIno0LM3aJMKh3+hGTw4d87KmGXVod6etXCq0Vj8zmReSYFWUxD2O0IlbpNcynK+pLeU00g1FqfP5eutUXtLkp4yn1ZqCpRh404yQPrb/Z2zls8tHhhbmrwt1F2aawbZUhfPWYE1SzbzLtZTUFw5K/njWEcolx5YijuHsCY6WFvs0JX2hZM7lncF1dGoqNp3z5kddKpiCpTaS8kh2Ms6dGd6L4M2po44chxHYzjHEjjm83mPxnz6QoOuBI6dh/gSNjImk83KKwyYxvLEbTNEDNnTHOVtlrERka90m9xfhDMbVF1guHjZcnEmy23UqWQ2SnIo6Sz1amVam8vr8vfVanzhZO4kL/WapuVr6vrWt+aKWxFVBztXYPXswfpAjia8IJzctWLOZ1h1C6lp9oWXXLcoeTDFepSKsSQR4J0eIvDJO0sxekZWpZM4D/NKVnO93e5mr5dc5M5yxojP3lkWZN0mdami40zfJ8lkzKzbfn3lnLEfXfLhR1e/lXxkxVDV7KBxxbJYn59d8/YPbji1u3Hio4feu4zRv/Ri9eqb47/59aLviye5ZJ9kDaydQ+Xoicw7D2oviPwoL3NajplMRmI8ypv0ZbYSRwkpOcQ7WE+ABA7zHmvu9cXFEYvVC7G2WqTLVjGTstROpkO6jJKJslD4ZWeZEXl8DsK4dJo4kJQ4iOqbvtY0TAk0ZBb8PFtUmdSFfSxRmwN+bNmu1yw6NP/hh9e+cHjNSH986fDipSX91T/savJqolFdQeNccsnshmKnWRFT3EoWdH76yT/9aZsDN23f9tQPnz1Z2l+V1iJCtciPfpbmZa0Bq5GCVTBKopDwjNqoLlATg0SiJmpqn/zHvF7uaMyrt+bYc47G7ApeLi/0Q7idm7WEEIBNjxNE7tJ7yNS9TjrkK/1qE80IFi6EM239bKmXwuJdymet2v/Sdt61pLH1UUNNqbWqxCTTFVckTVPsVS9ZNFebfL++yVkeqaxMPrViblA50/xg1AunlCXAt3DGkzyOuIk//kjJdqg4zsSdmPgjX56qEJuJN8Fx9LCJRWE4OYRDfIgQcjhktdtsgfw9en1pYI9MVo740s+5nEyT2Jw+v56mV4dBA83EV54z5/VcfF4+lJXPiyFO30zOuJi0pC4ms/eSOobevv/GPrq4q5vrXVkz3FE8+tQ1nQc2jtlqoqXRea6ONcsvb2pYf8fgg7/AusHBWEtRfVXQXt+5pGbJWLvG/Ce+3dlQ7a+OBAP9G+f0bpvrC/8ZuOsD7jKS15AL3ZOWylKT8mhMbtLrsYboTbN5Vu/iNWyHy2Un8KXnMKPRjJCZNesU5vSh7xkIhSBmBV5mjn3PhMVb2JTAiDbM84V4J893M0dnjnUGeolSE7F4LB5D6gIBznXMwC09h27b0VjvNkn/jHOTb1sqfK5QufPKrsYHvsWE21SFret7P9mRbNy8PqJy2Kku8vQGgZxBJZO3sIYSI0IlR2NITxRh1zGHOjePyD1ghA5RY+Yyj6nVYWbMlzXRkak3Bt3vgHtLvzajtOZeFNu024HpQ+MmT/ZWMn1TaZh+T+AXnVyAx3s0BeV+X1+dzOAtwjdkbgc0yw7OWberFoJ1k8dFzpz/9dD65tzSBWF8XefsQqcmej6WuR4gi2Lz77wKb6ht8DghdAeumJJdkjaRK0+ludJg9xUSi9/oLAhJ4eh2NGbV5yFWL4ctlIMNwVp1rppJGRKJE+yTBelZkpdnKSgMOy2ZO8w6CKRY8TbptGhHlqXO7+HI9OvMki8/Fy9xUh5eBF1cmtKXSFpIpt95miavRImcmdeyZc9IV8smbYDzN3bX1iU/dXmK8vBfwyHHLfeZzWUhvCeXyw/5S259sM/0Tpgr3nIZ8+f5s/JlELZ7vWXdyS68q6yTK66RR1uVjuIFC+m/jD8MYvYg8JIgOVIg78OMQE5MnOR1OkMHUejlggwz0h/IQIwqUPiD5peDH5SXYYPHQJMJP5j8K9Ym/3o7eTD5K1x6fh/NmYfp74kA61ZcClh1jxKBwT9g6HvAzNitMKyU9gXfvRpitv3SfjiX5qMf8ksZMDoaVY4EI6ldmp9nlctsslyXRaE0K416nVplUtnsUpnMYzLzSpVCosnF2hyLwYVYrYZoXtfySAt2zcASw+ssj1gom1SstqzeZpLJVCgcgTgs7SG6P5hSEqPozB99IRRxnKZeK3K6gv6IK/VTruk5Zl8+BX/lmEQsHOFMHkhcVURMEeKBBNoPT/Ljwp+9XPdAbfJPkD35q8DTUKnDdsiePH95IbYHSHXyvZuS6/HXaboJW27CB5MbaLop+R62AC/vBQ7VSVchB1qRlnab0WaFQ5TCJpcpFcrvxhRWNK7TuZyZE9QzGV8rOl6j+OKQnTkm6zyznehN3+QPLMRLqACOyCykQOtpWt597oGNKyps+c6cwdFGRrVbhm31s3wWNTM4KDUUNLUzLxZ5S2evw3VD9L/zQOth1TZYdQDdll51scVq1cslvFSav0+vLwrI9dZ8K6MnVqcT4qb74HgpCcghXLqLl0/5Rc3UmzQcjlBX+Jenw6k79dPiS6SvjIaaafF3OYT+vqQmE33Si29GvPimbz/pC1Dmwxbep9liO7e++L7L1m+uXdnfs9b+yNXje+ff9uMFs279fvcN7r+bwuHkXdGht27Y9e2D8zbs2Hz1++UB8/y9S+bf+NA3u+4MqigvdoEVtwIvStBf0rzo0KgLOK6AFNzHc8TM3XdlmR7kH6hAhCdFpOg+It9kx3o7VhK7mTeDz77PnKNRyzkOycf97HheXthWgnJ4mxgfvCRyo/tN+io5TN8mTwkRJl35lJ8qZV8nV331dfDmnBnBwsWmiJuqqrM8tUy+t0wZPCplXOo3PuKrh4Pn//f2J9bEtq9cfHP/5j98e/NrvY/krlv00qHD8x96ZMmi8gUteonmg/Wx65f1XztUqtQvumXF1kfXFPk+vWwNlt00fpn80E0bNwcvWUTPBJUgf7ukS8GuFKDTaa43etxypUI0C2qXSS53kX9x/dr1josASENY1z0QuDqVshwYdCTmZHmDQa3MdRPzfqnU66IvHFLiZ4tUnJwS0FL96T5PBWtZyjtCiZ4iRQaXfKUpp+nk5+CM+0A9qzxVOJL+dZmcs6RO7yDOleBA8JveoFV2/o/MijfzywtztWs1Eyp7sTuJ38OLVKrksajKFmgKH1pPEuce0npLf3uoqtlnUkYZ1Tu33Hf+PJXXb4C81kjvQH4cSHNOS51aiZrYJS410YGD+KHL3UGffKvR1qFT38PrXdjl8tL3VGEL0RILy0KwdBcr24SxHoP4YC/vlRLpfd4cBuUc0OsVyMJbre5xhaIQAWdFxp5M6/WbXYKuZ+B4jrs2zp7+rDCDOqffYwGPnqH/RlBUaudFVlnxFVfJey8s5J8zdbwm7cDTliRg8KQNjKE6K/4g9t94NGfD4ktHb9hVvjm0hJnvK7BqN5jP39WwY/Caf15zzbvfWvta0yeXXrL3pv0Hjdpa5nsquzv5VPKw0bD0B5eP//OyYvR/AGRyVT8KZW5kc3RyZWFtCmVuZG9iagoxNyAwIG9iago8PC9UeXBlIC9Gb250RGVzY3JpcHRvcgovRm9udE5hbWUgL0FBQUFBQStDYW1icmlhLUJvbGQKL0ZsYWdzIDQKL0FzY2VudCA3NzcuODMyMDMKL0Rlc2NlbnQgLTIyMi4xNjc5NwovU3RlbVYgOTEuNzk2ODc1Ci9DYXBIZWlnaHQgNjY2LjUwMzkxCi9JdGFsaWNBbmdsZSAwCi9Gb250QkJveCBbLTIwMS42NjAxNiAtMjE4Ljc1IDk2Mi44OTA2MyA4OTYuNDg0MzhdCi9Gb250RmlsZTIgMTYgMCBSPj4KZW5kb2JqCjE4IDAgb2JqCjw8L1R5cGUgL0ZvbnQKL0ZvbnREZXNjcmlwdG9yIDE3IDAgUgovQmFzZUZvbnQgL0FBQUFBQStDYW1icmlhLUJvbGQKL1N1YnR5cGUgL0NJREZvbnRUeXBlMgovQ0lEVG9HSURNYXAgL0lkZW50aXR5Ci9DSURTeXN0ZW1JbmZvIDw8L1JlZ2lzdHJ5IChBZG9iZSkKL09yZGVyaW5nIChJZGVudGl0eSkKL1N1cHBsZW1lbnQgMD4+Ci9XIFswIFs2NTguMjAzMTMgMCAwIDIyMC4yMTQ4NCA2NTEuODU1NDcgMCA1NzMuMjQyMTkgNzA0LjU4OTg0IDU3Ny42MzY3Ml0gMTQgWzY4MS42NDA2MyA1NTAuNzgxMjUgMCA2NzkuMTk5MjIgNjk1LjMxMjUgNjEzLjc2OTUzIDAgNjYxLjYyMTA5IDUxMy4xODM1OSA2MzkuMTYwMTYgNjc2LjI2OTUzIDAgOTYxLjQyNTc4XSA2MSBbNTM1LjE1NjI1IDAgNDY4Ljc1IDU5Ny4xNjc5NyA1MzAuNzYxNzIgMCA1MjAuMDE5NTMgMCAzMTQuNDUzMTMgMCA1OTEuNzk2ODggMzA4LjEwNTQ3IDg5MC4xMzY3MiA2MDMuNTE1NjMgNTY5LjMzNTk0IDU5Ny4xNjc5NyAwIDQ2MS40MjU3OCA0NTguOTg0MzggMzY1LjIzNDM4IDU5Ny4xNjc5NyAwIDAgMCA1MzAuNzYxNzJdIDEzNyBbMjc5Ljc4NTE2IDIzMS45MzM1OV0gMTg2IFs2MTcuNjc1NzhdIDE4OCAxOTIgNTkyLjI4NTE2XQovRFcgMD4+CmVuZG9iagoxOSAwIG9iago8PC9GaWx0ZXIgL0ZsYXRlRGVjb2RlCi9MZW5ndGggMzQzPj4gc3RyZWFtCnicXZLbboMwDIbveYpcdhcVCYfSSgippa3ExQ4a2wPQxHSRRogCveDtF2zaSkMC6bP9O79xwrI6VkaPLPxwvaxhZK02ysHQ35wEdoGrNoGImNJyXAi/smtsEHpxPQ0jdJVp+yDPGQs/fXYY3cRWe9Vf4CUI350Cp82Vrb7L2nN9s/YXOjAj40FRMAWt7/Ta2LemAxaibF0pn9fjtPaaZ8XXZIFFyILcyF7BYBsJrjFXCHLun4LlZ/8UARj1Ly84yS6t/Gkclse+nPOIF0gJUiKQxB4pzZDiI9KGcgnpNpRLUqIdUkqUEW13SPGeiHpGJ6TDQjGaXVxt7x6fM22wjG/JXUxeTxQ8U/BAlgWSIHcJnSLIjyB5GtE45/uo6Jx6JhkFSwpSz4QOSqkyI/mBSkpOw4llALI8//j5gjy2Km/O+YXiLcJNzjvUBh4XzfZ2Vs3vH2L1smEKZW5kc3RyZWFtCmVuZG9iago0IDAgb2JqCjw8L1R5cGUgL0ZvbnQKL1N1YnR5cGUgL1R5cGUwCi9CYXNlRm9udCAvQUFBQUFBK0NhbWJyaWEtQm9sZAovRW5jb2RpbmcgL0lkZW50aXR5LUgKL0Rlc2NlbmRhbnRGb250cyBbMTggMCBSXQovVG9Vbmljb2RlIDE5IDAgUj4+CmVuZG9iagoyMCAwIG9iago8PC9MZW5ndGgxIDExMzUyCi9GaWx0ZXIgL0ZsYXRlRGVjb2RlCi9MZW5ndGggNjMyMz4+IHN0cmVhbQp4nNVZC3gb1ZU+d0ZP6zV6Wtb4MfLET8mWbPkl27EntpTYcRwcxyFSnIAU24nzxCGP8gpxGkKCEiiUhgTC0ixtyBYKHZcuTVpKAxRKdwvtPtqPbtuFtnSXdsk20MfSJUh77kh2HJPSUsrutzO6M/eec+695/z3nHPv2EAAwAyTwELiiuWB+p4zO4sAyDGkJka2JCdUlaoRbL+N7VtGdu0QGl4bqAVQjwMwwrqJ9Vuu/9XDOwFMvwEwtq5Pbp+AQhBR9g0s3PrN16+L3HP3jwE8QQBb+fhYcvTfdx0oxvESyG8aR4LpIdXz2G7H9rzxLTuuW1DIrAPQHsTxf7P5mpHkl5/74r0A7Osoc/OW5HUT7NNMFcpewCJsTW4Z81Q0qlD2JuRvnrhm+47M9feZsV5I+RPXjk2c+fu/+QVAHvLZXUDQSj3kgR20mQxYgNr+FFwNKoiDGhjgIACoGXMr6URJKg2ZX997X2Yf7IDLXdhf05YOk6QO0sZ3n9f+BOUKMkdnSTypzKEGeHvqvz57taX9t2DQKYwz/3ZsPn2/sPuze9PG9ALtT7Re1ECPJXux7A/JndhTp75PHcL2/dk3+S9YR9KMhVGpWbVKk8eoqOxspfqXCwLsBQFOaMKKbjz5ZlZXFHxSvYIio/Qgio24cGj/dfj2oP0soiNAFfihHvohCaOwAa6B7XA9nEDEaM9K5AVzvHHYAtdmeZmf4RjDcCjzbOZHs+6R7Lx/8NLCKqqFSo/1UXgsV8/2ydYZ1O/BXJ2FDpTK1lXoaT25uhp1KszVNUDXvhv12wJrUbsNWKuBXlyZJGzG1ghcCWNI365YthUtaoRatCiItS7YidTNOIcAdUhpnjOOcMk4/crzWgWfa2AdclpR4v16UH69MlfjJfTPzaILlxmXjnoNUiaUZxIpWd1rkbMAx9iM70GkrccV2YG9aGsM39TOXfgcRck/fn3no7rJFnozYu6W2crc/R+qG1U/obd6k8Y5637pf+H+/Qe9tT3aYx/81nG63Xo7poDbMbIAo48Dn3o1xjmo8rE+HexPZuuZ85m/os9sHSA9SJ/qe0CNtXempTW7gWPnZ84zrwKXOZH5DVgVMs2hkN596aKmd07XdLlCEwZ6+kNwF1DZNehVV+Cb5gX/H/WRZ/4EP3rv9TU4A7JSm4JH4CQ8oNQfxdG+NEsqnntfAUOYS1bBCdRpHc3HsA2jZfpKoFwd3oAlb4b6FLyOUQTkl+Qnl5n/gDLzM/BpWILR0KF+S/0WfAo1+TT0wT7E4eL1kvJ8mUliLNHr5jkjrcfoBMw72xS8bkEtZbgTxzyAmeMebB/AiNsNP4azGJN3w3HU/+uYvfbCJ+G45gll1X6tngIT04qrqcNV2AVd6ZfTz2TOqyNoQ+4iz/6JuM66NFdiZv5/dqkacaWn63UX60q7A/oZH6ycTdOMwkpVDxYzLJ+msV2wkjUre9N7LvaxjOovrfP/xUWOZe78qOdgfg/XMb/PJD/qeeilaoUb4ZrMb6Vlr7zqyi/85+/h48abXPyNNxX8wz9ifdfH8LFlAh+br8HHpq0uftPWPdd6dux0OAvXb8THug34GBt38GPj+7d5Cra7bugu8F6P5XTm/OPHi71hfEuu+wUxLHzfaA6//BQRZIMpLD3nr0PW2ccft9sVkdLzfFH4nbsYX+Ttg3cdfPPYXcfeVJ9+k+hH3CPfHGGFEZOFij2+qKRMEa86VloWbn6A3HOE8bmPVlWH848S7kinFP7BEXLul4xP+qUjPyy94HDQSaTVUzjLbfvVvsk9jG/vHuK7eY/ad2Ef47t1P+t7eQ/Zs7+s5OB+4juA5RYU24dFt1+Phw6pTs+F+Wanu8npbHTaGpyWkNNY79TXOTVBJxtwQq1zgY9oiQ4sRE00YCYsUWGdEAbP8p2EYGGxqEHCN+XgCZRogcMiYF3AdxA5QawHsS5heQV75RGTtLm7w1teYa6ssFiqg5VMtc/s91lKRfM80VJcYhZKLKDm1IyFsxr1eQajRqszsiq1EQhj1LCjJcVQWWKw9FkYA7RBhN3BPgI/tGgMYGANljZo08fZYf0u9jgc199r+QEYzxAzsUg2C0+KTG6tx+Tk8k02lcMETxEzBAi1xQyfIGapXOVvr26vbC9vn9de2i60F7fz7e52Z7ut3dKub9e0s+3QPhAaIrKtD/qGumQ7wffyLjnk6zvNCoNyva9P1g8Mx6YIuSOOVJk5eJrAkKw6eJrBl6171XDsNCmg7P38GUAs5L7E/tvjPl+RPNq3PCZPFsXlelq5sygOfXL9MpkXu3xzr+3Z546dl7R92+XqqOyPJuXKaEIuFyOKzJyuJPuaRYYdtEUJO3LS2eFkt9yJts2de0pPjRwY7JKZ7tV98uhgn1w8MJyQPWJXn/wCtpoGhmWj2AUgxa6+as3q4VXx2Iqhwf4lfYt7exYtjHR3LZA6O+a3t7WGW5qbGhtC9XXBQG2N31ddVVlRXjZPLPUKJcVFhbynwJ3vcjrsNitnMZuMhjy9TqtRq1iGgJ+4ZXd3LLpRLuhO4GQRkRNk49Lz/QEZbLxXtAqhQLwmJyWrfTLY+2THQGwKpJa4rPHNFVkqs2XcW17s3M8LUVlVhj9xcXJUrhyMeUXu+/wMP459ZE93zOvlZaYMf73Iwt/ipDAqcwNI9/JZSq8MAzFaTmd+2oJEaPHG8TkYk4unm/H45ZQ8g2eys3PUXEpS3JSxoDsig2MKjD+VwUnFzrfguaBdrkQ/K+OwpowGAZk43pKJXSbOflT50ilot1dbLoNBdHSjGB3dgIiOJi5iej6LqFdICanBmDWEVUVpXOplsSlDXrfYPZaHBFAIMJVnQIqBEnCIiSli7CBKhTFGW6cY0JkQPhtVN0rLRlk6lMCKGEHckGO/yMHMdng2C7DbdM2erWWVkDXdsjarhLBBlpIyHBKm/GdTh09zsDbhM46Ko8nVMZlNosAUsGXR8SG5sG9gFZJwKiyJcYEud0R50MUTouNCCttUNoFPMUIX/RL66PhYgroJSYgR5Om7Ywe8Z3mM79iBqGz1ySYUM93wGs+mou4NAm2mUgcE+QSqO4vrpU90AjeqnoqKOBsOFt3YRZckMLNsijf2jiqLIx1KCvLk2o1Z30senvZ/b4qTjb/z4urg+mBPpWMOytHERqryxiQ1M7pRSB0aU0w9rJiG/ipEN0ZooR3R+2EF9l4Vi46L0YsTouFYYcvm9vV65QIf7ZhKRamKyVHUPqsyMi7qT2OC9xHUp1uWhpQXDClrgDNKyUg8R8oJrKLdKCcRice92XVHUVlbdkBdKwopOqK2THb4OO83kHe2xt83GItGeMV6TEyx+efc/Dms9w3MkIkbZVKBc3wWo77lYt+yrBeMTz8SQ9kAZmZWHkVz8sqoL7r5F7P11bGF4sJEKrVQFBamEqnk6czkWlHgxNSU0ZiaiCYEJfwJ0r9yiJcXHo7LXGKctCorRIcTqO8txHRpXzZMl2qhMJ7MJo5O0dvCe60zMgN/iJ2LOfR+jAEacynuDdTNiNmJFxbSVIOHiRZe5lpoyKJCK2IYEyOK/yoPjBXcaRieRg0bL4tuWJ4DCz0z5zw0By7LUXEQr5fG06HTEqzFhjy5LJZtC7CW/yJIAR+uY4Jyzk5znCsoZ3KaM9M9IeK6uelO977+Pdu3U1bRJoQDCv5K6h2Vzw6hjW+3yLqW3NLbu2Msz+RqDM/SWp4PU1m7nO9TOlJMMGOmOFH4rihzPlndHTvLt8cFzoqpjqBMj49GEGbU74rfIjSPgoOTSbtMXJQOmFeV9M7mtyBzxpGEaCqR87TZZuU2g9Hxy9uGMpyI5vFZeatNpBZ+W0lvuaxdtpDGFe/NSiyOy2aam2XzG8oD9eW7YwJmIozcZUpFiArjdLFlIRFRUkKcn00+nXk1EaEpEFWmInzOxfGZhfZSX6vx/6mOPomOvvdwfLwVR5Gq0QKhEadVomUolkOphc9FFJ2rl5pyKX8GxWkZXHwMPK8c9HzLjY7qcZ+LXw7yvqFLWrMmU3gtM5lhKCYv9E0Pnm0v8vGzmz1z2L3TbEwfu/kb6DbCQNeUSA4um5LIweWrYmc4AOHgUOyLDGG6E13xqXnIi50R8AikUBlKpUTaEGgD+giO9kVGp8jzZySASYWrUghKewRPjgpNN00jMILHSIXGTdMYpKmyNEmhZU8VUfc4QhATcdFHZWkgdlN8PJWIU7DBlXVA9GyxA2RG7JgijMYo54ljXbJB7KL0TkrvzNI1lK4Vu9D9MTgEGuqphIjhjwk4BjyJUxem7sKUCaczGcygL2Lm9cqastVYMMHqfXEBvXgxyi2iJYHkRfLkSJLqQd2Upbm8dyQu62YGRJFeWY8j6HMjoMRCpQ/dBbDTCDprUlSqSMbgmIzLcR+dNLaBDiAIeB7qEVtlTXl2THU5nSgQT9nEemU70ZTJeWUH6EuPutFEqFB4bOJk8SxIWiNqPiIiayQhINoqGFmOzqgqp788PksZw11dVT6mlDw+x4RsBBlMebK+lu5VWqVuqMUB8aeNx7PKK60DOQGcm5MNqFH5LChzHRAdZPVSXfB3AFWlok/TYZadhkHxOoxBqrQykhbZsqmsN4kJJ9vfgBSxZbozjqVTSHSMb2SpWmq5UTnQDp3OnBKv9866avwi7s4x6piAHy4gQTw1lyAPY+LUzaWaFHIqpTNdvkMWL51p5o1EoP81qATQHFCvgPnwL+iJ3Sti0lLBW+Jt95YUz5/vrNdp9Rp9Qb4LnB6N3sM6nZ319OOh3It3A1s/v7hE0tt6SkpqGNLa1tb6UKTA28aaOatPVVNbU/tQpMYG7k6f1Qb5YXdnKERr4bAt7A74QqEgCeSHuANn8bLaSBgbSp1SlHYoZKXsOl4SP9w8ceLVmlktq9E4Ha58rbe5g222NzWLGo2WiCwrauay8IOpvKLZa1cvIW2Gci/POx8x6WoaDekJQ3m5x+Xa76k0F4Vb0uEtCd5RXp6w5lHmg1nmw3nGYL2BjF2rXlGnc1SuSFx4uy1aWFOmqqvT8MHoCDP8sYNNI2vetTL/SUzvPJZesmSxcJHLMr6llYEytu5CE2adocyb7L+yLwIPIfjr3PoESkxGMBQybCFrMDRW7ZPsDOGgtKCULT0iFXAmo5/zs/6jEufK05+K5DkpMFg8/ed8VgiFZmqIE64ANmwz0CPUxX/+YHHSnH8RyAqNBv2ksaGDDdW7WAVSsdSsQm6ovqmpGX9s12rpXnNe7QJ9+qedpsTnE1uv98dv+kyiY6JQr+nqr16ydFGrEO4u6R5sCDTb2ENd3Lvx9gXOqjJ13Tuqwx9/6J7E04/esrQoPVXVLi5dxHeu++SpK8bXF/b1du+LZ7FT9ajvgXnQBl/NYdfaVjYPP3YB8gys3T6/bp+EacvI8nlEpz0V0cG8am81W31E8nJOR4O7gW04KrldNuupiO19LKdkRBI/wy8BU3HcDz9wnCjYoT82h8jl0c1nL4fuOp3RVdVofKct/e5lQJ6/vqnH8h6QVTd5B4qLS8xsg/6dyc6OuVgXlKS/3SO9B2tC/47OnkGs/fCJHNI16spSlpBaC280mT1mM+dhLeA/FbGA08jrSnSs7qhUwrnzT0Xc4CFo6BwQQr4gfp7l8kMuPSCgng84Bn7W2Kd9j9GyIulglNhuDrH5TU2IndORC35E8WT6+ZvNzmC4amTrAvvwo4QY9KpQl/Hd1s8br3o4lhx1DOXpnL4AudC8rbZnfuTQnlj6CtXH6mvKLdWlTIP+3T7V7ms3bZBWpe/3NdhLSq30v9ArAZigOgIsuOGeHDZBN1GBysyYWGBVrIkZkSZYYmFfYRkLezXL6FnW/bDL5TwVcVmMhlMR47SLYOH6f04dbdsazzklfR7I5ktEpvTPHSZOtGLzNAbaHFwKREywdqp2oUHjqA7q03931JRnrawz/KZNHXnmmXeeCAW44lKbuo55sDWaXyRwTKOe7idor/oV9tvQBU/lrO0UWC/gXc6Wlgb1RjfrcESC7YG2QKChjQ2y7fNZXlMlSVVs1VFJ4lofDodbTkXClmCp3W47FbErWmfXM6t4p+dcNr3n18+4SM5BlOCbxuPDjRwn6BkXPeQScHK+dJnGbM9iv05Wfn711SOOIasCIPWt+qaK5MZux/Cj252WUFNlcvMC2/Cjx9RWa1Wd8bWWLuPqJ9YkRpm3zVrdjbuyntRTraCc8znplr1r0n3kwpq40DN/wcF9q9JXMI/kryouLLGwjfr0u6rb9m/JrQL7LK6CH47kVqG2Un1JPNoxHgmNJeL0POxWYsgyK6guiaMcOn8gJPkPPszcqHwveE6HZhp19gvp5/YY8+saqpMbex0zcP0s3G1c+8RwctSkUwAmF+p2BRZ1LNi7/+pLQbmgSu3ftGHeCu80mBiVyzO/Yr+C+DigFK7KIVRg2VdYOM+5T8JQZd1HJHAZStiSI5Jh2orci4KQTfTn0HrujwjH1TRNNzc1dzBoFnUmM0OULG1T7Ncw5N7jj1jsYs3tX96w/e6ugnmp76ZfGV699lhsKD5+PG597DPtyzYsG7u7P3Z0JD72qZc2kfKtG2Qy/7rNWx5LP5lb65vRlkL40rQleSclvV6nc9gYO8E7n3XAw4UcazKdzrwuFTrye0DP6RkHq9dMakysSdJwhfypSKHF4ZxJoi/6wOPmXsQk4bOGQrhuM6c1KwkFQgEPGv/EX2DUOAlplSXP14rlF/0h6w7kjvaFxqv/NtFbF1yvK51XsW5joxkdwGmrDBrY536n2nez4dWGpoHDu3rokl9Vp6w4+n8mkznP2hT//04OkwX5JxF9Zxmc9Pt9PvOtRUW12lvLvAaDhwV/wj/hn/SrjKy/CrMFyx6RqjiLq8TF2FiXzeZhPUckm2tmYblvoP7Zes4Yqy1spYeprFfUIzznrBQk6iD+v+gccUJByiVr6k7KOaCiOeSiLqWgVos7XBZQ5lOGZSsCS/zFi6Tk0lX3r43d2xNYqh1eGR8tlto6l/oGj46dvLmW+adVy8TumrL5Xb4FNwxctU/yOF5ePRzv9UU6Kn1LhpuX3yD5XkJMVele9mn2SaiAN3OYLrdXcKDH85NeX1VRfFIqKirUaAsrVOB1W109jNfmZfJVdm2Fy6hWq05FTBaiV6ktlqKSokDRF4q+XvSdIo2RLSqQCrysxUvKWa9UUKh4CfWPabs780O5A2aIkhU3pP7Xfw4RoZsYfiUgzG0f5Zxxey1Dvwcg+12Qr2EYrQYD+SL0+NlwJs9WWWMgZAkZrAzmEYZvPPmrT04saRtZ08BH3L6lpLhIqA31rg4zP13SVoIH/J+Tl14IlLJ19YfS308/8PW7+8JtBQb9V0srTcVdW/oR8TvTvyAsvA5mECSTDqYks07QnjXLlknwcGnPjzwFLyrJ6NzzdWUOs0pb0aFqJqy5qHz+umW1wcZSXtC9Pm909cLFKxs6Klta++9cTPeG69L97IPq47glB6V8rxex6ZFUFo7llkqWYvCy3qX4udE5N92FAuFAHSktV5KZDbNZc1NIW6rRztzUI0OM+g75Cpt72B/adTi+9jZb7NoaPFaG/P55ruLwppXp/nXP3j1+84Pkjn1HvraVLx6srKxdPnIi9c3PfPyJ63be2ow2J9P9zCFFu3rJ7fVyVDkVp6glQTFnZa1LubnqZb0B9bNnM6xGWRytRmyux6MwVbepWYkNMa2oVx/w1W2/Pb72oC22zd8UbBnxiw6+ddOV6uOo3robH/vec7tvP7PVg+pVBK4cI23fOXHT5yZ23dqERzm4MXNeVaAeAxfUXtw5uNsEIZh/m6QyiKx4n2TQAs/y90lQ8L47xx8RpjsHom2jR/xixumgLqdhHUqg27Kbx0X0yck1t/QGl+849MDQ8m2LSvasvXJL8o3C1lDf7bvXdUb91aFgW8hf5rEVcgtP7NtJrG89f2BRw5q9/d9PR+/c09FCqpcNV91BPOT0iY1JF9/Rd+Pm29etvRO95RrcXa5Ee0tgW87a4gKPx8YXgq2Qtbh4T7CgQMdrNXqdntV/WtK5YdYHDFrq+ZYtTEPWGqIZsS7IS/Y/rVMd5rrpY1czOvb0gUGjrcAtQ6Nlkrbq5DrLux2WoVXNpR7jCb2+2OnZuKGCvBMt4mzEOyhWVljZ3l6V2V3a0sJ8r7qeKy4IdQwQ/U5pBXrab9Gyt9AyHzw0/WVdkPZ47Hmak1ptaUqy22t8eVUmE7g8xZPFLtZ1n1Ss1eom80CHp/l7L9Ga5o2L2Xp6O6DnUSTicltza170IcaLl9EsE2K99OuOnidycIjNyolJOTJlbyZaVuUpzLetWXzhfF7rV0/cGhpOVF4dG9xXude37enE2k/0CqXVK5c+/t/JEzpLcWVF+kfB8deO7WlcfeuO9qHhtavO1vgWbI8u2NQoxa848eo+gP8BDCzyggplbmRzdHJlYW0KZW5kb2JqCjIxIDAgb2JqCjw8L1R5cGUgL0ZvbnREZXNjcmlwdG9yCi9Gb250TmFtZSAvQkFBQUFBK0NhbWJyaWEtSXRhbGljCi9GbGFncyA2OAovQXNjZW50IDc3Ny44MzIwMwovRGVzY2VudCAtMjIyLjE2Nzk3Ci9TdGVtViAxMjIuMDcwMzEzCi9DYXBIZWlnaHQgNjY2LjUwMzkxCi9JdGFsaWNBbmdsZSAtMTMKL0ZvbnRCQm94IFstMjQ0LjE0MDYzIC0yMTguMjYxNzIgOTg0Ljg2MzI4IDg5MS4xMTMyOF0KL0ZvbnRGaWxlMiAyMCAwIFI+PgplbmRvYmoKMjIgMCBvYmoKPDwvVHlwZSAvRm9udAovRm9udERlc2NyaXB0b3IgMjEgMCBSCi9CYXNlRm9udCAvQkFBQUFBK0NhbWJyaWEtSXRhbGljCi9TdWJ0eXBlIC9DSURGb250VHlwZTIKL0NJRFRvR0lETWFwIC9JZGVudGl0eQovQ0lEU3lzdGVtSW5mbyA8PC9SZWdpc3RyeSAoQWRvYmUpCi9PcmRlcmluZyAoSWRlbnRpdHkpCi9TdXBwbGVtZW50IDA+PgovVyBbMCBbNjU4LjIwMzEzIDAgMCAyMjAuMjE0ODRdIDE2IFs3OTEuOTkyMTldIDYxIFs1MjUuODc4OTEgMCAwIDUyMy45MjU3OCAwIDAgMCA1MzAuMjczNDQgMjcwLjk5NjA5IDAgMCAwIDc5OC44MjgxMyA1MzUuMTU2MjUgNTA2LjgzNTk0IDAgMCA0MDcuMjI2NTYgMzgxLjgzNTk0XSA4NSBbNDU5Ljk2MDk0XSAxMzUgWzE5OS4yMTg3NV0gMTYwIDE2MSAzNzEuNTgyMDMgMTg3IDE4OSA1MjguMzIwMzFdCi9EVyAwPj4KZW5kb2JqCjIzIDAgb2JqCjw8L0ZpbHRlciAvRmxhdGVEZWNvZGUKL0xlbmd0aCAzMDY+PiBzdHJlYW0KeJxdkdtqwzAMhu/9FLrsLkqcNE1XCIEeVsjFDizbA6S20hkWxzjuRd5+jtR1MEMCn6Rfv5CSQ32srQmQvPlBNRigM1Z7HIerVwhnvBgr0gy0UeFG9Fd960QSxc00Buxr2w2iLAGS95gdg59gsdPDGR9E8uo1emMvsPg8NJGbq3Pf2KMNIEVVgcYudnpu3UvbIyQkW9Y65k2YllHzV/ExOYSMOOVp1KBxdK1C39oLilLGV0F5iq8SaPW/fMGqc6e+Wk/Vq1gtZSarmVJJlB+JVkeiIiXKOVfkROs10WZL9LjhLgfyvHVf/3rdR8tzbs/a4pH7bjm45yBb508cPLFLRsEdT7BL2Yzle9btedaVvE3AnvMC5kPdt6uu3sfF0jVpo/MujcX7wd3gZtX8/QDzgJsQCmVuZHN0cmVhbQplbmRvYmoKNSAwIG9iago8PC9UeXBlIC9Gb250Ci9TdWJ0eXBlIC9UeXBlMAovQmFzZUZvbnQgL0JBQUFBQStDYW1icmlhLUl0YWxpYwovRW5jb2RpbmcgL0lkZW50aXR5LUgKL0Rlc2NlbmRhbnRGb250cyBbMjIgMCBSXQovVG9Vbmljb2RlIDIzIDAgUj4+CmVuZG9iagoyNCAwIG9iago8PC9MZW5ndGgxIDIyNDY4Ci9GaWx0ZXIgL0ZsYXRlRGVjb2RlCi9MZW5ndGggMTM3NTg+PiBzdHJlYW0KeJzte3l8FMeVcFV3z3313JeOnhnNjKSRNJeuESOpJY2E0AFCCJAQAgkNIC4jzGHAxsjGMlhgbBwT4iM2iTkSNrsesLOBfE4iO45je8HBseMv6+zG4CMhtjHYmwsbRt+rnhkhbPb4fbvffv9sj96rV0dX1zvq1avqFsIIITUaQTTqnzXHH2r+oeEPCOGHobR/cM3AsPjrnlbI/xHyJwY3beAuJpMUQtJhgDuXDS9fc/bX8RBC7GWElHXLB9YPIynioO3HAMrlq7cs+6Rg7F2ESrIQKjgytHQg/gf7qoPQ30KoLx+CAk2u+C7IV0I+b2jNhs0vLtYcRkg0hBAtXb12cKBGFfoF0Oegzb1rBjYPy++m5ND2rwDcLQNrlhrWBWYiRH0H6suH167fMHEv2gC0hdQP37p0+CH1xzsRyi6FMV5AGFEwPs3EBNIgwvcLaDkSoUWIgXIW+dFShGS1WA85DPIQrokdpL+bXHC/eFoyggekaOLtiVHJEaHHqdcLQokIoWdf8fcs1kT/hOxSoeLU775RTdKX77qPnng7WSc5InFAVgbPTV00PYEfhDulokdFYcg/nkrxX9AynKQ0FCOiRYyYppgRlBln6mqfw3FoHHEcK44IY7Pjn6fGCg2fE80lUhHuIPyRUiXwfoTIHsoZ+HGoBAVRKSpHdagRzUAzUReaj1ag29BWdBD9LceC7EgfRdAqLLRqQNNRO+pE89AAWoW2ZFpNvAftdpPfxE+n/P5J+A1O/Pbc7cLznTeV7dRrJ/QxJlAStICMmpEBHUeb03RK6imaAktemaZpFEBVaZqB8qI0LQIq014slM8Dvd+K1gOXa9EtwFsZyCAAPw7Vo41QuhqexgG/AVQB3A6gNWgJtF8BVDvgQaDXwt1r0TKwlCpoeWMbUhIS+isHKS0Fi9sIPQ5A7Xen1HA36Yv0tBZKhgU8ACWpEZZATR30sRrSTihbjoagbr2QWwop4WYT4Di0nHpthd8F3Ihfw69Rs6nXaVX69zCTuR4UWUUb4feReOV/xU9SIPmmVCndK8Oy2+TL5J8oYvD7vTJPZVQdUv1FvUud1KzSTLDz2dPaMu2vtL/Sdeh+9v/89yn56WV67//z363w+7NhMfzeADcQQz+edB0/RYi5CtYHF0zh20StaDPzKMwdkn8P8neiLdQ3UvnMJb4XbRTdCrYz5WL+irbQf0XDzI/BUkn+TWSSLEamf3dO/Tdd9AXUwQygAL0TrWCG0Qr692iIWo1m0X9EtcxKxFMRNIe0Y0KolipCteLvoDnMbQC10H49msH0oyF6FppDD6NF1PeRm1kFZVKkF4dQtnCfFBnop9Ds/79c/ucvfAhZptBrYDVb/f9zPP8VF3MLOpFOHwRoT9N3i+5HsH7DSsQiX7qlGej0RT+XoicuT3yT4Ex5svM6DXcfRyq6GqlIL5Rx4jJ1DrETB6e2+OoFEUT6KdI0MCRTj7alGwxOpsNCOu/fZO+Ff7P25tdr6BX0v9AOgX4OPYO+ly7/Hvo+GoUen4M1jVw9aBa6B9bRWbD2boY1bwaaCzHKCqhZhw6hw+m7lqB+WJOCQNWARMfSpa+iC+jv8VVo99hXnv81eMqt6CQ86THUAv3VoH3A7cPob9CTqBXdC7nr11sCPkcNwHq6Hh1FCbg3DusMudrRXagZLYSxNYGU1sGKNAajfBo9C2vOcfQIlD8HK9ET4h8jKbWBaGriX6iqiX+BdRyhr1MbqLuovfQIrFh3oCfQb9Ef0YPogeQL/7b2/gPXg+gbwMU9aC/odAFdTXfQ/ZO6/feuH4C8ngfZbAatHAF9PIEexG70KMQe27ASfRM9h0M3SOf/5voB2iNEWlOvn6JTILfDoN+9ILH1oJfvwOg7vnwrzsdysJuVaAFWo8/R4v/kSG5+DYMtbAaLuxuecytw3g0xSBDWm27Qevf1dQeX4xq0C7T+FC5G70N5PboT3YIdOIBeQrsg7t4K7b8JpQ+jH+IAtF2PnsX56Ar03wtcfuUCf8Cm/QEi8xKbYJ7A3KQ/J3n6w4w/yGCch16e6g+wC6vA3n6AjsHzv40ew3ZMoz+h8yiJ/TgLNFeAXgd4CeT2Q/Q8yO9jaGFB/xt/OVq/yVjgjt2ipUy69qtjAWu//wbfdBfMlMdhfm0DG3oW5vrz6CH095DugdxBmEEH0N+CDRwBWxqBsV5/7gKIpZFoOcGCDNTop2n/RJ47TsonXp84Izz3TOau5N5J+lcwm38D87kDfMX/XP9z/TdelOTqe6J3qBkijQhPfMQckzDJXvwnqDgMM/5rgG+H3/Kb30tfoy+Inp74RPTDZL1IK8pLrkveAWvZ/0b/iH6BfobeQ2+AZb+Kfk8H6J/R5+nPmH5GLDoj+jb6PlMCO9Kvf7k/5hZmiJnNHGIWMCUiL+SzhJ3pfFir+mG9XAV+DfE98cWL+hb2LujpntvV2d7W2jKjeXpTrKG+jq+tqY5Oq4pUVpSXlYZDwYC/pLjIV1iQ7/W481xOB5ebk51lt1ktZpPRoNdpWY1apVTIZVKJWMTQFEZF2JKwNHQ3rkxYG/oTSlfMxXIJ5czL7f4E0tkdLi0X9vcUp1slRL4E0rcmDB3dxxFf2ZMQ+77cZGaCdrOfOeDmdjvXmGDc8OdqGYgn8ju7HS72LftkfQ/ck7A1dDsc9gTlhr8ZUAV/LQNcPMF2QLnDniqZkUAd3QROTrxbCYWo0tEDuLM7kZPJ9vTcbJCnwPWMf2mYM/EYe1xpbYglkOE4Ur6bQEbS7HIlhAvRRL4PBsICJfSG/Als+CyB9QlsbIch3/gIctu5ypvIoDG+0tUYXwESjfdfl+nllEQd3Bg31tmtDQMpDLo18fLs7uMKeYOrYakcCpBQgI7LFVCiIAXQxfBxrKzBAkEpG6uOU0iqAvHpyHAbCaxM8Lv7gXDFQG5Qo79ec3JifM/UKgS3ZSh9ikoNIiFuSEhSg+BWJPiBBNrNHS8aH9tzkkVL+n3KuCs+sLA7QQ9Ag+OIdjcOdSWyWjsWQBE8CqB/iCPqjgmIKI9rHOLGIE/a9gN2xYjSbyiPDy3tJ2aC+10xqJM1dO90jNsTOkgbE1pfQgXNVFvft9NjjZYVHMmOje3kEgdhuFNqHQSDEVhg6GONLngadNa4sp6oxD+pNsEaZ8QF5fC7B7jEyJKVKdsb2JOxf8cYm1D+2QHaAf3AncKNaVHG+1eSIa8cIGw2ruTGdi8VWN0jsAb2yjWujBEgN4L1o7lw94LuxiFX4/UHAuNA0O4v3+twJKw+cuPYWCMZ4kAcRp8aMlRcHz+ZE3YfhvE0JPguIUFdgg7gifxArCddlG6wgNxGavpjPT2OlN6haULi3ikqcXFjpEeJO2HwsY4XoW68uKi1s7sxZhe4T1AN3dUXLfaLQLd2TBZjC7QZ81+0p2TUOsfVOjtlBUMZ1N+VmsDUpOahabq90OsZi/1Mil7Y3eRq6h8ba3JxTWP9YwMnJ0aWuDjWNXZcqRwbbuznhOmPofyHu+2Jpj09CbZ/CFcJGiLdccT2mjpbE/rZvURVTdzQQMpx1LoclXaHdrJNx79WnZ5zYP0wB8icG2M/hrEpwTvZuSbiak6Ch7An2EoyZWFAc7thTgwK9isgmCtzoHM7mTV0j7txxZy0sMAy08ZDfODsdCl04nCQ+bT7JI+WQCYxMrs7lefQEvsJxPt9oMd+UjOeqTHOJTUjmZrJ2/tdoDdL65x/x76n2vaY1qXjIn5B/oLrjSfGu4DHv1YmpJVp1esbumk7laYoO00ouQ9cWTRh9gk3EpmAxxxjXdxZV4L1JUQN3eP2aA/HasHVYWjT7CMzCDzqWdcrmPhRZGATOJrAJlKOwK8K7p02V0LlpCFxjWP9aUubylZ6MYgP3Zw3aMO6gD17qr1W5yIcnhbcW9pru5vIvLI7Ui1aehJq4psT6o8FBOO1N3Rz4Ilg5s4WCK6RGyLKTnD9McEl9NinFp+cONcfIy4Qhkya2NMmDjgl2httrbjoP2roI2Dod+3pGaqCXvhC4IArg8cKs6WrOy2lSnt6RpFnzSCs3Fg/KcVMG1A+TDxHImB7xQKGarNc7LmZyFu7bshNeZhQVznpGbq6E02+TOep/HSffWq2+UvVMzLV4D622beSZYRC9cddeNfs4zzeNWdB9ynYrXC7urpPUJhq6K/vOZ4Hdd2nOIiBhFKKlJJCkuFIBrVi6O0EJRXa20/xCI0ItYxQIOQHT2IklEkzZRgNnqRSZWymjIIyJlXGC2WpqKLRMgQi6HaB0uMJvqP7jp6hsf4eImxkShkgWLarBiUoV81xTImVCblraX1C4aon5bWkvDZVLiblElc9mD9MDo5M9bF+F0x/cMDdyI57iAkTc6Hc3MmJCfCgZ8DzOhJi90IAcLAyXw8HVtwC7aYT6Ifi6YmRwQEyDmKmNPHlMwZ7EtLJDqHJjIQMepCle4AWTcI9ZBWAmwbBWAdcAgnFMDlGehI9PvLQ7hWkA46DeKjZVZUQe1J9ijzkQf6eMZ0rJCwnYndC7t5JEhmMjThCocQOWXhYT0pIEiWMfNAFVYP9HEibQYNzwBgZD/mT21MlS2FVZzxLBZDb05UoNYMUKnlCVkLWKolAK0qgQ/iT9PSkBi/kdqYbwLPZhAJG5JkiyvQNIB2omkHGAn87Yaik6fOkm9knUadrM8xBMmihJwlUJ1TuGQPgcFL3K6DEVZm5GfqSCkWkjxdTpRLCuVIIaLtOThx1bXFMuYqLXLA6dxPDRHaIIXnUM/blgkQvOE7pl0tVQvHYmFR18xtS8pKqJlNSyDWuiBVDw1OIw8lnZRbcwp3En2eIKxnirxniLxnizxnicoa4lCE+yRAXM8THGeKjDPG7DPFBhng/Q7yXId7NEOczxLkM8UaG+GWGeD1D/CJDvJYhzmSI0xniYIZ4IEPszRBjGWJXhtiZIe7NEL0ZYkGG6MkQ3RmiK0N0ZIi2DNGaIVoyRHmGCGQIf4YozhBFGUKWISQZQsRPCNQfBfyZgD8V8GUBXxLwRQF/LOAPBfyBgN8X8HsCPi/g3wr4bQH/WsBvCPiMgE8L+FUBvyLglwX8koBfFPALAh4X8E8E/CMBPyPg4wJ+WsCHBXxIwAcFvFfA9wt4j4B3C3hMwPcJeFTA9wh4B2C+poUbEXLbBXyngLcJeImAZwu4Q8DNAq4XsJrgxXXN9Ifg9UfoP6IHAQ4CJADGAc4CnAO4DCBFfiaMagFmASwGWAuwHeABgCcBngb4CYAc5TKl0LoUWpdC61JoXQqtS6F1KZKgXzAu9A7AJQAaaQDnAtQCLAZ4knHxLtHld3Hi2vg1avza2Wvnrl2+xqQSenzi7MS5icsTzHCdnHHDsMcBnwU4B3CZcfNK5tyPL/+YEpCmTss4oGMH+R6A6obWGsDnACh4rJzkGemzWOPBmjo7IxHyYsDbKbPQ9nGUC+AHqAWYBbAYQIzeAXwJYIJ6nJ9Dv3POZM5681eAbr/DZL/9DuvrvwR6022A1gwDWr0W0KpbTPZVt2y/1bZho8GYtXwloGUrAC0dMtiXDo2us1nXm7Y2WB1bAKx1Qeoh9AgAhbIAFxGKeoR6lHoMKan7qb3UA5COUbupPUiJ7NQjaDcAsAT4SYD/BfAbAIY6DG2OIhX1JNz7LUgfh3ufQKqJC9TeEwZX5BQQjxKizkbdTW0DFfuou6g7kAjSO6mtsOz4qG3pdCs1Xyi/jVoupMup+SdEPu4kNXzCzkV+RN0K9aTdLVDOkPL5zwTDEVldHbUOWQGOQf1Joc0KyL0N1AUAmrqH2gIS9VEjkJL7t0NKxnF7Ot1CzRPqN1PLwFX7qE2QkvKN6XR9Ol2WbreBmie0W59O11LzTkh8BXUdkMfoXoKpPmoRtRhEOJvqpOZAOpOaRXWAKBXUTIDZSE71oWlA9wC9CWAj5B+D/Pch/UdI5dQKuGMVCHQQeloKaT/0tATSFShKDQL0A/QBzAaYCRCjooLUGigtKMoHUVQqXwN5wnU1pQWpNdUZoRyjJsAvAVDUNKiXQH0EUsJdRbq9A9pLiJTDJ/SmSJ2J8qcrStJpMaTkAUXpvC+dFsKNIt/0unrIYyQCfFgY0jQqjFoB4pDbQNpS9RQrPLoOUtJTLaRk6FXp8sp0Wp5Oy9Ipl05L0/cF02kgXV6QTvMpFlgYq7sF8hjZAJ+iQsCymbJQVlCKglJSKkillIySC8qRAihA+GYYrRSUowDlKEA5ZlCOFJRjBuVIod4Fd7hBGdnQUy6kNugpC1IXKCIbwAZgBlAASFEUz8HthDM8M53OwwuJrPDcdDofUlL+Nn4TfJsP/zqdfoDPEc7w+XR6Dn8kpJcgJe0/xh+BrHlY+U/I5DDZxjFzIhhMEzBpTk6MP/vzXC4CLegTRUWRH2IagyhO5Dpdpwj5zHhOjitTmJ2dKczKmiy02zOFBluaGlHo0xQvkwNFYfwM37EbKEzKgKqTQyFCs1AuKSIpDAid6JgrjAw943KREaEfZOdE+At2uzDM3+e5I/NOYimvx//8a5Fv2lutb1F8QqGKPD8u8kEDvuJJvT7CP+4PRB5/FPsee1Tke3Qf4/vuI4zvkYdoH/+zomDkoX20b9e+b+yjZIOWwZ8P0tygSgOdX352eq478g8nsZzPwt/Yj30VT+Cv76d8lgOewoj5AGb31/KRf9yPn8PlmHz048OBE2cYH4QJJ06TpPjEGRqSIlL4HG7DLUKblhPbRb5TuBd3wbzS1FlxF7DbhSh8L94lKGcnpES596XTXfgB4ca9kJL8A8+Miny1dUp8EGH8Gj4tVP4SUpiG+HV8+oSYaFZyIhSKkORpmojhmd/mCGrltf9ksUVeeZX2vfoy4+NfdjhJ6TMvG81C+hJIU0hNNqG16yfFwUjHbJDTbJD3B8DW++9B5r3CwsiZ02BBp+tjQvvTXi9Jf3DabIu88CEGrmUn3hYezIc/dLsj73yI+Rft2ZFnjot8x0Ex/Hh1dWT8acb3xtMi39PbwF2/rTNFfvYjzO3F7F5MutxdXil0vdvrE4YS2g1977lf5Lt/jPHdNybyjYEc/3iJ9n12SeT7dITyXT7I+C6BaPiPQ6UR/mN4Grn94OzOVNo4PZVWRoXuFAdB8e8cxAfhTlL+MNg/KX9zBORz13bsuxNGtQ0ecRHg19vx9lF37q5R7NsJcA88ZQdAwWhkdMYovWwUN43i8lHsGcX2CqOl3GgsM+pKjZqwURkyyoJGccBI+42oxHjlcw13JXCF8njV+V5NoU9d5NM4Xeo8lyYnV83lapCIFVHRarUiuiH6SJTWsFqlTK5QiiVSJc2IlLBAKMV0PHe4EGsKsULTqgFPMQ3F6A3036DfaMQKpKAVmmlomqyH7pVtoh9Dj8ke0fwjUp7CCqzkCzV2nK2ySGwqI2tW6RiDyn9l7ZUnrxy88osrZ6+Ia6/wV56+krhy7ooIncSKE/4r/h9iBarFCr6E+SJ6JfqX6J+iRdHCaH7UE82LOqNcNCdqj1qixqguqonKouIoHUXRjnAXTuhaUWtXfUKPIZ1Tnwj7Wk/SXGci5GtNyDp6u49jvLcHShPULpjPXQlmF2zsuxK6hgW93SexlVSPwiYJnECitX/0/h6fLzsRJ6dKI9k9iRAhHszuQa2J0OyE3VXvu9m1fsPGTLp+Q7oIfsJ1PN/TmChsHEgUNfbHfJlS4cLr4Uq1T981mU65oM/J59z06VOrSIIFCm0gnW0gJRs23NDwJs8g7f+VnNDj+hvvQRmG0002/Mfu+cqYN2TaJSyJWtDdlxsclxEldnTWk0Pg1kS8szWR09Hbn7C56lsTL0OuvKM3oXTVQ9/rU9cG8rdxPVFEquw4ohq6jlMEiQH19nbXDeIkiuPPAa4A/BXgLwB/BrgMcAngE4CLAB8DfATwO4APAN4HeA/gXYDzAOcA3gD4JcDrAL8AeA3gDMBpgIMADwDsBRgD2AWwE+BegF6ABQA9AN0AXQAdAG0ArQAtAOUAAQA/QDFAEYAMQAIg4lfE/xj/LP5p/HL8Uvxi/OP4h/EP4u/H34ufj/82/nb81/E34mfip+Ovxl+Jvxx/Kf5i/IX4ePwn8R/Fn4kfjz8dPxw/FD8Y3xu/P74nvjs+Fr8vPhq/J74jPhLfHr8zvi2+JD473hFvjtfH1fGbGsx/+dXz3/MYWPfECDF/EC1FuciJ7uRjUpnDKVLIOafaabU4OYeTFqlFttzcPLVZL1U4DZyclu/jNdwsjtLSHGfRYUMOrdVpj8SQSS22i3ROC4Nqw35z2KdF5rBWF7H4Fy/qs7Vf9Gl1KBIJYIs/HNZFAGl15og2HGZ3jo+PEwg6ymqoslKP1+uQiMVGg8lsdJSVl1fgMM6hzEbsoOmsUNDCatzJEqeNra5Nzq2c48XfegJ3WdylxVefwd/+cVBu8eU5ZwXvWtLSlhutlAWDsuEhZs4Xh2d2liiCVBY1Sr6Mvm3iMqMDnjk0zLMGVm1sNmh0i3VrdbTOjCD+4ANQhBDVAVH8WYqR0VSOWU2r9/FmfY6YFu/LYXKwWEzJsf4QpdM55Xfa/OcJS+dDwC/8odqLPmSpJUwjC/si8B/xsS8CCgaw1lVCuZxiymjQmcIhYC+sFYtdTqQt1eWFQyZGN2hpWdK4/FsL2x5e3Tk0nRtc9LNNyeTVnVj8972PiiqTH81fXnRf8uJPX0x+dL9/2WDyXasVd+O5b2Hw+jBk8oUZ86ZoLrIjH6riOXsOnbPPztvxkZhdp1YeiakL6IJ9alq/ze0uztouFgZ+ngyYjNiHbBYWRh0MhMtq6DJtaQnlLXOEcmC0lEQMWnF5YdA1TFkp5XE5JZtL8k1yudnjx3//o0+PdLa38H3trx6N5M/sumf1vHLrxl89HKsOKk1OvpEeaKp1GlXBOd/+9Oh3kxPz24L5zj4mK7pq97Gl/4BFmxnQyhYYeSGMvATddwppICRolSmbNfLcXLOFomTwHFrHQ4nOvI+Xlzjl+/IDTteRmNNCW/bxzpLiI7ESGS3bV0JrD2l0Ogs+RFEWB3coNzcgt2z3+s+HCKMCElSVZtlPlJQmrr3kE4zU4gcd+tmX0upiXA5tWlNEdy6tI1RDV4RpwVxTImK4JRrOWVDpTb74VlHIoVm0SO30+9/CFcHqIqfZMKi/uqSmUAWSKhHNTf4y2BLKUVz7ozXKJ0ei1bZrP9EW1E+PJb8VZL3NLfRAY60LJJWx02+AnRaj23lbvtvjhlnmwTLa41FS2aJsOnsfj0V6DbHYArBYDWI72H72LAsWyyqVRtq4T8kYlUope0irpYq3c5zfuk2a0ngEQAvTL2WqaRutDQvzFIXTs5aQwYBb4p1qoeYvWXAZTFkPWIlRTRuZ8pkz6vYuvDaB9mDx8b7vrRi0tyyfteZQb/s31m66VR+owA/n5eklIuPMfA9E4vN+hev/1mhLXlyw1Lcneen5F5Mf3r98VXRBR5E6GFTmljTUoJRdiBiwi0q0iA/4NLRmH+9zmX37AgGxzEhbzJYjMalZ5w6W0s6Qy+U8EnPRaHuRSlWlKdyeDbJ5RoPbs/0+QfdE74QrrTlsqU25qIwRAKPgyojPIWp1aA3E6UzRscAglGe4pYzMg2K1we1N9lUUaa+9KTMWlCR702rGh4u8ZgVVpM2fhp+qLGI/r6pymXTyYFDtbJqDn0r2NdTkWZTBGzQeVJgc9Y3JJ/CS+byThaaups40/1Qu8G9DebxOJJVIj8QkRp1edySmB0aV/jRLFn9aXTcdOD4mjG9BZnxHyPg+/1dHQZ67ESEx+QK3HC3jp5VaeZmu2WoNuxVqL53nzjsSU7lRMBw8Eisz2+kwbbWUWkDQpaW54osmcxmt01Xa7GE6d8TnP28mojeHieH5wmBywuIAA56yRvhg5JgIeOrodRUuDD+TzvhVbWDsEKsIEwJfiyNFrEysTW5Yn3xQK5IJZV/L8LoUL8Z3405RnsDa1SfTXKvzmmbj7QdwWeSqg75UnRz/bvKhmwjkapg+Q6Qx8bmIBmmUogY+LzUXGbOHVYVKQ0diWepS2jhCM2ZaKi23Z5XS3EjRdbZhPRQYBo5fCqWUhE0mc9hDwdy5blouDJZFmDV+hVn68bygTSWSSo3uEjxU7DYrt117o7RIr5WIb2Q1QmVHF1RW41UP/bKRJw43qDRw/IwvnqSPzO/wtifXvHz6JiySdYN4378Cf34UBX2XZdlRMIjo4D4eoWmSPBk4/yMxh0di0B+JGabR0/YZ6MLcXLvHbceWOysqatxBvF0F/tWvTTsWXdq5kOmVZl9Q9GQkQJzrVxgNmYwGscQI0jELVSARbwntosEBC7EBrDr4mMLkmWLJlz68cOBA9fyyBd7KqkDyI0/M0Z0f9gWDt6ybv3phRd09wwuo2cnvNdc5iDSmcn3smfvGy6XWviWHmtvypcGyrbVH25qzFdR3rv2dtWlb7+I768ksGJ64TO8HHxxA9/IaP4kV/MV+8j9JCsZEHG8USkx6cKEWzjJiYdS0xZKlyMtjsooZmtnHF+v1WXTWPj1jOTTLjM3mfO6iRhPIvyiRhNChQMoX6wSR+fvOT4kbiIi0GT+si/jIikTSYECfQxGvS9xQCYikvHyKTyZRk8lMlms1ZL3aNw2x1XM3bivdtGXjroYV/7Cjbd+aQXPTota65dHw6pUj98+q3/jUwDfP4IruZcGtG1uXLYhWrb27ffjwAjYr+Vn3Em9goGH6kq5S/pb7F63Y11tQhnXAOYiFuQMshUPz+GKNTguOSEtrcrGKzs3VyqzISlvBamjqEK2W51rqcw9xnEO+3WJxOrQZbn2Ybf/sPGF16nITTnswvQPYoWGhzZgHU6Z1OdWUxFXPVC0x+QIVFdtV9pJgsiKnJFuvuNNfXerTD8LKemhevNR0FU1rKjArgkEJa86riTJIF1nRQTRpgtX0VzBuB7qDnyvmtLhdzMnVuE1CSIlASgkpFUgZLyOYA58ms+t1Ro6cr9EI4ii9KFtjESHaJrPbs6wajcshytewuE2U5T8j6OmMEN4Kbk5wcLDSBAOZvagPk6UDgls9hgirNL2WSMDPkQmA3y4JQIT7Ic4VK2V0RT0+VBAKupIDO5JP2/MDEB0FpZYiNwS4V8/S5frC/BxVtAJWFbmna+EX32N6e9u98mCK1yuSfuDVje4kX96d5UExuM0YIFgnYIhzz/IRGW6HQtyuI8itM9KUTgEho1QGi4w+i1Eji1Mio915RmMOorBOJzVAkCnN8UohPCKzXJjmZGJrJ/064dcsMCxwSxijCZOpkF4P0by+PMM3DXzTf5sc/3byn3U5OS4H/l5NUMe+guu/g0Uf+8LT8FhOnsNrSz78ADPvi6eYmti8oBViemXA5+qvvvohc8sX+6gvdk+rLicysPoWtH3xCvFlHTBnE+C1PSiELpxCeOLCs0RBwPIFXk4oqgRnM/knJ87xMZmmOV+h8NLer/PDihFFQjGuYJCCVXQoHlQcVIiUtEJhDeASpoQueYJnTO68ozG3kdMH9Af1CT0TAETpyfmV11vUzOgNkLOqjNnGYiMto42slaXZb1hZvcEgzRnFCg8dIg+VgVGFQqWFo1LIkfBECuEJWRxTa+QZ4gdgJsCUgMhsna9vXe2kW0DhzGxZl877gCbSdgtRmsdTVprnTnlKscQFrhXcg4msnyS0oVMegkSzZdRTmvmPzGvbUIMd2JE/r3nmYsuO/pGR+sHNUUpu8BYlP1H+w6slTYHY2poHmJ6WaauaHnpSVTe0ubKz8+6Q3157947koZbq0lyTMohfpoZWROqt9ctCIP0ASP+K6ADKgki+n3cX4QIR7DkO8CIW1nETq3KpXLRrP68y2axHYzaUhWU7PESCKqIZjyfAlpRkjeqFWJ3IBLxi7VSvaKmtnRQFrCHmNIcGgXuvxAsrCdgbBOvAcspREt9hxH1MU9/gtFWPzBl8/p6WHc1NjbTK7A1/Nk3tqJ0Z2HzHulsjHbPcdC6eUe9a8/YTT51fb3dWs0xtf1tZjk5WKv/i9fbeaEj/4osv/dzV0lwCc2wF8NkJVuZAW/gYhwOYSmCMc0f00zmkY3Wcjpbl6rBGh62wcfEUNOs0FgheD/AWUy5sIvfzuSzLynWcXu+iYJbId9iFVYA4D5v1DFEyIu7x+j7yLaLpW2EvbW2/CNu0M33rgH3jpOMXloUK2KeCGNLLAt2yXRuqDzatrrVU9U9vvI2PhGf2zA//6OXhV+/p3E0ffr2uNWfBydG598cry2P1ldUF+i8uPvzBHcI+ErhjfKBFJ8R/K/kS7TGW1RyNscawwW/x037ChrMgNxc0SziRiI/GJEiK5aM6g5N2EXUSI3e5KosIX2nb/oomM3okO0/YeH4ADF3XHvh+iavCS1Yyz+Q6B9XALhixsA2lmbQSxQZf+cdRpaa2b0X00IkNP7u9fnVE7ahs8I/ce8twUVVllV09RZVbZzbkWxWl8kNMQ0P+lY8OfTBstCSPz1zEFxnOjI+/rHFUBWqCIIMh0PDDoGGrsGY0cHpTjkNLa7/OOxwKE5rOvWO9ZKWQlbVy1stW2HRZTYyJNh0AN6GAbfd+XgE1Zh1CDh27w2Zz6e6RCKL4VBd5wa+LgJZTK+AUFQvzGvSbCpUmIyX3FCGAXBzpSVxBC8qX0CP8qpH213656qW7lu6d66evjZVtGejcUbdKXNgVW3674lhDm+8vn+5//w5+7Xd36TZ9q7e6Ec9dfd+Mw4+QtWIWqPv3osdREVrLc3KJVHI0JjWyOlC2CX/i0yCO5ThunDvLiVQ0RzRrdbqbuWw+O4/O+3o2REKU4zDH+ahRi4Yc6LO4XQPh/KehcYFZIaYh5kqst7b9YjgkHDSkouDrSzwNSzws9BU1MGfNRhdxXxATG8PU4CWVtaA4ubzIY5Rv8VjNWhUjq944umBWxaA+XOIo9thVl+j5155qiLmMsAoIpw1UX1gsUdvCJWt29XsV358W1Hn4xW0rEI1qk3X0u6DREKpDc9C/8PPrHZ1er1zql5bT0v3j5VhTnlvuL6dl5eV+TSfu5BGLjeCXNGwu62cvsROsyEWzrL8ZQxc0+oQPaazNdPN+3prlr6Vr9/tZr1zpbMsjYioASeTl5Tjq69saOVaP2xpzcrooWX6QKZx2j4iF6SESGcMIzW0ja4JCAy3ajMa54XsKBcGd8QHSCh6QHJSRArLiAgEVZ0KhGw6ZMjMpc962DtzEGYgX/UBmAm6oI0G3VyJ4SwgPU2vBde8phJMVZAVJYeJZzQ4szLV08C3Wi1OTDxaQUnIY4qTfPSXLzXvl1JxoW3ZD7PLKeyOrT+9aevS2uq52fzk/u7k1snSso3k6XnKtZVl/uLnYGJpXuThuDYcf+NqCu2Jqb3PV/tn0fIkid1XNU8eNVZVuD1u/tmXR1zotkb6m2uVefUsosri68MGF87bPKdAmz27b5Y31BLs3Vdx59aJnbvmCuYEF0ayyQiuxZNirME7wWVVoFR+liYSpfECYIEQQq/fR+QX5R2O6AiOHhSMUsi5VVhyNVaIIVo5aLFHkGg2k7TiQPjW4wXEJ7ioV6KSCnNQSlEP2riZTxpgFacGyM9XA064Nr2Fm9vaEK+bVFRg03mnJTV6nWWWfNT2f7/JJDAW+5AZi64Jj+zQKC9KsWs5W1r6qM7lzfq2LBRPXcQ0xLB69vymruc2XvCtW5bUq0pZPN2acHPHhc0AofxDFwFCtaD5faGaszNGY1Zjx5RpqcJjGGvodmtLQiyGhabyD0o9S8nRYIk/LQe73+V48z55H/r51fRfTvjozh42uMnryrJA4bkEIePvJZV6HWcVYgsV/qGaLw8nNotgLL3x+EUZf34Sf5Wf6zdIy2bWyeQ0u2IBiVAu6i4LueHL6p5u4QJ4PgZWQGshGqxqIwpJqzmwXGfPoAp5COkQpGYQ01qwgXeIvORqz+40a9dGYRlNTfTRWg3is1hqteSJUOFqe5qScaNQcSuuTQEqTmWPqM+ZwKp4VVIvDoYrycuEvHbGKxRIJNqVPpoU9mJfMAuNUzae1vJpzGK3RihK/TOouxE+XDFX8DnOh2YHkiM2qcBbf5szm7JVEMOtDXq0krW6qWCLzhX1RKwTcTnEwKONL307uqq8Fz0ZrDZrsUM3B4izlZUFoQVWWt6F8qsYFKeJ/AimaUIA3MhIx+HKYr/qjMQMyYhNGo6q0IFSpwKr2ujN234yHL4/v83/1yWBr4sX0adSP3uXnKaTEesh5kLCBYkiWJogiWUwQIkgaFlvs4VmdovKy8qOxDluZcfGxRYv6jsYWabAs39ckahA30A0HVGJWVjwaJdYAQycpTyZ3NNqtH9U4cMM7EMESk4VKB6lUQKXDsaQfNY92E35hU9edNiXyvwmkXTeYNJgCmd0+H3hLIUSBAlQbvpjexKTNPDx5SpXZ0whTnibhiDDxvzzJmZtM/Mky+nqZMF3wWnW0vbnWEb/T0to3UNkw0JAr13uKk7cRpyDT250lnvzG2XnXy+RGh7Mku6C51SNWGdzu5GaPw6Iks+zDatrJRKvd7MLFbc1e7+yty5M726o4s3LSY8xdW+/JYrm29tLk126s6RmOFZoU7qa2ouR9kajTqJcLVVMmakrDjB80HEW38dUlRAHFxKcWEeQjyJoVpSlMQVCPjQXH8vO9R2P5miKdJkDC3gBbPiqV1hQVGkadsPUkunCS70hYLW5z+jO6OJ/e+kwR/xRP6/iyOKdarCBOyXVfDOJn/CnnKtXb3QGvt6nLIziijF/6sFqhbuntKy2fW1dolBo8/ow4mm6dUZCtzW1rCSR3pwz+RmE8xbTyLmtp++o5yZ2NNfCAVLxMvwWRhQr2PS18LoI4cT+PTBIbbdsvYU2sArebdsg5JcwLeY4arPD7UKLeQRO7hUIa5qNPWOx9Uxb2YEA0GfuSNfrGtZgynP3N+pdH3vqnW15N7tqxtWHRNFvdcPOWu9g/XT78/torfzjy/jr8+Wv/XHfLvllfe6H3l2RFmJHsZBSgw3xUie7mC8mxHgTuduQp8cAGdz/vMZXbwrlhOnwAgnrzMYgMjsZMGueOYHpFCAobNZg/wWAVstjoylGNEOuToI9YhIZo0pyaVeRcOqVDW0an1yP/tM8xfnV5lKTmVnpDR6f2NWVsahM3LDP7AsmhvGKLlFGavcUfVas0Nc3t0/MPH4//5J6WzSFL9ZzYlq0fVM7ucOS8Uce7LeRkwFjQVEUvaK7Ot+lkRHu1EQ/7l08On19nxYv7h+q4V17Eu1wzZxQSCQ2BhDjQYw4Kol7ekyMYNLaXSAuVhXThAV5pMuXp9RD67tezFo2ZNVlHpcHMficYDHt3aFL7nfD5CHGwN9nqpNbNFNM37G4qzILZ4lIhrM9schguORTwmWXlfbfyh4+vf23n9FujTTGZuTgv+Z6lambZXfetXVs4LTLNpk52BuUWd2097qmeUfLnj458sC6bq2a/2DutMd8kp1/vWzY99+yPYH/jrPLXBFMzmi4GXr1oKZ9jslpgP24xkhMOzzG3RoOVSMpKKQMtFY0oyQqsY03NIiWtFLEyqbTAi3WjOemZnEOW1ZBWOLo440M+Eu/DcgpLaW37B1PifWF2ZsL7m05g8IcVi9Y0VvnXWcr9edPrrRCgJtdM8XEmuqG9UPy78mBhR1Mg+e3eRk524/QsJV/xLoLZKAfOguhR3uS31dpm2eif2DCysTYOZqTNk02+deKbdaZmP2zascij3KS8V0m5lWVKikZKVskrO5T9SpFMpMwuMUKcuJ83mkpEtGh/CWs7bLUWhvBhBPIZdTrD0tHCyUPc89qMF5uy0QVRLO7rSx3n9qWOcvtuJdufjJ6vn9lClBE2TU7yKSe81ES/KdpW0bHY07F02dra8iU7O7qeaF1iX9mX11jO5Xet7L2ltuc76+pv76PORxuzWutKoqW+opYlsVmrYzlWw+sL52hc0eIwX1bsaV7S0LmFV+lBTu6Jy9QLzDPgs+bzQTNLGzg97/E363mlplnPHjCbKLlGjJW0WMLLEQRY8k8kGr1BJsuRiBSjNv/5CFH6W+TAKpTa5RGtR2rbr73l88H+lhxXk3elRodReKEmnFAI8xq2e+5Qjcug2Isbkj9iiyqL8pucxdO3x+6682F6TJpfu7j3L0uTDQPr67IcueWNNY88RflgvDMmLjNu+jnYqy7jndnHsrLsR2NZRti1uiS05ADvMumLcBFEO1hjGuVylJnDNqWyhBrNF2YpxAL5JPTIJx4q9UKKvKARXkjd5DxCnx536hUFOci8fjKRPm8T3gjOwNm6vPoqT9M8t1itd3lxtthQWP5BtVgz50Bb76YqlbuGfi5Jb9xaU5jT2hLEt0VSLwSvzW2Ppc8iFnQ1P3A33tpV6yafv+on/szIgdNcNMTzsoAeQqkAOZGWsOSYTCpgCK4ItphYfQ45nj4aE6m0JrsIafRq0FF9Tg5ntchkDg5MrtqfOjkkR+/nkOX6WS1ZW7HwxdLkybS+vPyrJ9N/U+LRq9R/d9rAFkfxJm9hYXby6U3JT7McXlBIUGHg7PZp3qQYfxCosRcWwZopdUznr9mpj9ojWVLibbInvhAXAUdu9ALPqllhyQDEEiQczWYDYeAAaQlSC+sJQSxBwncZWiIBA0uwVsDCfdUaK5RyBGtT2OCmsRHpNHJ7Di0caDAqS5ZTJNW48wyGbD2FtVq9DqZvdrZX6gcjEM6vb3qSHZ56lu1LfdiFU+fadOrV3eS59lSxCQfbOcnPd18254Ix7K4qUCq/ifH9byfUuuJy3AeG67Am39lJfXSNpX7XPC2bBFxeL5EgRYuvfo7/4GnMKSwhbzE02dX8NQ7kZ0i2CBZRAhZRo7BoTc0fKP6koCQ8UEjCSjgJLaMlCh4WeMXf8EwWh1iT0VtI3pBDIGbWSA9LJCYWcVyBKcUwTN2LqHaS03DqLAFm8Wny7r+PRB/Ca6SMR6rA6ZeVN7ESSloxtG1eRWOPMs+Z4w83+pIX7A6PFx/we3Qq9YmXtXp/VcpqOu94dKbqpQLOXLmhh/p0RlUO+G+F0WGzV3mTCnwuvyHbl7Eesq+YDWvUHODagL7JGzTyXDmFDKyBktGcTNVMqykVmeMFQKtECqFGY1AjOSunrLRcRKlp9X6eUhC/rdDIDssZYkW5ZEuiIkalkqvktOEwEgwMmQSTU9P+cCoS00UifvAPPjbtz/1TPuhhXwJHl3ov51vU10deZjrKsMMJG0SX1mHEDiIves7VJJWX/DRUVWqZT/352j9jSWmpJ8+KncnfBumqvK7pmA1d/TnrausETi3Jj3EDugARpIvXiU+Mq3jClViioo4rFBq1sLC89FII+X22jyF0EiIkiZcsFF5cpg6sWFgeLjFILjTFmjasb6wOtC9paWshElwDqAL6pZGZl9OJEQo/TVEiJrVQ+W0XSRjmKsMVr164cIG0X42fp6LUQmjv4HUUpqlneYSxkcaMCKP8KiKI9BddQhTjoKLJAD6Ln3+MfH8O2npNtBTZEM/n6kxGo1kqlkllj8SkZsaM1CaTTCxGMjSmVmfZUwyxL/i1Yb/w0ZR/8gQrTA6qpm6WhLcZXhwWG6kfqBw1i9qvZa9dHDJn2blN84vwmxViLKqa5jYqqBkzRFpnTRPty3fXV7Vjc/8xGNWDEA28KrzDHeFjKqXb43HT7kd5D2PyPJof0NiwlrbBkHOKTTm0NQciBj1TTOPixxhGKfV4CgN7EbJJ9xQW2nR7HI6Qfa/t+nvbNAjffIXSa34odd5m8Qvf0KAb3nnry4TlPKU8I2xU0u8tUnNMeFvhSn0GRzh+csOri9YdWxC7fUn1uu6ypWf3z/v5nM2u9YN3jyaOLdh5asGmdYs2ZTFVP64ob9rRO/eu/hKZoqxrY+uGZ4e83JtDi/bufujRbmn32Ly1m5etgNgWbJxxiBYCq060JPWNVYB8Y6WRyiUieZYoi856jNeJRFKbBdocidk4Ka0hLynuy+IcUkYkyrNL/GHho4ZPQ8+TYC88RWeT3w6lPugAswI+ymBWhNOfT0lc6XAfrKa0vMKFKaamUHXtTWrGA8aqkEPdprwsfM2wMvkJ3ilm5Mktwvv6Q630+qtPaX3B1w6lvl3AE1cW/WHata8BR3dDPCAHzVpRMUQwRTkisVgrk0GE9zgvk1k9Vkxj3spoPbTnUa1e5LKC21bd7/P5XXsMkyFb+PoHe2fS339dfwMvnHDBVktivq43l5PSlurK8yowme5iSfpIVNAa/cCjn3yTk3c9tXjdkx3x1x/5zTvDr2H268mJYG+HRymWi0fubl1Wa98qKgneM4ESTLRy8JnNd//8Vsxi2Qlc/vtR6bVVpkJOodRX1v/k5dLe25sfhjjz/wCsgwciCmVuZHN0cmVhbQplbmRvYmoKMjUgMCBvYmoKPDwvVHlwZSAvRm9udERlc2NyaXB0b3IKL0ZvbnROYW1lIC9DQUFBQUErQ2FtYnJpYQovRmxhZ3MgNAovQXNjZW50IDc3Ny44MzIwMwovRGVzY2VudCAtMjIyLjE2Nzk3Ci9TdGVtViA1My4yMjI2NTYKL0NhcEhlaWdodCA2NjYuNTAzOTEKL0l0YWxpY0FuZ2xlIDAKL0ZvbnRCQm94IFstMTguNTU0Njg4IC0yMTguMjYxNzIgOTU2LjA1NDY5IDg5MS4xMTMyOF0KL0ZvbnRGaWxlMiAyNCAwIFI+PgplbmRvYmoKMjYgMCBvYmoKPDwvVHlwZSAvRm9udAovRm9udERlc2NyaXB0b3IgMjUgMCBSCi9CYXNlRm9udCAvQ0FBQUFBK0NhbWJyaWEKL1N1YnR5cGUgL0NJREZvbnRUeXBlMgovQ0lEVG9HSURNYXAgL0lkZW50aXR5Ci9DSURTeXN0ZW1JbmZvIDw8L1JlZ2lzdHJ5IChBZG9iZSkKL09yZGVyaW5nIChJZGVudGl0eSkKL1N1cHBsZW1lbnQgMD4+Ci9XIFswIFs2NTguMjAzMTMgMCAwIDIyMC4yMTQ4NCA2MjMuMDQ2ODggMCA1NjIuNSA2NjEuNjIxMDkgNTc1LjE5NTMxIDAgNjEwLjgzOTg0IDY4Ni41MjM0NCAzMjQuMjE4NzUgMCAwIDAgODE1LjQyOTY5IDY4MC42NjQwNiAwIDAgMCA2MjEuMDkzNzUgNDk2LjA5Mzc1IDU5Mi43NzM0NCAwIDYwMy41MTU2MyA5MjEuMzg2NzJdIDYxIFs0ODguMjgxMjUgNTQ3LjM2MzI4IDQ0MC45MTc5NyA1NTQuNjg3NSA0ODcuNzkyOTcgMzAyLjczNDM4IDQ5NC4xNDA2MyA1NTEuNzU3ODEgMjc3LjgzMjAzIDAgNTI0LjQxNDA2IDI3MS40ODQzOCA4MzIuMDMxMjUgNTU4LjEwNTQ3IDUzMC43NjE3MiA1NTYuMTUyMzQgNTQ2Ljg3NSA0MTMuNTc0MjIgNDI5LjY4NzUgMzM4LjM3ODkxIDU1Mi4yNDYwOSA1MDMuOTA2MjUgNzc0LjQxNDA2IDAgNTAzLjkwNjI1IDQ1NC41ODk4NF0gMTM1IDEzOCAyMDUuMDc4MTMgMTM5IFszMzIuMDMxMjVdIDE4OCAxOTMgNTUzLjcxMDk0XQovRFcgMD4+CmVuZG9iagoyNyAwIG9iago8PC9GaWx0ZXIgL0ZsYXRlRGVjb2RlCi9MZW5ndGggMzM3Pj4gc3RyZWFtCnicXZLJboMwEIbvPIWP6SHCZk0khBRIInHootI+ALGHFKkYy5ADb18zQxKplgB9M/PPwtgvq2Olu4n5H3aQNUys7bSyMA43K4Fd4NppTwRMdXJaCd+yb4znO3E9jxP0lW4HL8sY8z+dd5zszDYHNVzgxfPfrQLb6SvbfJe14/pmzC/0oCfGvTxnClqX6bUxb00PzEfZtlLO303z1mmeEV+zARYgC+pGDgpG00iwjb6Cl3F3cpad3ck90OqfPyXVpZU/jcXo0EVzHvAcKUKKBNIuJV9JdCA6ERVER6SiRApJVwqiBDtYa+3vlZ+NJhjGd1QzpA6oCqeEUYpGwZEE5Y2opojJSE3GARn3ZKQscYLG8Eg6EiTUZLTqaP6kQGMc33XLJ93TcCek4kxThetUNMfyi5er8NifvFnrVof3BXe2bKvT8LhSZjCLann+ACsnrjgKZW5kc3RyZWFtCmVuZG9iago3IDAgb2JqCjw8L1R5cGUgL0ZvbnQKL1N1YnR5cGUgL1R5cGUwCi9CYXNlRm9udCAvQ0FBQUFBK0NhbWJyaWEKL0VuY29kaW5nIC9JZGVudGl0eS1ICi9EZXNjZW5kYW50Rm9udHMgWzI2IDAgUl0KL1RvVW5pY29kZSAyNyAwIFI+PgplbmRvYmoKMjggMCBvYmoKPDwvTGVuZ3RoMSAyODI3MgovRmlsdGVyIC9GbGF0ZURlY29kZQovTGVuZ3RoIDE1OTUxPj4gc3RyZWFtCnic7bwJeFRF1j98qu7te/ve3m7va9KddLoT0oFAFkIgkgYSQCP7YoKJhCWyy47gGkaRxY1xxg2dAZdR1HFoQsSAOjBuM24D4zo6Iqi4izAOwyia9P9UdXdIxuX1/3zP+33PfM/cm/rVqeXWeurUqVMNQADAjiBC/1E1tSNpM50CQD0YO3HU+HGTLs27aycmGjH8/KhJU4arv5evAyAJDPcfN6m4ZLXrUS/mX4jh5qk1Y+rH3zT/nwB9AgDWX85aNGMJ7RTLMf1FTL961qoVobsCb3wGIG8GkCZfuGTOohfXNGwBMB3F8EVzZixfAh5QsPwqzK/NWbjmwskf3Ir1D8b6Sn8/d/ai1f5/WH0AjskAin5uy4zZRxzPYnnkCOYfOBcjbKVKFMPYRsibu2jF6ou+UM/GsrE9ZMXCxbNmvL38WC2AMB7TH180Y/USXYepFdPOxXDoohmLWtzNAw5hf/+KcTVLFi9fkSyEW5Bm/QstWdayJPL6mH0AWY0Aht9jnAB6oGAFkkwizcayCb6EKvgVyBivQTFMxdJ+i3l1GBaAP8l8Vub3PPi9PLRrLIzQ4PSO05doPKbX08RjVOiHr27GshkzITRrzbKFEJqzrGUBhOa2zFwGoYUzVlwEoTNlgs67RX3H+cR0S9U/9X49j777/fxC5r8wfsju0zs652igZ3OsdNfIfGOapmBIxwm8l1F8CfTBl2APixEHQgViDb4ERsK5iGNhEuIUaEBsxJeVJwgbyGYcCb1ui64Ui/OnfOEvcCG16XXUIImUPSIf2R7PmHFjx0Ec+7RN90rXBFIqDyVtcTboSRzdqO4xNjsg8pamvnSkZ8OBsUvQ9+BcsLkKwQjevskwA+ZhyipYA9tYKd0pkzBlFiyAZamU5Pvf8876zrz8bz0PsZdYe7wzer6CWbjxh17dQN1AqVFeoF+iFKh1hgpjtjHbdKd5nOWk9nfrt7avbF/Z1znvc53vrvGsYa/3cJq3huNsCZyrilJcxfnJwccXcKwIjvIZmvSgcewXtCzDvD0RUrzE8lGcAcKdjX8lYk1jIQ+yeaqAnFQBZyN9dvJv2A4BsSaZBSPRjUZ3brIdJqI/Bf2p6Nej35i8kfEkUhXJuRhqx68r8Dv2yDCNcYGI8gTmQ2uaJljyqjRNwQxz07SA/FWQpsUeeXTgw1wpWkIKYBjyxjzkkoUwBvloKrRgeDnGLAa26spxZQ6A/pg+hscshhXISUswVwj7tgjj52DeixBD0BfdmdJCMBFzzYGVSM/A2N6hM/kewJwlWMMAfEPYgrm87O/WNgJDy5BmOAPjUy3sx+tcmK5vHtYwF9OWp2tfznuzCnE29JN6sDmt/H+J43/Co/sjXJihxfdh+/flEZf/gIxl30+FRvyu//9tvVjmOdwHGI/0SHR1OC529IejW0/+CBvS6RuQvkp6ENazeHQ1zGdp9EFYh+nV+F0exl2FtK+7fIAc3V7wovPp7gevGEW5BcmP0H3M/K55yY9ZOvPpp/hBR9oBjsHDZB48DPvgSXICv9oBe6Ad/gRulMh3wmXwS6xdwvXwJ9iI8zwRuboGfkm8uF6K4S7k7rvgJcx7HlwBe8FFPMlP4EpYJ7yCX60DE+Qix4xH7rmenJtciWv2sHgVrtRzkZuWkNZkffKG5E3Je+E3sEf4U7IT9wofStBZ8FLyC91fk28jlzfCzXA7HCY3KY/gKjsP1+Ie4VfIZ1uEJpEk5yRPYwty4GJsg4h8/BLZT2NYegt8RDzkMmEElnJPMpF8GnMFcAecC1tgLykno2iOrjE5JvkSuLCO1Vjq7dAGu/HtgCfgLWLUnUjemzwBXijClXcljsefyX6hq3NtVzVjAhylPlCJKYvh9/BHOEjC5A90sc6oK9HFdZckX0XJNQD3r/PgfvzyQ/IvegW+VwrPiiOTw1EOrIOfs9GGZ+Bd4iPFZByZSvvQxfTXwjKUcEV8dc7G9bURbsPS3yExspsa6QHhHvEh8Rspq+tI0owzEoU7UFf4AzFhT0NkOfkZeZ28T0fQ6fQO+p7wS/EB8WV5Bvb6ApQc1+Ne8C9iI4PIBHI+mUsuI+vJz8nt5CVykHxMh9HJdAE9LswVlgpPiMPxnSQuF6/SXaO7Vvq4q77r6a6/dP0rWZK8BiYgP6zF1t8Mv8ae7YED8Ca+h+E9oiMGYsY3RHLIFHIpvleQ68ndZDt5gLRjLQfJe+QT8iX5J/mGovCkEvXTHJqLb5guoxfTX9I76QF8D9LP6deCW8gVYkK5UCU0CIuxVeuFzfg+Irwr+sQDYhLHuUR3i26rbrvuId2TuhOSUf6ZHvQvfntPZ2HnO13QtaHrlq62rvbku+DEOfThKARRs5qAsmwGyvPVuL5/g3z+CjHi2PlIIRlKzsWRmU7mk6VkNY7k1WQL+Q1v++/I4zhKb5Dj2GYTDfA296PldDgdh+8FtIUupZvpTbSdvk5PC7JgECyCUygURglNQouwQlgj3CIkhBeFQ8J7winhW3yToioGxVwxKsbEUeJ0caX4a/Ej8SNdo+4F3QeSKi2SrpE6pL/LA+Wh8nh5gtwk3yjvll/VNyN3PgWPwKM95Qo5IqwVaoVH4AZaKnrpn+mfkZ+nw2xhDEVOpdvJBno5aad5utXSEDqEjIUTYhTH+lm6lZ6iQ4QxpI5Mgvl0QKo0ySE+iF6V+BQcEx/Hvv0ZS14tGckV9LhkhDbCZTl5RugvxoQX4C3hMJHFu+Bvokrc5Bi9XxiPXPCEOFRXDznCnfA7YSm5HB6hqDWr3+ivQz4eS1CuwWRSQr4SUOulY5GLKoT34SpYQP8Kx3Adb4BbyWxxDtwApeQy+Ajuw1XRR3eRVCg5yXN0nriJ2kk7UPEBtq+QPCLoHHA1aRK2SMfpm7jjHRBVeEf4Lbb+AP2dMEY8oZtI5uIKuByugaXJtbBGVy++TOaAQKZCRDyC0u0yoUTMQf9KlCqNKNN24+rei3JgmDAGYzzIOeciX0xBCbEF39tQTojIQfNwjZ+HUuzP0C5Nph0wR2cmKHVQEr/QNRGmJe+D25Nz4KLkTdAX5cH65GVY4nb4AG6E7WRd16W4t2bjynmHnKsbSQ/oRib70k30TTqJ3tJ7fnG0I8QDn+L7OwwMRX11k/gGaprVyeuSryF3F6CEvR1m4u5yFHv5BdYwWtgPpV1j6c7kSGEJ9vcwTEjenwwSFeYmF8I4eBx+I+tghhzDOU6Ql7G/l0ILnZhcIbR0zcNxuBFHIY6jtRLlz8b4iCmTh8Wrh55VNWRw5aCK8rLSkgH9i/v1LYoV9inIj0bywrk5oWB2VsDv83rcLqfDbrNqFrPJaFAVvSzpRIESKKoNj2wOJaLNCTEaHj26LwuHZ2DEjB4RzYkQRo3snScRaubZQr1zxjHnhf+WM57KGe/OSbRQFVT1LQrVhkOJl2rCoQ4ybUI90tfXhBtCiWOcHsPpzZw2IZ2Tgx+Eaj1za0IJ0hyqTYxcNXdTbXMNFrfToI4Ij2hR+xbBTtWApAGphDu8ZCdxDyWcoO7awTtRUzVhoxK+cE1twhuuYS1ICJHaGbMT4yfU19b4c3Ia+hYlyIhZ4ZkJCA9PWGI8C4zg1SSkEQmZVxOax3oD14Z2Fu3fdF2HBjObY8bZ4dkzGusTwowGVoc1hvXWJNyXHPWcCWLhthH163um+oVNtZ55IRbctGl9KLFtQn3P1ByGDQ1YBn5LIyObN43Eqq/DQaybFMLa6LqG+gRZh1WGWE9Yr1L9awnXspjm+aGEEh4enrtpfjNOjW9TAiauyWnz+eJ7kkfAVxvaNLk+nJOo9ocbZtQEdjpg08Q1u7zxkLd3St+inZo1NbA7zZY0YTT1JFq60zjFszOqbmL3yBLWovDZyBCJ0KwQtqQ+jH0axKBlEGyaNQiz4dNA8KvEbJyReQllRPMmbTCLZ98ndBEtHNr0T0AOCB/7vHfMjHSMFNH+CYxkfNLNapieoROxWKKwkLGIPALnFNs4lIfL+xat6qDh8BIthB4OH4zHsZ3RMLgYhz8nh03wtR1xmImBROuE+lQ4BDP9bRAvjjUkaDNL2Z9JcU5hKa2ZlO7Pm8PIye1cC3cm9NHuP4vmstfOHZwgrh9Jbkml100K102YVh+q3dScHtu6yb1CqfRB3WlpKmEfUS/4aZqifoGnIlM2dmdmgXpjQozgn8SZenaHrEeu5DEkNDKhNY9OYYOak/MTP+pInmBfce/MZ+lmJgbHeoeH9Ar3ap5xk4ANxq2ybvK0TZvUXmnIaqkKz057yPEwuT4nNCIBU3BlRvCvI7l/EHMN/kQch2wEy4D8l4pKB3tl9KfpBnwYd/YtGomCbtOmkeHQyE3Nm2Z0JFtnhkNaeNMe+iR9ctOS2uYM43Qk917rT4y8rgHHai4ZjIuCwvCdYbJhws442TBpWv0eDSC0YXJ9GyV0RPPwhp15mFa/JwQQ57GUxbJIFgixANQR7GQb1fP8/j1xgFaeKvIIHp7VQYDH6TNxBGZ10FSclomjGCem4uI8jj1MxoyYXN+Te/iSbOjLNzxmP2w26PX/Zsf5/kdGpSWluqTDUs9UCSRJEiWJgo7qkQRREhAx3mhQflL5Cq8CMgh6uXftkiwL+AeSYJBlGUQM6dgBwWRQIWXd+B/L1/csX/m38uV0+XKmfJGVL4PFZPhJ5Rt4FZCpBVSlZyrqzHq9qNez8k1Igg5DMitfMxl/UvlGZvVJd4TX16t8BfSKIip6EfRYvqKcKd9qMrFh+n9cvqIoOqyClY8kSHqRjaACds38k8o3ZyyVKSslmIw9U1VQDQbJoIqgiBqSIKk6NoIKODWtm+d+7LFgkZmO8Pp6lW8Eg8EoGQw6UEXNYDSAjLUZWGM8Dls3T/zYY+VVQKYWYN0+85jAaDbJZrMOjJLDbDKD3iibDaxev8vRzRM/9jh4FZCpBWxa796ZLRbZYpHALLksFgsoZr3FxEY1y+v6SeU7schUw1Nhu71nqgYWTdNrmgxm2avhkKsWvWZi/Qr5Pd088WOPm3cBMrWAs1f5VtCsVtVqQ36X/TarFQyaYrOwfuX4vT+pfM+/le9y9i7farOqtkz5NjBY0+VHgoEMZ//o4+ddAD5Q7PG6e6Y6wO50qE6nDHY56HQ6wWhTnVZWb2Fe6IwN/kee7IwNKV1uwNcz1Q1Ot9vkdqvgVPPcbjeYHUZEbEy/aLib537sycEiOZEuNxjomeoDt89n9vlUcKtRn88HFrfJ52b1lhRE+eL8n548LDLV8HR9wZ6pAfAGAuZAwAheY0EgEACr1xzAifXCwL59unn6x5583gXgA8Xry+mZmg3+7GxLdpYJ/Ka+WdnZYPNbsvxs1gYPKOrm6R97CgHCnAil68vrmRqCrFBIC4VMkG0aEAqFwJ6lhbJY+SMqS3Cx/M/l9wfow4lIKty3T8/UCORGIvZIxAK5lspIJAKuXHskh3W5rnpQN8/92DMQoF+mI+wp6du7d9HCQmdhoRWi1urCwkLwRp2FEVbvpFFDu3nux54qgFJOpGqBirKeqf2gsF8/T79+NojZRvXr1w8Che5+fdisNY6p7WEd/eFnOMAgTqRqgbN62apLoV9pqb+s1AHFjjGlpaUQ7OcrxR72hdmT67p57see0VgkJ1K1wIihPVMHQcmgQVkVg1xQ4po8aNAgyCkJDBoAMAD2wGShYFfUEzz4uNAHjqCjQp+2WFZwj5AvZLUNCcY7hPAum7PEMqyvEGJ3aRxDiIvR7UC3T2D3WtMFdkOiIV6JrhXdDnT70B1EhzsYIksNoVuMbiu6IyxFyBICbaGgNixf8OK3XtTlLIIbjqNLohMgiFiMbhy66ehuRLcVncTzsZjF6K5Etw/dCZ4SF9xtN5Vi291t13Jv1/yFJTw4IxVsbOLBXec1pPwxE1J+zdmpbINT2QaUpaL7DU/5+UUp3xYpaWW+airZP8wluLCTLmz4EkRCnwYLISgutglOSKCjgpSOiQu2XXnRkq37BBGIQAUCsyGY3C+QNpO1ZJhKk/Q4Cvgg/YIeS6XQY7vM1pKtw86h78EOdPvQCfQ9fN+l78KV9Agbc8RqdFvR7UN3AN1xdBI9gu9hfN+h74CFHoJidNXopqPbim4fuuPoZHoIUaNvs3MaR0ZXo6P0bUSN/g279TdEC30LqbfoW9i0V9oqKkv2cCJWnCaCkTTh9qcJm6ukg77c9nUf5KgozjRy1GNCLgyFUiG3LTIg2CF42qrmBTvo+7tCseC2Yf3pq5BAR7Elr2LNr0II3Xh0zeiWoJOQeh2p16EV3WZ029Al0CGXIWroQvR5dC+iex36o4ujG49OTw+2YTUd9EBbdHhwmIv+mf4RxUOQvkT/xP0X6bPcf4E+w/3n0M9G/3n6bFt2EIYZMB3wGw19Df1iTNfRP+zKswWTw6x0H45dELEYXTW6ceimo7sRnUT30dy22UEbFvIYPI9KS5C2wSfcvw/u1kN8fjAeHYEMGGIQHXwWUghbQ1ujNB695XYMMojecBNSDKJXX4cUg+gla5FiEF24CikG0dnzkWIQnTYdKQbRcZORQuigv340Lz9YMW4BCQ2z0ItxlC7GUboYR+liEOnF7IWvRda2O9oKC3HEtsRjfQqDrXtJ6+OkdSJpvZu0tpDWK0jrWtJaRVovIK0x0hogrdmkNU5aHyODcChaSby9V7Ay7iGtz5PWh0nrctIaJa0R0ppHWkOkIt5Bc9rOLuVeLfd2DWOLDv2zhqL0sdAcHNEc5PkclAn7EA+gS/JQHDOFclOZvdnMz91VWJ0K9xtcsnjYaPoUfvgUTsNTcBidiBP0FLLRU1jIU1iABbEa3XR0+9EdR5dEJ2HuXGz4jRwtiMXoqtFNR3cluuPoJN6c4+goLE43cQdvWHG60eNYiD6FL7uIyKE58SwtoMW00cKNAWLJJuOyk9m0Alyoy4LNqrd2ENPuf5m++pcJlGEKvYHeCFk4EZvT/o1tX2cFO8htbdHHgsOc5FbIFpHrSCVESQT9QbCch8shoGd+GQToQ+iXtAWm4meWtmhRcC8xs692B78OHA1+EuigSH4ceCz4RqhDJG3B1zDmod3BVwMbg88Vd+gx5vFoB0Fvb4hn3RMYFHz4eZ51LSZsaQtewbzdwcsDo4ILAjyhJZVwwXIMxS3BidFpwdFYXk1gZjC+HMvcHawOXBCsSuUqZ9/sDvbHJsRSZCE2tk+AVxrO5gVOqeggc+NF8i1yvTxOHiiXyEVyjhyUs2S/7NDb9JrerDfqVTxe4ulMT/HM6ehIHonH2L2+Q+I/VJFEfsnPaY0C/5kAv/qnRE/hHEjYhTpaN2k4qUvsnwV1M0OJU5PCHUSdMC2hCw8nCVsd1E0enhgUq+uQkxMTFbG6hDz+/PqdhNzQgLEJuqGDwOT6DpJkUev8zD66Bwixrrvez/yCddc3NIDHtaraU20baq0cWfM90JzG2JnH04vOStxSN6k+8WBWQ6KEEcmshrrEL5gBdQ/5kpyordlD/s68hvo9wlDyZe1EFi8MrWloqOsgU3k+CJG/Yz7kmL/zfHrcmFk+COmzU/m2pPJF8HvMl8c8zIdH3wjPF1EUnk8kLN/O5Xm1NTvz8ngedwiW8zzL3aGeeZ6PYJ5IhOdxtcLzPM/zrlaWJzGUZwkEMEt2gGchPgjwLAHi41mmnslSnM6ysTvLRl6TQM7kCaTymI5k8piOYJ7YT31ahsdiZNeQhlmNzPjcHK5tQdecuHbVXE+idWYotHNWQ9oqHW2eOWsu82e0JBrCLTWJWeGa0M4hjd+T3MiSh4RrdkJj7eT6nY3xlpq2IfEhteEZNQ27Ro0vq+hV18buusrGf09h41lhZayuURXfk1zBkkexuipYXRWsrlHxUbwu4Dw+vn6nHoY3jGhM+buoQUV+bfbnNAx3aUuGcuYdkuO5wr8XtZXtYIg1JIzh4QkTOpbUd1jfYSwJ1xRLMrMbhnSS54ohOf69ZHs6ScNoa3g4xFasXL4SPLXzalJ/y/HBqBUr2YCnMLb8hx5Mq03EZ9QsXwFQlyicVJeonjCtfqcsY2wz61JicCbOYKjtSO5PRfbDyMEsUhC6M7K4KhanKOmM353/lWl/BFsFrfSxXSSeTVbA8gYhkV03maIomJw25e5FXYptD8sbsIPLSYwsz5SRbnYsBqkwsD5n3IqVaSo9FivSfupL/GR5Zki6HzZYse4RW4EFskcAgbBHJwiEoprp0X1u2A9f6ZPM7JbsYsarZCczMfHfPRgQjWBENIEJ0czRAmZEDSyIVsRvUQ21ItrBhojHf0Qn4jfgAgciHtgRPYin8ZDrRtoHXqT94EMMcMwCP2I2BJJfo+rLEI+ZiDmo2H4NuRBCDCN+hYfrHEQ8JCJGEf+FB6swYgHkIfaBKGIhxxjkJ09BERQg9uWIRzPEYogh9oe+iAMQ/wkl0A+xFIoRy6B/8iSUcxwIAxAroBRxEJQl/wGVHAdDOeIQjlUwEPEsqEAcCoMQq6Ey+SXEYTDiMBiCOByqEEcg/h1q4CzEWhiKOBKqkydgFMQRR8MwxLNhOOI5HOtgBOK5UIM4BkYmj8NYjuNgFOJ4GI04Ac5OfgETOU6CcxAnQ13yGEyBMYhTOZ4HYxHrYVzyc2iA8YjTEI/B+TAB6UaYhNgEkxEv4DgdpiQ/g2aYijgDzkOcifgpzIIGxNkwDbEFzke8EBqTn8AcjnOhCXEeXJD8GOZDM9ILOC6EGYiLYCbGXwSzEBdzXAKzkx/BUmhBXAZzEJdzXAFzkx/CSpiHuArmI16M+AGshgWIa2AR4iVwEeKlHC+DxYiXwxLEK2Bp8ihcybEVliOuhRWIP4OVSXafvwrxao7r4OLke3ANrEZcD2sQN8AliBvh0uS7sAkuQ7wWLseY6xDfhevhCsQb4ErEG2Et4mbEI/Bz+BniTXAV4i/g6uRh+CXHm2Ed4i2wHvFW2ICptyEehtthI+IW2JR8B+6AaxHvhOsQf8Xx13AD4la4EXEbbEa8C/EQ3A0/R7wHbkK8F36B+Bv4ZfJtuA9uTv4N7odbELfDrYgPcHwQbkN8CG5H/C3cgfgwx9/BnYg74FeICfg14k7Et6ANtiLugm2I7XB38k14BO5J/hV2c3wU7kXsgN8g7oH7EPdyfAy2Iz4ODyTfgCfgQcTfc9wHDyHuh98i/gEeRnwSfof4FOxIvg5PQwLxGdiZfA2e5fhHaEP8E+xKvgrPQTvi8/AI4guwG/FFeBTxJehA/DPsQTzA8SDsRfwLPI74MjyRfAVeQXwZXoXfI74G+xBfh/3Jv8AbHP8KTyK+CU8hvgVPI/6N49vwDOIheBbxHfhj8iAc5ngEnksegHfhecT34AXE9zkehRcRP4CXED+EPyN+BAeTf4aPOX4Cf0H8FF5OvgSfwSuIn3M8Bq8ifgGvJ1+E4/AG4gmOf4e/In4JbyL+A95CPMnxn/B28gU4BYcQ/wXvIH6F+Dx8DYcRT8MRxG/gXcRvOXbC+8nnoAuOIibhA8T/yvT/fZn+9/9wmf7ZT5bpn/yATP/kOzL94x+Q6R99R6Z/+BNk+tFumb6sl0x//wdk+vtcpr//HZn+Hpfp7/WQ6e9xmf4el+nv9ZDp735Hph/hMv0Il+lH/gNl+pv/H8n0V/8r0/8r0//jZPp/up7+nyvTf0hP/69M/69M/36Z/qf/H8h0AhcmP9Kt0r2CsvX4I7Po/CxKOpIftxsM0hQczI/j0xkVghLTLFyLK7Ja4eqszbBF95DwG9Meod30R9NBOJr1jyyr2ZZlzcoSCqUCa2EgFBxlmuo4zznVO1e3IOtS27W2LcLt5i2B7eReut36mtmO8t+nOTSfSDuS77QVVGKd++O1BZWaBYjot2cbBX+2qGhRyzkQDRFCfEE3NRqHT3GbDQZE1WhCjIb0RG9kpN7IWqn3Zs9q9MTGaidjsaYxx2IxJE8hcfIYVB+rPmZ1Vw7oTzCpaSk0xWJkGXFLYjg3j5aX2fJKS0S3HI2GcyXqdNhcpSUDxfYnz+p66oNjXW/csYOMePJtUjRkX+mTv3jg/cZFH15zz3uUDjj+zR/IRS9/QKbsPPJC32033d11/OePdX2y6XFmpt8OIK7T7cWd8u74WZIuW6+/USayDIKYTQkFvXxniIYMlPoMosJ7pvCeKbxnSojwm2tNo2wSTrVbLGnCZOLE6bjBaETKmJ6mrnajkRMn4qrJhFSTOiQzEvxpqhrTiV4VH5CjUF1d1VllqyxuqtI6qwb0L7XmOHO42y4c+vYDmugcr9v7cNfghzsvZH25BftSiH3Rwc/iRkJFIVsH+pBIxA56fzxHpgLvgMA7IPAOCP9jB9p5+1lMuuVfZVousZZrpzLt5s3WPmwC1uRq1lbW2luepC/r9p7+x8OsfY3Jj8TPkIP702f24Gb+FVYyfEq0I01EWNluRnk01k4vRx9HU4rVh08xZghDhghkCD9bBWfxvnkYUo6E4yxhlrhcWCGKkfxyoTIwQjhbPjerNliTNzJ/ktAgN2adV7DRbg53JL9sZ0ORlyEiGSKaIfIzRJiPUipziohkiGiGwMyn4iMZVWCK5tE8IT8y0FIWronUFk8LTQ1PiSw0zDctMF/oaPGsMVxiusRyubYyb3nkGmGTYaNpk+V6bV3eVZGbTLdYbnFm75TYD0/jfXOiNn/Up0T7kChAH59NLBkQxf2bgqnvGv9GP/VHXKa+2fkREtG5dB3Jk3Ejmzhddl8lO9sl8AUWs9oqm9ClvSZitbkri4+lXn+8byTPbDLocgJZ2X69LIkClUgkLxfjcH34+/rijCVu9BHfMRf05QLBxmI0EiLjSTNZQjYTiXSQRNzcl1XJqsYWn6NgY9r5CmJDyBdRmpuQikIf0qcj+Wm72Uyn9GHNDrIy+/hKcozsmxzOtDl6lhlHgERtHcnPeWZbhlttrDQL+8o2mTG1d8Cs8/nSwoWEvHlMSwuajMxJSxutsyl2lMFJNgooe3BEKgmSDQP6Q9PSM5Zy0jPAze/2imyKAmhgeVk0P5qXH42Wlw0cWFricqUllNPhdolul8vpkCSUX9HGR03T/3T54gcnjW8c0rVwwrw5V3z5y3u+vka31/LwA4m7KgeRN+tbL7nmm1/9sesft5M3tIuuP2/48praOWH3jFjFPS2L/zB73otrzdfesPb8caWlCwqGPLJq5YHlKz5hK6s/rvy9uPJleCfulfgylzlKMhs3mSNO1dd83HEVfx23MkrSMSkgc8Tkb9oZgcnfxK2M0tFsnH3g/xhG6aDLd3FhQsijUojQYoEISD9CuAhhi8/AxYg+LUO+zIiO9zLC5NuMDOlq5yKElajffXtPKYKzhaLuaNOHWpVWlRJ/fC/IPCj9ypn8o/auLHFTl19nevjh0/9A7j8n+bEYEIfiuaGCbo8XKSal0GvyFfYxFRZWmgY6K/yDC88ubDI1Fc43zSts7r/JdE2fLa47fA+YnAWZbTSf9cHLqPu8Dxbs9j5W8LT3QMHLzkMF+hoXyWZMaWUdsNn4iuLrqpxdB49jVNAd9MSKCssqxcqis8XRRVP1DbEL9fNiq4zrjc8ZvzZ9HbNWlJmJqBXnlblLchye6X0W96F9AsXmavON5q3mpFm31bzDfNwsmPm+wabHbGRjaWbrgg2tmTUhR9MkTGADaJYsFsQoWxRmD5tuszkguDvog3GTp4gV4LnZEQjI0N10qM1XSwKCoc8MbQYX6ml2+IovTDZFcTMrDSQ+ZZGcPLbM0iLx87iBxeaJbF4xfBS/5sRJPnxIvM1YACnerrzMhOd10PPj5vw4RLVoKNo/uiOqq0SpwVcvisrXM8TJ3Xw/GMAS46bscFn/yv2VdFslqXSzDixgRbv1XLuIeHKLuSwo5tKhmEuH4rx90gGJBqVqiUoOzt4Olkfi30hmNpaSkXVB8rAuSEbWfonvzZKZDaiksfZKAwZlGJIz5dKUtIjFNJQALKHpWGa7jvFtL/bBB0yUHI1VH+uMHUX5Udzj26UpQVvJhSwTKVyWLEUPlkaYXOBSo4K/5WX5TG7I+UMpFyMup9PhcoejgiSbUd1h2g5mEqpm75m/4/FRy0eXL3hrDimt3XDlmqyE56KDGzc8OF5T3LmPB9wzn17cWLJo3ty7o1lXTRn50Lqxa8c6zCZfXkS9qO9ZDUs9S6+ti884p9/qE9+sO2sQOVQQ0ArGFI9uPn/cWRczeTI++bFwDFeTj/xjDx7xT8Rz2RCqfCAVjhaOGkcrx52Ub1Bl5istxGIgcTzSLgEBRFvAIHsCooGYnbKeTbXM50A2sjmQNTYHMh+wl159NiWRn24qYW5Af398lGIkwcAI+wj3JPskd7O92X0HvUPYYrpXu9dn1Ju86nw6T5ivW2lcYmo13Wd8RNmtPmI0uozXGN+ngjl3umWx5UqLYCFsTUT7A2tUMzZrM57HjqDOroDFwv4xQqaNAWx6ZptC4su4jbGRJc+s5+st188l3cnMavkivpYvoDxDLEgIoP4bN8dQksYZ25E4y0UGctEbZ0xG4oyFyWjGZMTHSiRnB5ycj52cj52cj515B2QSlKtlKpvZZ7LKPpO51GFjN5yPHeIAf9nT3cIzxaZnGLdpWfofqewBwv5xDqYuOxljyAcZmdRaWaw1HcU/vtHh9taQFrSobyNfgrXMxnaz7s2MsZ9QtTPr+O/e6vrXsk82Pvx2cIf3ymkbHrz36vk3kHXuRw+QLKL+ltC1O+7yL1j41CuvP/kzlMwjkZcO495khSyyL36ZSkVTxFRmqjHpyh3lgfPoZHWiY1JgDp2ta1FmOZoD+4Ov6l6zH/J+YP/Acdz9mfeDrCPBZNAVDMZ8Va4qX51vSXBzUO5H80z9XINpuamO1ppGOs4OnKdONc0xfSB95DpNTpo14kRFF48pfpxaK6hOlHqejKrJiEfZEHpK2Xx++SifxYjVksnQmwnyORNENO2glWjWuLXZ2moVg3HGucE442WrjYlIKxezTMpYJcbnVg9PYyUY2DxazWweMfwFF4vWVGUpIt7MF9IKG+cGG59fG+cGW57MVWBZYyn75APyYTkpi4w/xsmCnM3XD5dncnZqXXGe4RuE7OM8480uG9/jkMH0GK4BdfbQZ5qWVnEFSeuMVaG6xHikijkrE16MQVBkwdKcciawUGKlOANVfMLZAjUgZBFhUMvTV762cv6rVzXfUryrM/Tblat+s/3S1Xdd8+vrvrlnKxE2TRhGzadHUtuLz//h2bdefJr9vzV1uG9no6RxInf8Ou4OQsBJpwhNuiZliqFFWKBbrLQY9E622aSH6mh8IqOyAgzzbW/qTjtO+cQBtsHeAYFhtjG+YYEJtkbvxMAM2yLfjMBqabXzFD3l0cBFLCa3e7yr2bXEJbgCls3aNo1qmugPqDLspQ+yVcJ3Oq7R8qnScEHfbEexgPvPCc4O7ozqisRXfLtyx/Fs8jbXcExsZlmrTGzDZiNvYkUp+YVlCRMx+YIY2hWJljH/Uba9BUnQxbbcRlaQqzQlTDU+6xrnAy1PjucVlmXmOrXqUxIg1GPeA3zeU7IiwGfcxWcf572i5+Ey1hTjp8ujGIc8cIrrs5wTcLpRA44d5XIBz3JLqwjbs9jMkya+ZZGlyzJiQYPSErA65BwXm3qSE+WblnDB3qIv9nzSdZw43n6NmMm3H6tt62Zd1/kWnWAcNHXjZQ+Qqe572kmQCMRICrre6fpaC+3YO5fcfM2IufexPceO7NCKp0M36RPPdijE4i329vfGvUu8dxjvND1g0vtMBaaEd79X9LJhjfuCZVl6k2C0BFTipDGHXRQkULc6iCNp52Noj4tpMwQfTLcxpTqIINCbCFv3+3cNGFTG/HgsECzbDMQbZ6vXGzfh6gUH12YLuDaby9YzFKX12C/Tp3pH+lTPtDNOfNjOFB92bH6Ua1v3eLyPk72QA6eICp5Y7FTPBceOyydRy+Wr7ljsWBNTd6vY4flYpRUHfsSauEOzSoos6VGf0RSbH6ySxU9iJFa4di2J4XpcVmoNl5eWl1WwYwfKaSamnaXOsLVt61a776pV5zb6B5VMrDlwQNhy3dIFZSPPs/1KHdk887pvL8SVN7xrgvAprrxsKCTPxJsNBp2jyBBxnGuodUhKljeryBB1FIUrDQMd5xhGOqbK9Ya5htPqP53mfuGi/KHhofnn5m8u2lYkD8wZ2Ke6aKRhZE5tn8k5k/vMk2flzOrTXNRa9Fb+xzlfhI/nW90uydlBd7YXBOwy34q1EB5Z2EbcCvvhIB5bOujlcU0XCFjU2tyAUXU5SyOlamaxqanDBCe+iuezyVQjHs9BN9HccXezu9UtFuGU0ClFXBq7uTR2d0tjN5fGbhdPw9lKSWOWS2LhlDR2M22VrRp3yujBl/jp+FzOOSssJAK5Qc5MQc5MQc5Mwbx9lgOWw5akRQxaqi3jUNPg8RYuqy18jVp8jFcsuax2S4DVbOGy2cJls8UbK1qRw8RzbOyZZbo0fUDVekpoLqL58j2FJ6NjR9mSPcp8dkJiprKlbjeqjFxHzMeFSlNS2l1eauXnz6i9h6i+cIehZMSKyzd4zGRV4m8nLvrL9Y9fcl/L37b9/tPb77v8su0PX7J6e71vQqRk9rSKxLWk6tBthFx3W+u38786sPohofAv+/e9+NSzT7FVux5AYP87j4PcvAdcuKSc7jKBHYq4Qh0Ry4VaYa9J5FFOt7fMrbcarQ5BR8AS0MkOg2rM7LnGzHQb2cwVsnE0RpR46cCypEL2K8TFN1xXnE2uUsDRwSZWYScTKxtehZ9MFB/LpzDTC59oxcEmmtsaDKxNisoWKUvfzWZAGetiEqBP2cCyhOuEiy5xbXMlXEmX6KIOPtUOPqUOPvmOCJcbcQ1bdYL9yDcEzLQscktZ2oh2Ou7m0oI3BvSsMSCmJcXpuItLCMrFA+Wn4LHOUeM9PRW3pbG0MQ2pk70ZIJYS1mxnxo25kthScsIsmeWIWTL6iUmPEgJQRMTWAooYEmNmOG6TcFrDVj71ktO6vv2K/at+V9e+csH466t0ezu/vKnp3js7p9O71l866YbLOx9D6bCB/W+EOK8CyOT+uJeqKaMhP1VxlNW0TeHbzCEyRegyhMi2tixuiTNwuyNHiaPMET/uzKjSKUKXIfDjzngWo1BdZIZKjhJHmSNJLdh0zYzQZQhe82BuVxrIhn+cslnZpiSU/cph5YQigxJUliitytZ01BElqahBBfV3WaSCIglshvvyWq8gIOkkUZXkiA7EreI2MSHuF4+I0n7xhEhBDIkHMSSKjIfZ9Ivd0y/y6RdVVr/INwoxs1GIGQMIb6fKWEEcq/93JliGOwHbEaqPxfhezBxb6Mt6WqF6P/byUqeA872hvb1d/OzAgW+cYvSbt9gqxdkUvsLZNNBnd6fsv91GOH2GENnGNoBPLed4iaMuTXOFQpoqTVMEi+kfulOSoBhZj6WUpkyZbE4RSoYQmD1FYx9OES5WqU0K2XPKsLoTu2z5ZQpTqdC36XhEDo+IX40xkijqRKlCGSXqIlJftV69WFipviW8L8n3SSQsReWIvlIapFSbxpkaxAapXm5QLhfX6G5XnpVeFl+XjkqfyP+SvtY7baqqEwSRSpKsKHoMKHp9RJYcsiwJohjRqQ6dTlVxukU9wanUSbIeFyuoYgexxBWdyI08uXoWqg3x0xi3Dsi+zajMGfggGriAMPAhMkSA8kjKIymPpBFCUK+ohnG4pHDa4wO4aNC4IqFxAcE5BGxcQPAjHvCzJniNpndzRl3Yc2PADWCMllYXmClz6SlmysRDHUoEZi9DZqmyuivX6/rFxMu1p9H3xMxIyJq+Sl8lcEybkU11CgkqVwtU8ZisZSgqljYgc41orI+rSlFWpaLPyqqS2JVPViV6r7aFuLczp5I3pAGPAngggPRPmaXk/racSrZs2lzMe6dNq5RSHg8ZubfTkPo4xo+ZrCrbIZHoHS6szeGo4oBfnWrzsI8/3+lPZSdNDSmbyRkDLNbLxBopJSRMZGR38uAnXfPJvne67rpSt/fbx0mia1XnbBq8pOt85P2rcAFUMElGxsRNPeVYL9mVsof2lFS9pBMzn/WWRb3kD9tZcK1waaNjimXFoDLul5Wn/P4DUn5uhPvxCG6TFl1Qt1V3WCeOQzihE4K6JbpWXVIn4r6iUiG11bCS+JbjRD1vK5D9cIL9A5Mz+85XZ/adrB77ToqtUhqqPq2eZsyuyWTGEJsWPzBW7C1+mPxhxi0mgbh2sey70oZNwVXtur2nR6b1ACmK2mSYvrcH7GmRomVkiy1DWDNEVmb4AhnCnyF8GSIrZUFM52GEP0P4MoQxdanGr4hShDlDWDKEPaM/ahnCliGsGcKeUUO0DGHLENYMYWKSjQ2hPkOg0PprfIzBVBYRj4pHlXfdH4R0r+lOhahbHworHn9IEYRwdkByMsVPJlLY59XUgxGyObItQiNut88c2WwlVpGbDzzcdMDtrNx84GATaWVC1M0m00q5EcHIjQjcwmpNqaq9TAmkKZ7t4QdJD5dGHs6snshmP/HzCvzdFfh5BX5mxrKyCvxcS/Fza5OfCSuuLvmNrCp/xpjrZzUUAC0N8+LDXNiFubALR8hBIMy0RoPARJ7ARV7Wd0Qet7uCK60TfZs5PZ2MO7hylGJJc0oK5kU6yOpdOaN6a8h8f0ydZbUekVxr7qEvdY6tban5cOkyYAcr3EtRemrsepltqBnVyeiwRx1Gq5/YTM6M6pQ58/7QRous7+Q3PW4GKc2KH7566lh3ldw3f9WtwSue//WDu8KNQ5f8sr1+9rlrB4vRm8dOn1m/d8fuznz6q4XTB998b+ettG316vFbft75Zlqj/hBXkovsjNt1gmSn27UO7X3hI/sJ4ZRdEtk+mYsst0Yjt2kHPUc8SY8Y0jvMDpcNNWoiuUyqyWw0Z5jWnFlx5vStGlJ5Hq5Fe7hGbeC6tIHr0oZuXdrAxYghl+dgX3Jd2sB1aQO7P+LMYeC6tIHp2nzvMnB13UDwzzDWw8RWEdOrPSc8dIlnmyfh2e8RPQItdbo437g4D7k497i4vDvVbrWmL56/V51W/02dtvZQp8W0dNsft/27ej7WrZ3qeX2XUrBPchW7VwI+jIn45RNyzLEzOrZLsiqqXpVVQdKiVsnsJxbVlmaYwrXsAIZMyRkjbbrvwRXr7155qPmu8ZraXrhg9PL7xeitO2qXjCm5vHM5veaiRcNuerHzcWYLq0l+LObjzJvAS/btdnpYf+zsdoqfF5kgaGGUlyfYZNVrHCWN1k+VGvRzpHl6fZk22DbYVe6p1epsda5aT6OuUZmoNdmaXBM9i3SLlNnaItsi12zPxcSpSDrT+cJk3WT1fONCoUXXoi40qu6AKFtRUDkyHOPIWEEd7PBk54ehPD8/Y/s568jsNM3P2DK3daat+Uy148YoRnDFkRFspuSUIY0T++PmvEhZf5mArMkhWZAZl/HbYHnAYZRWLMciZiZD2szZxWxM3XFxbs4Do5mZZmxcsPDLBAhw7uCGsLT84NISXJw/4lgdE0wUuAkNeGlMGCEO8DFTGd8Am3pxgrY01oRqVlNv/uAmdNwYmU2UaTLKJN0kZaZupiIydYXlsmsVyAiQuvqFnkfvmns3PvM34rr0s2sPdx3b07b+mrZd69a3UTvJv2FV17udL332M5JNTC++8OJfnnnheWzs+q55Yg5yhQ2yyS3xFUatr3aWVqeJ1aFEiAZDfYzhrBJnSdbwrCWhzSH9YPdg/znuc/wN+vONje5G/3z9AuM8bZF7gX9/6BXHIc8h3yvZRx1Hs4+EkiFXWIxpMWe5OFgbKZ6jTdM+MHyW1aUZrGbBFQiw/coVMBvA7M0whDfDEF7GEEE2it68gyrR1LjarLaqYoizRYizCB4IPowbGHOonnT4dOak8AXnD35kYGyhMt4uZ5OkriD2UlqaNoOnDOApY3gEYD8q02QbSZATRAySajKOCIQfMpmAIHyHIXyHIZwPCbeEEyZU+L0Ly8qP34Rf3aLAZzcw3uCoCg/paSVNbS7c1HLy6BkTTOqCBRWiY1wupK3imBeW2jP7gcvpoMzUkm8Vesz4+nsH3zR3w8H5Kw9fOu3Gftb7Vq1+6P4Vy3d2zdM9sWnChOuSt93T9c215w7u/Ea496WnX3jtheffYBrVOhQJz+K8W+Gd+JhiO9FEEhbLxBHiJPFCcYUoKVa9oldMdqtiAkFPDHzCQFUKNuuJPjdkJ3aaa+UjaOWjaeXjaP1hC0a3JvlV3NpD5Ep8UfXap1NGDKnHaWWsbdTT32fEOKo1nVzGfsfEhqzSyq9BKytBe269+fKn2QAuI02Z3TRlwJRRXq67e+i86vMvGDp8+JALHNli9K6lowffnz+qunlZ56vY5urkx8JOHJn+Au6QKRNvStnxcizIcGl+hohmiEiGyMsQ4QyRmyFyMkSIdfVKbo3IdeQOVs5RavKm5rbkXqbcoFydd5/9oaInBZPi9nnc/euKXnfr/HQKpVoJUT2N+kalUW00NBobTfP185X56nzDfON8U3u0Pd/CfiqS12dg3jS1wTA7OrtgRXhFXmveL9Q7jTcV3Fp0c/971QeM9+TfW7Ar+kzUVZDRNHMzRDhD5GWIdH+lTBekTKekTDclpkq/E7dlV07T50eMqugLRZ2ioV+Wjxljc71F/CrLW+0d553u3eE94JUs3qB3sfewVwx6b/RS7xPIAU7+v3gT5B0Hy66ROKEaOYhnZ6IR9mPE/bscrjJ+e6KZrWWE9GvMWphFswJOWUz9RoDbRz7M2EA+jNsZG4mBfoagj/jyvHG7p6yEfV7OrfCeFLJV7XUxTvSG2JfeEPvKy8/iXn7PwVJx7vfS80FOfrmbWzDyCrGgRwKVBwtJIauTfV/ItlJWKCfY94XMJMOKKGS/PmClFPp4C3LyC8uaS/aX0OqS1hJawi6C8sCTUmE5v4dSg085k/AecW4JsraFOBeG8ixcCll42y0hbv9lKkuUNcFi5tbflCVY4qeV3MMZQ4F3QPrepmnpmJM9dh0U1rFjy8ZmfoYQiy1ltzc9FN5j7G4X/epjS/mPENi5jf22iXmpnyGkf4WA+kw8v292WOcoilo1m2bXBCnXFPKDUiD7ia4vQrYDgznmsB9ywyajvo/qJwX5iirFRD8EtSym+cSY0SEFXFUujK1duxZ6iFFmrWo6E8Ey2StcKcGYH83vR8vLBlZ85ydT+GbT1MYZrW6zbLz0stXlkV88e/u4YYMKfz7p8iemWRPG5fMum+9yFfuv3nfr1HnPXn7gTXJWYMGylpqzwp5Iydlrx45aUxCMjb50jmdi48SKcCDLruaVDruscdrW837LZGte8ktaqLsd3CS4B4zpY6Ihc17UZwg5Q0gZQmVsHo4ya9X++CQkWr0EiNGkEgFcmhKzqLhnCgaLlgu5xNRrG1NT25iRJGV9rVLbLC+RW+XNsgio/GyTE/J++aAsyWxvZGJYTu2NnPiS/0JGTmn0aYJf/KXU5JRaxbZaZqJLa1cppVHeS+eDhwzceeG/ne5xYzuWtjIfPVnFb3s7q9imZi0t1Z5jR/501og7dePLLpqsFVZ2ueRgM0g137lVMxcWXX31rkcesccKsu/aqg1tuZvOuo7IC7uuv67zF2OKfMz6grL6CPsf/clVe8DHrkOd7jIasrvKLKzRXpujLGYneXq7y0jsLgNuYFYcPyh1Zc4vrozy4eo+v7giHjc7aPj4KcbNzy9uG7/k6f6VkptvXu7uk4vbkb7uSd8CuPmx1s1OLiY2ZEk32e8m7rE+NrH57NDiO+GjS3zbfAlf0ieyH5uwOwo+lUZj+nKieyNVCCgh5aByRBGVzEaqdG+k6XsJld9GsBr5/qnwU4vCLwGUsd5eBpi0pf+7x5PUpsrmq7oqtZnyxewTNbPJYqKSrJf0Oj0eUUSjH0x6qx/YAaWwcC2qKvhl+v4+H+ez1IpLzcV/voi0UH3ZaxfcM04ztBusF02YcMOQ9jvbRy8aV76c3tS56/oBoyZMunEDrfzmLZxRH7vxwRlV6cA9oE/9uGH4lJTtE1IClS+hT1NGMepKG8lOZtbWiThfClTr8asht04Pql4ikgo6Ra8jVJfHmF9XHDv0knboJeRKpkOw3vofLdcRyLVWqmxLM1krFTz3lukZUKx0F/ok7avMOqNk55RBAQJXMpXcSBm4EDD0VvyKgn5lEEKwGPtAgRJVK6FcHQ2j1KlkKm3Q1ysXkgvpPP08ZTVcTC6ma/SrlYvV9WQ9vUbYKG/Qb1J+BbcpP1d/C3erT8Cj8k71OXhGfQteUz+H99Vv4KRahN1RPeBSCyCqVqjjIK4qurjNVabDwSlL22IV7A/rOjB9OG5h/KAC3xnYWLA4rqmyUeGxVKczGtivzA7FcGzQvRR7KQbF1dWcG/zxClXW6yOK6lAUFQRKUeNzEIINUVE71OspJZKsKgIQXbGRGHP18XhcaVWo0kH8j8R1rTqqQyquhGic5Bo+fZmx5TGft7Ops8nnOXa0KfXDgMpum7OVG5zXX/70+n4e5rHfzaZ/4XbmgaaGbmtKDim1u9wDK+ylhPyua+Hvj0aCntjne7ouEqOdV89ZPHkV3ZC6tcjpmiB8gZzmowtwZ/WkLuNSv5bikoGjRUwb607Gi1OHRG6q42hM5UgdGzmaUkvXmDECxrklOLWs06yYpTosgkEIeC02ySDZ4zZLyBA3hixcH7F4i2O+Qz7PSz6vxjyu2fIt1b/LEmA/HnsnvihQWeCYatmhCnFT3EItoYL+ZRoD2ajYXCaPLd+Qb8w3DTQONJWbb7caCmwF9tGuBluDvcE5zzbPPs+5RlplWmO9xHGJc51pk/U623X2jY7b1O2Gx7XHrHsdn6ofOf5p6tS+diQD2bY0E7nshoBftNRYrrYIFm9381Oad+o33pWVyBsWi1Gz2mzIGF6H3R6xqQ4MWIwWqzFiUFGxU+3s560GiRUAAS1AiwP7AjTQQasfseBYxB0ddHLcUG2L2+h02z4btXWQ4bstJBdq/SpL4qMVDxn7G8cZhfHGpJEaMceuYvbDOlrd7g9dhlsRDl7nUtRukJ+QPObRTh71akfxgOXzaMc4BR62JTEGY8yl73mbAdiT9Watqkr/dF3CPKku4Zkwrf4x3MU/BkPyYzJoUEP6KmMPOJLv7K6oVHMrKs24+B9xVlpznfxWoYEJVUAWxeN6rNcDMXt+6g4d3zOMiscSlJxXOoYUVY12W6M6Q9eiJw/FcoOx99u7Fg7L63/Z1LKuOQ9oBXn+BZYssaDz9pVrL1tFF3zzpx3DGyYBwP8BYc0XxAplbmRzdHJlYW0KZW5kb2JqCjI5IDAgb2JqCjw8L1R5cGUgL0ZvbnREZXNjcmlwdG9yCi9Gb250TmFtZSAvREFBQUFBK0FyaWFsTVQKL0ZsYWdzIDQKL0FzY2VudCA5MDUuMjczNDQKL0Rlc2NlbnQgLTIxMS45MTQwNgovU3RlbVYgNDUuODk4NDM4Ci9DYXBIZWlnaHQgNzE1LjgyMDMxCi9JdGFsaWNBbmdsZSAwCi9Gb250QkJveCBbLTY2NC41NTA3OCAtMzI0LjcwNzAzIDIwMDAgMTAwNS44NTkzOF0KL0ZvbnRGaWxlMiAyOCAwIFI+PgplbmRvYmoKMzAgMCBvYmoKPDwvVHlwZSAvRm9udAovRm9udERlc2NyaXB0b3IgMjkgMCBSCi9CYXNlRm9udCAvREFBQUFBK0FyaWFsTVQKL1N1YnR5cGUgL0NJREZvbnRUeXBlMgovQ0lEVG9HSURNYXAgL0lkZW50aXR5Ci9DSURTeXN0ZW1JbmZvIDw8L1JlZ2lzdHJ5IChBZG9iZSkKL09yZGVyaW5nIChJZGVudGl0eSkKL1N1cHBsZW1lbnQgMD4+Ci9XIFswIFs3NTAgMCAwIDI3Ny44MzIwM10gMzggWzcyMi4xNjc5NyAwIDAgNjEwLjgzOTg0XSA0NyBbNTU2LjE1MjM0XSA1NCBbNjY2Ljk5MjE5IDYxMC44Mzk4NF0gNjggWzU1Ni4xNTIzNCAwIDUwMCA1NTYuMTUyMzQgNTU2LjE1MjM0IDI3Ny44MzIwMyA1NTYuMTUyMzQgNTU2LjE1MjM0IDIyMi4xNjc5NyAwIDUwMCAyMjIuMTY3OTcgODMzLjAwNzgxXSA4MSA4MyA1NTYuMTUyMzQgODUgWzMzMy4wMDc4MSA1MDAgMjc3LjgzMjAzIDU1Ni4xNTIzNCA1MDAgMCAwIDUwMF1dCi9EVyAwPj4KZW5kb2JqCjMxIDAgb2JqCjw8L0ZpbHRlciAvRmxhdGVEZWNvZGUKL0xlbmd0aCAyOTM+PiBzdHJlYW0KeJxdkclugzAQhu9+ijmmh4g1RJEQUksbiUMXleYBHHtILRVjGefA29eMgUq1hNE3yz/jmahunhutHEQfdhAtOuiUlhbH4W4FwhVvSrMkBamEW4hu0XPDIp/cTqPDvtHdwMoSIPr03tHZCXaPcrjiA4verUSr9A12l7r13N6N+cEetYOYVRVI7LzSKzdvvEeIKG3fSO9Xbtr7nL+Ir8kgpMRJ6EYMEkfDBVqub8jK2J8KyrM/FUMt//mLkHXtxDe3FJ356DhO42qmtCDKs0CnQEWgc6CaKM+JioToUBMdT1RzUc/XWltrWZDPjvQ7hCp5seqS4GJ8WUPI+BSqHIIxtHVMl2JBfn7rvJNtkOJurZ8hLY6GN49Nadx2awYzZ83fL0mXlqsKZW5kc3RyZWFtCmVuZG9iago4IDAgb2JqCjw8L1R5cGUgL0ZvbnQKL1N1YnR5cGUgL1R5cGUwCi9CYXNlRm9udCAvREFBQUFBK0FyaWFsTVQKL0VuY29kaW5nIC9JZGVudGl0eS1ICi9EZXNjZW5kYW50Rm9udHMgWzMwIDAgUl0KL1RvVW5pY29kZSAzMSAwIFI+PgplbmRvYmoKeHJlZgowIDMyCjAwMDAwMDAwMDAgNjU1MzUgZiAKMDAwMDAwMDAxNSAwMDAwMCBuIAowMDAwMDc2MTUzIDAwMDAwIG4gCjAwMDAwMDAxMjYgMDAwMDAgbiAKMDAwMDA4ODkxNiAwMDAwMCBuIAowMDAwMDk2NTQwIDAwMDAwIG4gCjAwMDAwMDAxNjMgMDAwMDAgbiAKMDAwMDExMTg2OSAwMDAwMCBuIAowMDAwMTI5MTIyIDAwMDAwIG4gCjAwMDAwMDAyNDkgMDAwMDAgbiAKMDAwMDA2MTU2OCAwMDAwMCBuIAowMDAwMDcxNDU0IDAwMDAwIG4gCjAwMDAwNzY0MjcgMDAwMDAgbiAKMDAwMDA3NDkyOCAwMDAwMCBuIAowMDAwMDc2NjkyIDAwMDAwIG4gCjAwMDAwNzY3NTUgMDAwMDAgbiAKMDAwMDA3NjgwNCAwMDAwMCBuIAowMDAwMDg3NjE3IDAwMDAwIG4gCjAwMDAwODc4NTkgMDAwMDAgbiAKMDAwMDA4ODUwMiAwMDAwMCBuIAowMDAwMDg5MDYwIDAwMDAwIG4gCjAwMDAwOTU0NzAgMDAwMDAgbiAKMDAwMDA5NTcyMSAwMDAwMCBuIAowMDAwMDk2MTYzIDAwMDAwIG4gCjAwMDAwOTY2ODYgMDAwMDAgbiAKMDAwMDExMDUzMiAwMDAwMCBuIAowMDAwMTEwNzcyIDAwMDAwIG4gCjAwMDAxMTE0NjEgMDAwMDAgbiAKMDAwMDExMjAwOCAwMDAwMCBuIAowMDAwMTI4MDQ3IDAwMDAwIG4gCjAwMDAxMjgyODMgMDAwMDAgbiAKMDAwMDEyODc1OCAwMDAwMCBuIAp0cmFpbGVyCjw8L1NpemUgMzIKL1Jvb3QgMTUgMCBSCi9JbmZvIDEgMCBSPj4Kc3RhcnR4cmVmCjEyOTI2MQolJUVPRg==", "doc_ref": "GUJYMSKK6O", "childreen": null, "presenters": "testedtested", "guests": "tested", "permission": [2]}}, {"model": "meeting_management.agendaitem", "pk": 7, "fields": {"parent_meeting": 2, "parent_item": null, "agenda_name": "new sectuio", "agenda_description": "", "agenda_document": "", "doc_ref": "GUJYMSKK6O", "childreen": null, "presenters": "", "guests": "", "permission": []}}, {"model": "meeting_management.agendaitem", "pk": 8, "fields": {"parent_meeting": 2, "parent_item": 7, "agenda_name": "Noted", "agenda_description": "", "agenda_document": "", "doc_ref": "GUJYMSKK6O", "childreen": null, "presenters": "", "guests": "", "permission": []}}]